invoice_id,branch,city,category,unit_price,quantity,date,time,payment_method,rating,profit_margin,total,profit
1,WALM003,San Antonio,Health and beauty,74.69,7,05/01/19,13:08:00,Ewallet,9.1,0.48,522.83,250.96
2,WALM048,Harlingen,Electronic accessories,15.28,5,08/03/19,10:29:00,Cash,9.6,0.48,76.4,36.67
3,WALM067,Haltom City,Home and lifestyle,46.33,7,03/03/19,13:23:00,Credit card,7.4,0.33,324.31,107.02
4,WALM064,Bedford,Health and beauty,58.22,8,27/01/19,20:33:00,Ewallet,8.4,0.33,465.76,153.7
5,WALM013,Irving,Sports and travel,86.31,7,08/02/19,10:37:00,Ewallet,5.3,0.48,604.17,290.0
6,WALM026,Denton,Electronic accessories,85.39,7,25/03/19,18:30:00,Ewallet,4.1,0.48,597.73,286.91
7,WALM088,Cleburne,Electronic accessories,68.84,6,25/02/19,14:36:00,Ewallet,5.8,0.33,413.04,136.3
8,WALM100,Canyon,Home and lifestyle,73.56,10,24/02/19,11:38:00,Ewallet,8.0,0.18,735.6,132.41
9,WALM066,Grapevine,Health and beauty,36.26,2,10/01/19,17:15:00,Credit card,7.2,0.33,72.52,23.93
10,WALM065,Texas City,Food and beverages,54.84,3,20/02/19,13:27:00,Credit card,5.9,0.33,164.52,54.29
11,WALM013,Irving,Fashion accessories,14.48,4,06/02/19,18:07:00,Ewallet,4.5,0.48,57.92,27.8
12,WALM035,San Angelo,Electronic accessories,25.51,4,09/03/19,17:03:00,Cash,6.8,0.48,102.04,48.98
13,WALM027,Abilene,Electronic accessories,46.95,5,12/02/19,10:25:00,Ewallet,7.1,0.48,234.75,112.68
14,WALM035,San Angelo,Food and beverages,43.19,10,07/02/19,16:48:00,Ewallet,8.2,0.48,431.9,207.31
15,WALM031,Lewisville,Health and beauty,71.38,10,29/03/19,19:21:00,Cash,5.7,0.48,713.8,342.62
16,WALM008,Corpus Christi,Sports and travel,93.72,6,15/01/19,16:19:00,Cash,4.5,0.48,562.32,269.91
17,WALM029,Round Rock,Health and beauty,68.93,7,11/03/19,11:03:00,Credit card,4.6,0.48,482.51,231.6
18,WALM061,Cedar Park,Sports and travel,72.61,6,01/01/19,10:39:00,Credit card,6.9,0.33,435.66,143.77
19,WALM053,Conroe,Food and beverages,54.67,3,21/01/19,18:00:00,Credit card,8.6,0.57,164.01,93.49
20,WALM013,Irving,Home and lifestyle,40.3,2,11/03/19,15:30:00,Ewallet,4.4,0.48,80.6,38.69
21,WALM044,Pharr,Electronic accessories,86.04,5,25/02/19,11:24:00,Ewallet,4.8,0.48,430.2,206.5
22,WALM088,Cleburne,Health and beauty,87.98,3,05/03/19,10:40:00,Ewallet,5.1,0.33,263.94,87.1
23,WALM083,Farmers Branch,Home and lifestyle,33.2,2,15/03/19,12:20:00,Credit card,4.4,0.33,66.4,21.91
24,WALM067,Haltom City,Electronic accessories,34.56,5,17/02/19,11:15:00,Ewallet,9.9,0.33,172.8,57.02
25,WALM023,Midland,Sports and travel,88.63,3,02/03/19,17:36:00,Ewallet,6.0,0.48,265.89,127.63
26,WALM001,Houston,Home and lifestyle,52.59,8,22/03/19,19:20:00,Credit card,8.5,0.36,420.72,151.46
27,WALM072,Lancaster,Fashion accessories,33.52,1,08/02/19,15:31:00,Cash,6.7,0.33,33.52,11.06
28,WALM046,Temple,Fashion accessories,87.67,2,10/03/19,12:17:00,Credit card,7.7,0.48,175.34,84.16
29,WALM012,Garland,Food and beverages,88.36,5,25/01/19,19:48:00,Cash,9.6,0.48,441.8,212.06
30,WALM075,San Marcos,Health and beauty,24.89,9,15/03/19,15:36:00,Cash,7.4,0.33,224.01,73.92
31,WALM076,Huntsville,Fashion accessories,94.13,5,25/02/19,19:39:00,Credit card,4.8,0.33,470.65,155.31
32,WALM098,Mineral Wells,Sports and travel,78.07,9,28/01/19,12:43:00,Cash,4.5,0.18,702.63,126.47
33,WALM021,McAllen,Sports and travel,83.78,8,10/01/19,14:49:00,Cash,5.1,0.48,670.24,321.72
34,WALM096,Eagle Pass,Health and beauty,96.58,2,15/03/19,10:12:00,Credit card,5.1,0.18,193.16,34.77
35,WALM022,Mesquite,Food and beverages,99.42,4,06/02/19,10:42:00,Ewallet,7.5,0.48,397.68,190.89
36,WALM095,Big Spring,Sports and travel,68.12,1,07/01/19,12:28:00,Ewallet,6.8,0.33,68.12,22.48
37,WALM041,Mission,Sports and travel,62.62,5,10/03/19,19:15:00,Ewallet,7.0,0.48,313.1,150.29
38,WALM070,Hurst,Electronic accessories,60.88,9,15/01/19,17:17:00,Ewallet,4.7,0.33,547.92,180.81
39,WALM070,Hurst,Health and beauty,54.92,8,23/03/19,13:24:00,Ewallet,7.6,0.33,439.36,144.99
40,WALM030,Richardson,Home and lifestyle,30.12,8,03/03/19,13:01:00,Cash,7.7,0.48,240.96,115.66
41,WALM033,Pearland,Home and lifestyle,86.72,1,17/01/19,18:45:00,Ewallet,7.9,0.48,86.72,41.63
42,WALM088,Cleburne,Home and lifestyle,56.11,2,02/02/19,10:11:00,Cash,6.3,0.33,112.22,37.03
43,WALM079,La Porte,Sports and travel,69.12,6,08/02/19,13:03:00,Cash,5.6,0.33,414.72,136.86
44,WALM042,Bryan,Food and beverages,98.7,8,04/03/19,20:39:00,Cash,7.6,0.48,789.6,379.01
45,WALM036,Allen,Health and beauty,15.37,2,16/03/19,19:47:00,Cash,7.2,0.48,30.74,14.76
46,WALM056,Rowlett,Electronic accessories,93.96,4,09/03/19,18:00:00,Cash,9.5,0.33,375.84,124.03
47,WALM058,Port Arthur,Health and beauty,56.69,9,27/02/19,17:24:00,Credit card,8.4,0.33,510.21,168.37
48,WALM015,Grand Prairie,Food and beverages,20.01,9,06/02/19,15:47:00,Ewallet,4.1,0.48,180.09,86.44
49,WALM063,Georgetown,Electronic accessories,18.93,6,10/02/19,12:45:00,Credit card,8.1,0.33,113.58,37.48
50,WALM021,McAllen,Fashion accessories,82.63,10,19/03/19,17:08:00,Ewallet,7.9,0.48,826.3,396.62
51,WALM089,Southlake,Food and beverages,91.4,7,03/02/19,10:19:00,Cash,9.5,0.33,639.8,211.13
52,WALM093,Angleton,Food and beverages,44.59,5,10/02/19,15:10:00,Cash,8.5,0.33,222.95,73.57
53,WALM041,Mission,Fashion accessories,17.87,4,22/03/19,14:42:00,Ewallet,6.5,0.48,71.48,34.31
54,WALM045,Missouri City,Fashion accessories,15.43,1,25/01/19,15:46:00,Credit card,6.1,0.48,15.43,7.41
55,WALM005,Fort Worth,Home and lifestyle,16.16,2,07/03/19,11:49:00,Ewallet,6.5,0.48,32.32,15.51
56,WALM042,Bryan,Electronic accessories,85.98,8,28/02/19,19:01:00,Cash,8.2,0.48,687.84,330.16
57,WALM003,San Antonio,Home and lifestyle,44.34,2,27/03/19,11:26:00,Cash,5.8,0.36,88.68,31.92
58,WALM070,Hurst,Health and beauty,89.6,8,07/02/19,11:28:00,Ewallet,6.6,0.33,716.8,236.54
59,WALM066,Grapevine,Home and lifestyle,72.35,10,20/01/19,15:55:00,Cash,5.4,0.33,723.5,238.76
60,WALM031,Lewisville,Electronic accessories,30.61,6,12/03/19,20:36:00,Cash,9.3,0.48,183.66,88.16
61,WALM042,Bryan,Sports and travel,24.74,3,15/02/19,17:47:00,Credit card,10.0,0.48,74.22,35.63
62,WALM078,Del Rio,Home and lifestyle,55.73,6,24/02/19,10:55:00,Ewallet,7.0,0.33,334.38,110.35
63,WALM037,League City,Sports and travel,55.07,9,03/02/19,13:40:00,Ewallet,10.0,0.48,495.63,237.9
64,WALM069,Rockwall,Sports and travel,15.81,10,06/03/19,12:27:00,Credit card,8.6,0.33,158.1,52.17
65,WALM087,Waxahachie,Health and beauty,75.74,4,14/02/19,14:35:00,Cash,7.6,0.33,302.96,99.98
66,WALM042,Bryan,Health and beauty,15.87,10,13/03/19,16:40:00,Cash,5.8,0.48,158.7,76.18
67,WALM020,Killeen,Health and beauty,33.47,2,10/02/19,15:43:00,Ewallet,6.7,0.48,66.94,32.13
68,WALM029,Round Rock,Fashion accessories,97.61,6,07/01/19,15:01:00,Ewallet,9.9,0.48,585.66,281.12
69,WALM079,La Porte,Sports and travel,78.77,10,24/01/19,10:04:00,Cash,6.4,0.33,787.7,259.94
70,WALM035,San Angelo,Health and beauty,18.33,1,02/02/19,18:50:00,Cash,4.3,0.48,18.33,8.8
71,WALM007,Arlington,Food and beverages,89.48,10,06/01/19,12:46:00,Credit card,9.6,0.48,894.8,429.5
72,WALM017,McKinney,Fashion accessories,62.12,10,11/02/19,16:19:00,Cash,5.9,0.48,621.2,298.18
73,WALM096,Eagle Pass,Food and beverages,48.52,3,05/03/19,18:17:00,Ewallet,4.0,0.18,145.56,26.2
74,WALM083,Farmers Branch,Electronic accessories,75.91,6,09/03/19,18:21:00,Cash,8.7,0.33,455.46,150.3
75,WALM072,Lancaster,Home and lifestyle,74.67,9,22/01/19,10:55:00,Ewallet,9.4,0.33,672.03,221.77
76,WALM003,San Antonio,Electronic accessories,41.65,10,13/01/19,17:04:00,Credit card,5.4,0.48,416.5,199.92
77,WALM058,Port Arthur,Fashion accessories,49.04,9,09/01/19,14:20:00,Credit card,8.6,0.33,441.36,145.65
78,WALM094,Alamo,Fashion accessories,20.01,9,12/01/19,15:48:00,Credit card,5.7,0.33,180.09,59.43
79,WALM063,Georgetown,Food and beverages,78.31,10,05/03/19,16:24:00,Ewallet,6.6,0.33,783.1,258.42
80,WALM071,Lufkin,Health and beauty,20.38,5,22/01/19,18:56:00,Cash,6.0,0.33,101.9,33.63
81,WALM061,Cedar Park,Health and beauty,99.19,6,21/01/19,14:42:00,Credit card,5.5,0.33,595.14,196.4
82,WALM090,Brownwood,Food and beverages,96.68,3,26/01/19,19:56:00,Ewallet,6.4,0.33,290.04,95.71
83,WALM061,Cedar Park,Food and beverages,19.25,8,23/01/19,18:37:00,Ewallet,6.6,0.33,154.0,50.82
84,WALM041,Mission,Food and beverages,80.36,4,23/02/19,18:45:00,Ewallet,8.3,0.48,321.44,154.29
85,WALM097,Alice,Sports and travel,48.91,5,09/03/19,10:17:00,Cash,6.6,0.18,244.55,44.02
86,WALM043,Baytown,Sports and travel,83.06,7,05/03/19,14:31:00,Ewallet,4.0,0.48,581.42,279.08
87,WALM042,Bryan,Fashion accessories,76.52,5,25/03/19,10:23:00,Cash,9.9,0.48,382.6,183.65
88,WALM046,Temple,Food and beverages,49.38,7,27/03/19,20:35:00,Credit card,7.3,0.48,345.66,165.92
89,WALM011,Lubbock,Sports and travel,42.47,1,02/01/19,16:57:00,Cash,5.7,0.48,42.47,20.39
90,WALM064,Bedford,Health and beauty,76.99,6,27/02/19,17:55:00,Cash,6.1,0.33,461.94,152.44
91,WALM095,Big Spring,Home and lifestyle,47.38,4,23/01/19,10:25:00,Cash,7.1,0.33,189.52,62.54
92,WALM049,North Richland Hills,Sports and travel,44.86,10,26/01/19,19:54:00,Ewallet,8.2,0.48,448.6,215.33
93,WALM040,Edinburg,Sports and travel,21.98,7,10/01/19,16:42:00,Ewallet,5.1,0.48,153.86,73.85
94,WALM065,Texas City,Health and beauty,64.36,9,12/03/19,12:09:00,Credit card,8.6,0.33,579.24,191.15
95,WALM075,San Marcos,Health and beauty,89.75,1,06/02/19,20:05:00,Credit card,6.6,0.33,89.75,29.62
96,WALM034,College Station,Electronic accessories,97.16,1,08/03/19,20:38:00,Ewallet,7.2,0.48,97.16,46.64
97,WALM014,Amarillo,Health and beauty,87.87,10,29/03/19,10:25:00,Ewallet,5.1,0.48,878.7,421.78
98,WALM096,Eagle Pass,Electronic accessories,12.45,6,09/02/19,13:11:00,Cash,4.1,0.18,74.7,13.45
99,WALM004,Austin,Food and beverages,52.75,3,23/03/19,10:16:00,Ewallet,9.3,0.48,158.25,75.96
100,WALM011,Lubbock,Home and lifestyle,82.7,6,05/03/19,18:14:00,Cash,7.4,0.48,496.2,238.18
101,WALM075,San Marcos,Fashion accessories,48.71,1,26/03/19,19:20:00,Cash,4.1,0.33,48.71,16.07
102,WALM057,Euless,Fashion accessories,78.55,9,01/03/19,13:22:00,Cash,7.2,0.33,706.95,233.29
103,WALM023,Midland,Electronic accessories,23.07,9,01/02/19,11:27:00,Cash,4.9,0.48,207.63,99.66
104,WALM012,Garland,Food and beverages,58.26,6,28/03/19,16:44:00,Cash,9.9,0.48,349.56,167.79
105,WALM078,Del Rio,Health and beauty,30.35,7,19/03/19,18:19:00,Cash,8.0,0.33,212.45,70.11
106,WALM055,Waxahachie,Electronic accessories,88.67,10,12/01/19,14:50:00,Ewallet,7.3,0.33,886.7,292.61
107,WALM038,Sugar Land,Fashion accessories,27.38,6,05/01/19,20:54:00,Credit card,7.9,0.48,164.28,78.85
108,WALM049,North Richland Hills,Sports and travel,62.13,6,22/03/19,20:19:00,Cash,7.4,0.48,372.78,178.93
109,WALM044,Pharr,Food and beverages,33.98,9,24/03/19,10:43:00,Cash,4.2,0.48,305.82,146.79
110,WALM056,Rowlett,Electronic accessories,81.97,10,03/03/19,14:30:00,Cash,9.2,0.33,819.7,270.5
111,WALM007,Arlington,Sports and travel,16.49,2,05/02/19,11:32:00,Ewallet,4.6,0.48,32.98,15.83
112,WALM025,Waco,Health and beauty,98.21,3,05/02/19,10:41:00,Credit card,7.8,0.48,294.63,141.42
113,WALM005,Fort Worth,Fashion accessories,72.84,7,15/02/19,12:44:00,Cash,8.4,0.48,509.88,244.74
114,WALM024,Carrollton,Home and lifestyle,58.07,9,19/01/19,20:07:00,Ewallet,4.3,0.48,522.63,250.86
115,WALM003,San Antonio,Home and lifestyle,80.79,9,01/02/19,20:31:00,Credit card,9.5,0.36,727.11,261.76
116,WALM087,Waxahachie,Fashion accessories,27.02,3,02/03/19,13:01:00,Credit card,7.1,0.33,81.06,26.75
117,WALM040,Edinburg,Fashion accessories,21.94,5,05/03/19,12:29:00,Ewallet,5.3,0.48,109.7,52.66
118,WALM071,Lufkin,Fashion accessories,51.36,1,16/01/19,15:26:00,Ewallet,5.2,0.33,51.36,16.95
119,WALM027,Abilene,Food and beverages,10.96,10,02/02/19,20:48:00,Ewallet,6.0,0.48,109.6,52.61
120,WALM071,Lufkin,Home and lifestyle,53.44,2,20/01/19,20:38:00,Ewallet,4.1,0.33,106.88,35.27
121,WALM014,Amarillo,Electronic accessories,99.56,8,14/02/19,17:03:00,Credit card,5.2,0.48,796.48,382.31
122,WALM069,Rockwall,Sports and travel,57.12,7,12/01/19,12:02:00,Credit card,6.5,0.33,399.84,131.95
123,WALM085,Kerrville,Sports and travel,99.96,9,09/03/19,17:26:00,Credit card,4.2,0.33,899.64,296.88
124,WALM061,Cedar Park,Home and lifestyle,63.91,8,13/03/19,19:52:00,Credit card,4.6,0.33,511.28,168.72
125,WALM088,Cleburne,Fashion accessories,56.47,8,09/03/19,14:57:00,Ewallet,7.3,0.33,451.76,149.08
126,WALM034,College Station,Home and lifestyle,93.69,7,10/03/19,18:44:00,Credit card,4.5,0.48,655.83,314.8
127,WALM016,Brownsville,Sports and travel,32.25,5,27/01/19,13:26:00,Cash,9.0,0.48,161.25,77.4
128,WALM044,Pharr,Fashion accessories,31.73,9,08/01/19,16:17:00,Credit card,5.9,0.48,285.57,137.07
129,WALM035,San Angelo,Food and beverages,68.54,8,08/01/19,15:57:00,Ewallet,8.5,0.48,548.32,263.19
130,WALM018,Frisco,Sports and travel,90.28,9,08/02/19,11:15:00,Ewallet,7.2,0.48,812.52,390.01
131,WALM022,Mesquite,Fashion accessories,39.62,7,25/01/19,13:18:00,Cash,7.5,0.48,277.34,133.12
132,WALM068,Burleson,Sports and travel,92.13,6,06/03/19,20:34:00,Cash,8.3,0.33,552.78,182.42
133,WALM055,Waxahachie,Sports and travel,34.84,4,10/02/19,18:36:00,Cash,7.4,0.33,139.36,45.99
134,WALM002,Dallas,Electronic accessories,87.45,6,17/02/19,14:40:00,Credit card,8.8,0.36,524.7,188.89
135,WALM062,Galveston,Health and beauty,81.3,6,08/03/19,16:43:00,Ewallet,5.3,0.33,487.8,160.97
136,WALM098,Mineral Wells,Fashion accessories,90.22,3,18/02/19,19:39:00,Cash,6.2,0.18,270.66,48.72
137,WALM027,Abilene,Electronic accessories,26.31,5,18/01/19,20:59:00,Credit card,8.8,0.48,131.55,63.14
138,WALM093,Angleton,Home and lifestyle,34.42,6,18/02/19,15:39:00,Cash,9.8,0.33,206.52,68.15
139,WALM029,Round Rock,Sports and travel,51.91,10,16/02/19,12:21:00,Cash,8.2,0.48,519.1,249.17
140,WALM016,Brownsville,Sports and travel,72.5,8,16/03/19,19:25:00,Ewallet,9.2,0.48,580.0,278.4
141,WALM023,Midland,Sports and travel,89.8,10,23/01/19,13:00:00,Credit card,5.4,0.48,898.0,431.04
142,WALM012,Garland,Health and beauty,90.5,10,25/01/19,13:48:00,Cash,8.1,0.48,905.0,434.4
143,WALM052,Mansfield,Health and beauty,68.6,10,05/02/19,19:57:00,Cash,9.1,0.57,686.0,391.02
144,WALM097,Alice,Food and beverages,30.41,1,22/02/19,10:36:00,Credit card,8.4,0.18,30.41,5.47
145,WALM045,Missouri City,Home and lifestyle,77.95,6,21/01/19,16:37:00,Credit card,8.0,0.48,467.7,224.5
146,WALM047,Flower Mound,Health and beauty,46.26,6,08/03/19,17:11:00,Credit card,9.5,0.48,277.56,133.23
147,WALM026,Denton,Fashion accessories,30.14,10,10/02/19,12:28:00,Ewallet,9.2,0.48,301.4,144.67
148,WALM054,Sherman,Health and beauty,66.14,4,19/03/19,12:46:00,Credit card,5.6,0.21,264.56,55.56
149,WALM049,North Richland Hills,Home and lifestyle,71.86,8,06/03/19,15:07:00,Credit card,6.2,0.48,574.88,275.94
150,WALM065,Texas City,Health and beauty,32.46,8,27/03/19,13:48:00,Credit card,4.9,0.33,259.68,85.69
151,WALM016,Brownsville,Fashion accessories,91.54,4,23/03/19,19:20:00,Credit card,4.8,0.48,366.16,175.76
152,WALM070,Hurst,Sports and travel,34.56,7,11/03/19,16:07:00,Credit card,7.3,0.33,241.92,79.83
153,WALM099,Weatherford,Fashion accessories,83.24,9,29/01/19,11:56:00,Credit card,7.4,0.18,749.16,134.85
154,WALM071,Lufkin,Food and beverages,16.48,6,07/02/19,18:23:00,Ewallet,9.9,0.33,98.88,32.63
155,WALM078,Del Rio,Sports and travel,80.97,8,28/01/19,13:05:00,Cash,9.3,0.33,647.76,213.76
156,WALM074,Weslaco,Food and beverages,92.29,5,20/02/19,15:55:00,Cash,9.0,0.33,461.45,152.28
157,WALM042,Bryan,Electronic accessories,72.17,1,04/01/19,19:40:00,Cash,6.1,0.48,72.17,34.64
158,WALM013,Irving,Home and lifestyle,50.28,5,07/03/19,13:58:00,Ewallet,9.7,0.48,251.4,120.67
159,WALM100,Canyon,Health and beauty,97.22,9,30/03/19,14:43:00,Ewallet,6.0,0.18,874.98,157.5
160,WALM094,Alamo,Sports and travel,93.39,6,27/03/19,19:18:00,Ewallet,10.0,0.33,560.34,184.91
161,WALM028,Odessa,Food and beverages,43.18,8,19/01/19,19:39:00,Credit card,8.3,0.48,345.44,165.81
162,WALM019,Pasadena,Sports and travel,63.69,1,25/02/19,16:21:00,Cash,6.0,0.48,63.69,30.57
163,WALM011,Lubbock,Food and beverages,45.79,7,13/03/19,19:44:00,Credit card,7.0,0.48,320.53,153.85
164,WALM084,Schertz,Sports and travel,76.4,2,30/01/19,19:42:00,Ewallet,6.5,0.33,152.8,50.42
165,WALM057,Euless,Food and beverages,39.9,10,20/02/19,15:24:00,Credit card,5.9,0.33,399.0,131.67
166,WALM088,Cleburne,Health and beauty,42.57,8,25/02/19,14:12:00,Ewallet,5.6,0.33,340.56,112.38
167,WALM061,Cedar Park,Home and lifestyle,95.58,10,16/01/19,13:32:00,Cash,4.8,0.33,955.8,315.41
168,WALM040,Edinburg,Fashion accessories,98.98,10,08/02/19,16:20:00,Credit card,8.7,0.48,989.8,475.1
169,WALM069,Rockwall,Food and beverages,51.28,6,19/01/19,16:31:00,Cash,6.5,0.33,307.68,101.53
170,WALM089,Southlake,Sports and travel,69.52,7,01/02/19,15:10:00,Credit card,8.5,0.33,486.64,160.59
171,WALM031,Lewisville,Health and beauty,70.01,5,03/01/19,11:36:00,Ewallet,5.5,0.48,350.05,168.02
172,WALM039,Longview,Food and beverages,80.05,5,26/01/19,12:45:00,Credit card,9.4,0.48,400.25,192.12
173,WALM039,Longview,Electronic accessories,20.85,8,03/03/19,19:17:00,Cash,6.3,0.48,166.8,80.06
174,WALM047,Flower Mound,Electronic accessories,52.89,6,19/01/19,17:34:00,Credit card,9.8,0.48,317.34,152.32
175,WALM071,Lufkin,Food and beverages,19.79,8,18/01/19,12:04:00,Ewallet,8.7,0.33,158.32,52.25
176,WALM060,DeSoto,Home and lifestyle,33.84,9,21/03/19,16:21:00,Ewallet,8.8,0.33,304.56,100.5
177,WALM073,Seguin,Food and beverages,22.17,8,03/03/19,17:01:00,Credit card,9.6,0.33,177.36,58.53
178,WALM059,Pflugerville,Fashion accessories,22.51,7,13/02/19,10:50:00,Credit card,4.8,0.33,157.57,52.0
179,WALM012,Garland,Food and beverages,73.88,6,23/03/19,19:16:00,Ewallet,4.4,0.48,443.28,212.77
180,WALM086,Rosenberg,Health and beauty,86.8,3,28/01/19,16:47:00,Ewallet,9.9,0.33,260.4,85.93
181,WALM073,Seguin,Fashion accessories,64.26,7,09/02/19,10:00:00,Cash,5.7,0.33,449.82,148.44
182,WALM028,Odessa,Food and beverages,38.47,8,23/01/19,11:51:00,Cash,7.7,0.48,307.76,147.72
183,WALM053,Conroe,Sports and travel,15.5,10,23/03/19,10:55:00,Ewallet,8.0,0.57,155.0,88.35
184,WALM024,Carrollton,Health and beauty,34.31,8,25/01/19,15:00:00,Ewallet,5.7,0.48,274.48,131.75
185,WALM097,Alice,Sports and travel,12.34,7,04/03/19,11:19:00,Credit card,6.7,0.18,86.38,15.55
186,WALM072,Lancaster,Food and beverages,18.08,3,05/03/19,19:46:00,Ewallet,8.0,0.33,54.24,17.9
187,WALM023,Midland,Home and lifestyle,94.49,8,03/03/19,19:00:00,Ewallet,7.5,0.48,755.92,362.84
188,WALM038,Sugar Land,Home and lifestyle,46.47,4,08/02/19,10:53:00,Cash,7.0,0.48,185.88,89.22
189,WALM078,Del Rio,Home and lifestyle,74.07,1,10/02/19,12:50:00,Ewallet,9.9,0.33,74.07,24.44
190,WALM084,Schertz,Home and lifestyle,69.81,4,28/01/19,20:50:00,Credit card,5.9,0.33,279.24,92.15
191,WALM059,Pflugerville,Home and lifestyle,77.04,3,11/02/19,10:39:00,Credit card,7.2,0.33,231.12,76.27
192,WALM062,Galveston,Fashion accessories,73.52,2,15/01/19,13:41:00,Ewallet,4.6,0.33,147.04,48.52
193,WALM090,Brownwood,Food and beverages,87.8,9,16/03/19,19:08:00,Cash,9.2,0.33,790.2,260.77
194,WALM015,Grand Prairie,Home and lifestyle,25.55,4,26/01/19,20:23:00,Ewallet,5.7,0.48,102.2,49.06
195,WALM003,San Antonio,Electronic accessories,32.71,5,19/03/19,11:30:00,Credit card,9.9,0.48,163.55,78.5
196,WALM066,Grapevine,Fashion accessories,74.29,1,13/01/19,19:30:00,Cash,5.0,0.33,74.29,24.52
197,WALM079,La Porte,Health and beauty,43.7,2,26/03/19,18:03:00,Cash,4.9,0.33,87.4,28.84
198,WALM002,Dallas,Home and lifestyle,25.29,1,23/03/19,10:13:00,Ewallet,6.1,0.36,25.29,9.1
199,WALM094,Alamo,Health and beauty,41.5,4,12/03/19,19:58:00,Credit card,8.2,0.33,166.0,54.78
200,WALM047,Flower Mound,Food and beverages,71.39,5,17/02/19,19:57:00,Credit card,5.5,0.48,356.95,171.34
201,WALM100,Canyon,Sports and travel,19.15,6,29/01/19,10:01:00,Credit card,6.8,0.18,114.9,20.68
202,WALM005,Fort Worth,Electronic accessories,57.49,4,15/03/19,11:57:00,Cash,6.6,0.48,229.96,110.38
203,WALM086,Rosenberg,Electronic accessories,61.41,7,14/01/19,10:02:00,Cash,9.8,0.33,429.87,141.86
204,WALM029,Round Rock,Health and beauty,25.9,10,06/02/19,14:51:00,Ewallet,8.7,0.48,259.0,124.32
205,WALM065,Texas City,Home and lifestyle,17.77,5,15/02/19,12:42:00,Credit card,5.4,0.33,88.85,29.32
206,WALM085,Kerrville,Health and beauty,23.03,9,03/01/19,12:02:00,Ewallet,7.9,0.33,207.27,68.4
207,WALM034,College Station,Electronic accessories,66.65,9,04/01/19,18:19:00,Credit card,9.7,0.48,599.85,287.93
208,WALM055,Waxahachie,Home and lifestyle,28.53,10,18/03/19,17:38:00,Ewallet,7.8,0.33,285.3,94.15
209,WALM043,Baytown,Fashion accessories,30.37,3,28/03/19,13:41:00,Ewallet,5.1,0.48,91.11,43.73
210,WALM003,San Antonio,Electronic accessories,99.73,9,02/03/19,19:42:00,Credit card,6.5,0.48,897.57,430.83
211,WALM050,Victoria,Electronic accessories,26.23,9,25/01/19,20:24:00,Ewallet,5.9,0.48,236.07,113.31
212,WALM057,Euless,Food and beverages,93.26,9,16/01/19,18:08:00,Cash,8.8,0.33,839.34,276.98
213,WALM088,Cleburne,Home and lifestyle,92.36,5,20/03/19,19:17:00,Ewallet,4.9,0.33,461.8,152.39
214,WALM093,Angleton,Sports and travel,46.42,3,04/01/19,13:24:00,Credit card,4.4,0.33,139.26,45.96
215,WALM065,Texas City,Sports and travel,29.61,7,11/03/19,15:53:00,Cash,6.5,0.33,207.27,68.4
216,WALM072,Lancaster,Home and lifestyle,18.28,1,22/03/19,15:05:00,Credit card,8.3,0.33,18.28,6.03
217,WALM038,Sugar Land,Sports and travel,24.77,5,24/03/19,18:27:00,Cash,8.5,0.48,123.85,59.45
218,WALM081,Friendswood,Electronic accessories,94.64,3,21/02/19,16:55:00,Cash,5.5,0.33,283.92,93.69
219,WALM043,Baytown,Fashion accessories,94.87,8,12/02/19,12:58:00,Ewallet,8.7,0.48,758.96,364.3
220,WALM044,Pharr,Food and beverages,57.34,3,10/03/19,18:59:00,Credit card,7.9,0.48,172.02,82.57
221,WALM002,Dallas,Electronic accessories,45.35,6,31/01/19,13:44:00,Ewallet,6.1,0.36,272.1,97.96
222,WALM056,Rowlett,Food and beverages,62.08,7,06/03/19,13:46:00,Ewallet,5.4,0.33,434.56,143.4
223,WALM020,Killeen,Electronic accessories,11.81,5,17/02/19,18:06:00,Cash,9.4,0.48,59.05,28.34
224,WALM026,Denton,Fashion accessories,12.54,1,21/02/19,12:38:00,Cash,8.2,0.48,12.54,6.02
225,WALM003,San Antonio,Food and beverages,43.25,2,20/03/19,15:56:00,Cash,6.2,0.48,86.5,41.52
226,WALM067,Haltom City,Sports and travel,87.16,2,11/01/19,14:29:00,Credit card,9.7,0.33,174.32,57.53
227,WALM059,Pflugerville,Health and beauty,69.37,9,26/01/19,19:14:00,Ewallet,4.0,0.33,624.33,206.03
228,WALM068,Burleson,Electronic accessories,37.06,4,31/01/19,16:24:00,Ewallet,9.7,0.33,148.24,48.92
229,WALM049,North Richland Hills,Electronic accessories,90.7,6,26/02/19,10:52:00,Cash,5.3,0.48,544.2,261.22
230,WALM087,Waxahachie,Home and lifestyle,63.42,8,11/03/19,12:55:00,Ewallet,7.4,0.33,507.36,167.43
231,WALM007,Arlington,Fashion accessories,81.37,2,26/01/19,19:28:00,Cash,6.5,0.48,162.74,78.12
232,WALM024,Carrollton,Electronic accessories,10.59,3,12/03/19,13:52:00,Credit card,8.7,0.48,31.77,15.25
233,WALM059,Pflugerville,Health and beauty,84.09,9,11/02/19,10:54:00,Cash,8.0,0.33,756.81,249.75
234,WALM045,Missouri City,Fashion accessories,73.82,4,21/02/19,18:31:00,Credit card,6.7,0.48,295.28,141.73
235,WALM069,Rockwall,Health and beauty,51.94,10,09/03/19,18:24:00,Ewallet,6.5,0.33,519.4,171.4
236,WALM084,Schertz,Sports and travel,93.14,2,20/01/19,18:09:00,Ewallet,4.1,0.33,186.28,61.47
237,WALM068,Burleson,Health and beauty,17.41,5,28/01/19,15:16:00,Credit card,4.9,0.33,87.05,28.73
238,WALM023,Midland,Fashion accessories,44.22,5,05/03/19,17:07:00,Credit card,8.6,0.48,221.1,106.13
239,WALM040,Edinburg,Electronic accessories,13.22,5,02/03/19,19:26:00,Cash,4.3,0.48,66.1,31.73
240,WALM085,Kerrville,Fashion accessories,89.69,1,11/01/19,11:20:00,Ewallet,4.9,0.33,89.69,29.6
241,WALM009,Plano,Food and beverages,24.94,9,11/01/19,16:49:00,Credit card,5.6,0.48,224.46,107.74
242,WALM100,Canyon,Health and beauty,59.77,2,11/03/19,12:01:00,Credit card,5.8,0.18,119.54,21.52
243,WALM077,Coppell,Fashion accessories,93.2,2,28/02/19,18:37:00,Credit card,6.0,0.33,186.4,61.51
244,WALM034,College Station,Home and lifestyle,62.65,4,05/01/19,11:25:00,Cash,4.2,0.48,250.6,120.29
245,WALM070,Hurst,Home and lifestyle,93.87,8,02/02/19,18:42:00,Credit card,8.3,0.33,750.96,247.82
246,WALM021,McAllen,Home and lifestyle,47.59,8,01/01/19,14:47:00,Cash,5.7,0.48,380.72,182.75
247,WALM044,Pharr,Electronic accessories,81.4,3,09/02/19,19:43:00,Cash,4.8,0.48,244.2,117.22
248,WALM055,Waxahachie,Fashion accessories,17.94,5,23/01/19,14:04:00,Ewallet,6.8,0.33,89.7,29.6
249,WALM019,Pasadena,Electronic accessories,77.72,4,07/01/19,16:11:00,Credit card,8.8,0.48,310.88,149.22
250,WALM026,Denton,Food and beverages,73.06,7,14/01/19,19:06:00,Credit card,4.2,0.48,511.42,245.48
251,WALM033,Pearland,Food and beverages,46.55,9,02/02/19,15:34:00,Ewallet,6.4,0.48,418.95,201.1
252,WALM078,Del Rio,Fashion accessories,35.19,10,17/03/19,19:06:00,Credit card,8.4,0.33,351.9,116.13
253,WALM066,Grapevine,Sports and travel,14.39,2,02/03/19,19:44:00,Credit card,7.2,0.33,28.78,9.5
254,WALM011,Lubbock,Home and lifestyle,23.75,4,16/03/19,11:22:00,Cash,5.2,0.48,95.0,45.6
255,WALM016,Brownsville,Home and lifestyle,58.9,8,06/01/19,11:23:00,Cash,8.9,0.48,471.2,226.18
256,WALM048,Harlingen,Fashion accessories,32.62,4,29/01/19,14:12:00,Cash,9.0,0.48,130.48,62.63
257,WALM067,Haltom City,Electronic accessories,66.35,1,31/01/19,10:46:00,Credit card,9.7,0.33,66.35,21.9
258,WALM049,North Richland Hills,Home and lifestyle,25.91,6,05/02/19,10:16:00,Ewallet,8.7,0.48,155.46,74.62
259,WALM029,Round Rock,Electronic accessories,32.25,4,13/02/19,12:38:00,Ewallet,6.5,0.48,129.0,61.92
260,WALM100,Canyon,Electronic accessories,65.94,4,07/02/19,13:05:00,Credit card,6.9,0.18,263.76,47.48
261,WALM074,Weslaco,Electronic accessories,75.06,9,19/03/19,13:25:00,Cash,6.2,0.33,675.54,222.93
262,WALM019,Pasadena,Fashion accessories,16.45,4,07/03/19,14:53:00,Ewallet,5.6,0.48,65.8,31.58
263,WALM022,Mesquite,Fashion accessories,38.3,4,13/03/19,19:22:00,Cash,5.7,0.48,153.2,73.54
264,WALM099,Weatherford,Sports and travel,22.24,10,09/02/19,11:00:00,Cash,4.2,0.18,222.4,40.03
265,WALM095,Big Spring,Sports and travel,54.45,1,26/02/19,19:24:00,Ewallet,7.9,0.33,54.45,17.97
266,WALM075,San Marcos,Sports and travel,98.4,7,12/03/19,12:43:00,Credit card,8.7,0.33,688.8,227.3
267,WALM072,Lancaster,Home and lifestyle,35.47,4,14/03/19,17:22:00,Credit card,6.9,0.33,141.88,46.82
268,WALM081,Friendswood,Food and beverages,74.6,10,08/01/19,20:55:00,Cash,9.5,0.33,746.0,246.18
269,WALM001,Houston,Home and lifestyle,70.74,4,05/01/19,16:05:00,Credit card,4.4,0.36,282.96,101.87
270,WALM001,Houston,Home and lifestyle,35.54,10,04/01/19,13:34:00,Ewallet,7.0,0.36,355.4,127.94
271,WALM069,Rockwall,Sports and travel,67.43,5,06/03/19,18:13:00,Ewallet,6.3,0.33,337.15,111.26
272,WALM027,Abilene,Health and beauty,21.12,2,03/01/19,19:17:00,Cash,9.7,0.48,42.24,20.28
273,WALM094,Alamo,Home and lifestyle,21.54,9,07/01/19,11:44:00,Credit card,8.8,0.33,193.86,63.97
274,WALM025,Waco,Home and lifestyle,12.03,2,27/01/19,15:51:00,Cash,5.1,0.48,24.06,11.55
275,WALM042,Bryan,Health and beauty,99.71,6,26/02/19,16:52:00,Ewallet,7.9,0.48,598.26,287.16
276,WALM056,Rowlett,Fashion accessories,47.97,7,07/01/19,20:52:00,Cash,6.2,0.33,335.79,110.81
277,WALM027,Abilene,Home and lifestyle,21.82,10,07/01/19,17:36:00,Cash,7.1,0.48,218.2,104.74
278,WALM046,Temple,Fashion accessories,95.42,4,02/02/19,13:23:00,Ewallet,6.4,0.48,381.68,183.21
279,WALM091,Little Elm,Fashion accessories,70.99,10,20/03/19,16:28:00,Cash,5.7,0.33,709.9,234.27
280,WALM051,New Braunfels,Sports and travel,44.02,10,20/03/19,19:57:00,Credit card,9.6,0.48,440.2,211.3
281,WALM073,Seguin,Home and lifestyle,69.96,8,15/02/19,17:01:00,Credit card,6.4,0.33,559.68,184.69
282,WALM036,Allen,Home and lifestyle,37.0,1,06/03/19,13:29:00,Credit card,7.9,0.48,37.0,17.76
283,WALM097,Alice,Sports and travel,15.34,1,06/01/19,11:09:00,Cash,6.5,0.18,15.34,2.76
284,WALM030,Richardson,Health and beauty,99.83,6,04/03/19,15:02:00,Ewallet,8.5,0.48,598.98,287.51
285,WALM079,La Porte,Health and beauty,47.67,4,12/03/19,14:21:00,Cash,9.1,0.33,190.68,62.92
286,WALM052,Mansfield,Health and beauty,66.68,5,20/02/19,18:01:00,Cash,7.6,0.57,333.4,190.04
287,WALM010,Laredo,Home and lifestyle,74.86,1,24/03/19,14:49:00,Cash,6.9,0.48,74.86,35.93
288,WALM079,La Porte,Sports and travel,23.75,9,31/01/19,12:02:00,Cash,9.5,0.33,213.75,70.54
289,WALM094,Alamo,Food and beverages,48.51,7,25/01/19,13:30:00,Credit card,5.2,0.33,339.57,112.06
290,WALM074,Weslaco,Home and lifestyle,94.88,7,03/02/19,14:38:00,Cash,4.2,0.33,664.16,219.17
291,WALM017,McKinney,Electronic accessories,40.3,10,24/01/19,17:37:00,Credit card,7.0,0.48,403.0,193.44
292,WALM040,Edinburg,Electronic accessories,27.85,7,14/03/19,17:20:00,Ewallet,6.0,0.48,194.95,93.58
293,WALM007,Arlington,Electronic accessories,62.48,1,18/02/19,20:29:00,Cash,4.7,0.48,62.48,29.99
294,WALM015,Grand Prairie,Food and beverages,36.36,2,21/01/19,10:00:00,Cash,7.1,0.48,72.72,34.91
295,WALM023,Midland,Health and beauty,18.11,10,13/03/19,11:46:00,Ewallet,5.9,0.48,181.1,86.93
296,WALM014,Amarillo,Electronic accessories,51.92,5,03/03/19,13:42:00,Cash,7.5,0.48,259.6,124.61
297,WALM036,Allen,Electronic accessories,28.84,4,29/03/19,14:44:00,Cash,6.4,0.48,115.36,55.37
298,WALM085,Kerrville,Home and lifestyle,78.38,6,10/01/19,14:16:00,Ewallet,5.8,0.33,470.28,155.19
299,WALM095,Big Spring,Home and lifestyle,60.01,4,25/01/19,15:54:00,Cash,4.5,0.33,240.04,79.21
300,WALM017,McKinney,Home and lifestyle,88.61,1,19/01/19,10:21:00,Cash,7.7,0.48,88.61,42.53
301,WALM100,Canyon,Fashion accessories,99.82,2,02/01/19,18:09:00,Credit card,6.7,0.18,199.64,35.94
302,WALM048,Harlingen,Health and beauty,39.01,1,12/03/19,16:46:00,Credit card,4.7,0.48,39.01,18.72
303,WALM031,Lewisville,Food and beverages,48.61,1,25/02/19,15:31:00,Cash,4.4,0.48,48.61,23.33
304,WALM026,Denton,Electronic accessories,51.19,4,18/03/19,17:15:00,Credit card,4.7,0.48,204.76,98.28
305,WALM045,Missouri City,Electronic accessories,14.96,8,23/02/19,12:29:00,Credit card,8.6,0.48,119.68,57.45
306,WALM053,Conroe,Electronic accessories,72.2,7,26/03/19,20:14:00,Ewallet,4.3,0.21,505.4,106.13
307,WALM088,Cleburne,Sports and travel,40.23,7,30/03/19,13:22:00,Cash,9.6,0.33,281.61,92.93
308,WALM066,Grapevine,Home and lifestyle,88.79,8,17/02/19,17:09:00,Cash,4.1,0.33,710.32,234.41
309,WALM033,Pearland,Electronic accessories,26.48,3,21/03/19,10:40:00,Ewallet,4.7,0.48,79.44,38.13
310,WALM012,Garland,Fashion accessories,81.91,2,05/03/19,17:43:00,Cash,7.8,0.48,163.82,78.63
311,WALM036,Allen,Sports and travel,79.93,6,31/01/19,14:04:00,Cash,5.5,0.48,479.58,230.2
312,WALM076,Huntsville,Fashion accessories,69.33,2,05/02/19,19:05:00,Ewallet,9.7,0.33,138.66,45.76
313,WALM012,Garland,Food and beverages,14.23,5,01/02/19,10:08:00,Credit card,4.4,0.48,71.15,34.15
314,WALM026,Denton,Health and beauty,15.55,9,07/03/19,13:12:00,Cash,5.0,0.48,139.95,67.18
315,WALM075,San Marcos,Electronic accessories,78.13,10,10/02/19,20:51:00,Cash,4.4,0.33,781.3,257.83
316,WALM030,Richardson,Food and beverages,99.37,2,14/02/19,17:29:00,Cash,5.2,0.48,198.74,95.4
317,WALM012,Garland,Food and beverages,21.08,3,09/02/19,10:25:00,Cash,7.3,0.48,63.24,30.36
318,WALM091,Little Elm,Electronic accessories,74.79,5,10/01/19,11:34:00,Cash,4.9,0.33,373.95,123.4
319,WALM048,Harlingen,Health and beauty,29.67,7,11/03/19,18:58:00,Credit card,8.1,0.48,207.69,99.69
320,WALM059,Pflugerville,Health and beauty,44.07,4,18/02/19,16:28:00,Ewallet,8.4,0.33,176.28,58.17
321,WALM065,Texas City,Food and beverages,22.93,9,26/02/19,20:26:00,Cash,5.5,0.33,206.37,68.1
322,WALM016,Brownsville,Health and beauty,39.42,1,18/01/19,15:08:00,Cash,8.4,0.48,39.42,18.92
323,WALM037,League City,Health and beauty,15.26,6,15/02/19,18:03:00,Ewallet,9.8,0.48,91.56,43.95
324,WALM010,Laredo,Fashion accessories,61.77,5,08/03/19,13:21:00,Cash,6.7,0.48,308.85,148.25
325,WALM086,Rosenberg,Home and lifestyle,21.52,6,17/01/19,12:48:00,Credit card,9.4,0.33,129.12,42.61
326,WALM088,Cleburne,Sports and travel,97.74,4,12/03/19,19:53:00,Ewallet,6.4,0.33,390.96,129.02
327,WALM069,Rockwall,Food and beverages,99.78,5,09/03/19,19:09:00,Cash,5.4,0.33,498.9,164.64
328,WALM057,Euless,Food and beverages,94.26,4,12/03/19,16:30:00,Cash,8.6,0.33,377.04,124.42
329,WALM052,Mansfield,Health and beauty,51.13,4,25/01/19,10:11:00,Credit card,4.0,0.57,204.52,116.58
330,WALM063,Georgetown,Electronic accessories,36.36,4,25/03/19,13:07:00,Cash,7.6,0.33,145.44,48.0
331,WALM071,Lufkin,Home and lifestyle,22.02,9,07/02/19,18:48:00,Cash,6.8,0.33,198.18,65.4
332,WALM076,Huntsville,Food and beverages,32.9,3,17/02/19,17:27:00,Credit card,9.1,0.33,98.7,32.57
333,WALM070,Hurst,Fashion accessories,77.02,5,03/02/19,15:59:00,Cash,5.5,0.33,385.1,127.08
334,WALM034,College Station,Food and beverages,23.48,2,14/03/19,11:21:00,Credit card,7.9,0.48,46.96,22.54
335,WALM089,Southlake,Sports and travel,14.7,5,24/03/19,13:48:00,Ewallet,8.5,0.33,73.5,24.26
336,WALM032,Tyler,Electronic accessories,28.45,5,21/03/19,10:17:00,Credit card,9.1,0.48,142.25,68.28
337,WALM024,Carrollton,Fashion accessories,76.4,9,19/03/19,15:49:00,Ewallet,7.5,0.48,687.6,330.05
338,WALM100,Canyon,Sports and travel,57.95,6,24/02/19,13:02:00,Cash,5.2,0.18,347.7,62.59
339,WALM016,Brownsville,Electronic accessories,47.65,3,28/03/19,12:58:00,Credit card,9.5,0.48,142.95,68.62
340,WALM051,New Braunfels,Food and beverages,42.82,9,05/02/19,15:26:00,Credit card,8.9,0.48,385.38,184.98
341,WALM014,Amarillo,Electronic accessories,48.09,3,10/02/19,18:23:00,Credit card,7.8,0.48,144.27,69.25
342,WALM030,Richardson,Health and beauty,55.97,7,05/03/19,19:06:00,Ewallet,8.9,0.48,391.79,188.06
343,WALM037,League City,Health and beauty,76.9,7,15/02/19,20:21:00,Cash,7.7,0.48,538.3,258.38
344,WALM045,Missouri City,Food and beverages,97.03,5,30/01/19,16:24:00,Credit card,9.3,0.48,485.15,232.87
345,WALM007,Arlington,Sports and travel,44.65,3,14/02/19,15:04:00,Cash,6.2,0.48,133.95,64.3
346,WALM057,Euless,Fashion accessories,77.93,9,27/02/19,16:10:00,Ewallet,7.6,0.33,701.37,231.45
347,WALM096,Eagle Pass,Electronic accessories,71.95,1,04/02/19,12:14:00,Cash,7.3,0.18,71.95,12.95
348,WALM066,Grapevine,Home and lifestyle,89.25,8,20/01/19,10:13:00,Cash,4.7,0.33,714.0,235.62
349,WALM095,Big Spring,Electronic accessories,26.02,7,28/03/19,17:38:00,Cash,5.1,0.33,182.14,60.11
350,WALM087,Waxahachie,Health and beauty,13.5,10,27/02/19,11:06:00,Credit card,4.8,0.33,135.0,44.55
351,WALM017,McKinney,Fashion accessories,99.3,10,15/02/19,14:53:00,Credit card,6.6,0.48,993.0,476.64
352,WALM029,Round Rock,Electronic accessories,51.69,7,26/01/19,18:22:00,Cash,5.5,0.48,361.83,173.68
353,WALM098,Mineral Wells,Fashion accessories,54.73,7,14/03/19,19:02:00,Credit card,8.5,0.18,383.11,68.96
354,WALM019,Pasadena,Home and lifestyle,27.0,9,02/03/19,14:16:00,Cash,4.8,0.48,243.0,116.64
355,WALM082,Weslaco,Electronic accessories,30.24,1,04/03/19,15:44:00,Cash,8.4,0.33,30.24,9.98
356,WALM090,Brownwood,Food and beverages,89.14,4,07/01/19,12:20:00,Credit card,7.8,0.33,356.56,117.66
357,WALM028,Odessa,Fashion accessories,37.55,10,08/03/19,20:01:00,Credit card,9.3,0.48,375.5,180.24
358,WALM017,McKinney,Sports and travel,95.44,10,09/01/19,13:45:00,Cash,5.2,0.48,954.4,458.11
359,WALM070,Hurst,Electronic accessories,27.5,3,01/03/19,15:40:00,Ewallet,6.5,0.33,82.5,27.22
360,WALM081,Friendswood,Sports and travel,74.97,1,16/03/19,16:58:00,Cash,5.6,0.33,74.97,24.74
361,WALM010,Laredo,Food and beverages,80.96,8,17/02/19,11:12:00,Credit card,7.4,0.48,647.68,310.89
362,WALM070,Hurst,Food and beverages,94.47,8,27/02/19,15:12:00,Cash,9.1,0.33,755.76,249.4
363,WALM002,Dallas,Food and beverages,99.79,2,07/03/19,20:37:00,Ewallet,8.0,0.36,199.58,71.85
364,WALM089,Southlake,Home and lifestyle,73.22,6,21/01/19,17:44:00,Cash,7.2,0.33,439.32,144.98
365,WALM037,League City,Food and beverages,41.24,4,19/02/19,16:23:00,Cash,7.1,0.48,164.96,79.18
366,WALM079,La Porte,Fashion accessories,81.68,4,06/01/19,12:12:00,Cash,9.1,0.33,326.72,107.82
367,WALM072,Lancaster,Electronic accessories,51.32,9,14/03/19,19:33:00,Cash,5.6,0.33,461.88,152.42
368,WALM048,Harlingen,Home and lifestyle,65.94,4,24/03/19,10:29:00,Cash,6.0,0.48,263.76,126.6
369,WALM026,Denton,Sports and travel,14.36,10,27/01/19,14:28:00,Cash,5.4,0.48,143.6,68.93
370,WALM018,Frisco,Electronic accessories,21.5,9,06/03/19,12:46:00,Credit card,7.8,0.48,193.5,92.88
371,WALM005,Fort Worth,Electronic accessories,26.26,7,02/02/19,19:40:00,Cash,9.9,0.48,183.82,88.23
372,WALM071,Lufkin,Fashion accessories,60.96,2,25/01/19,19:39:00,Credit card,4.9,0.33,121.92,40.23
373,WALM086,Rosenberg,Home and lifestyle,70.11,6,14/03/19,17:54:00,Ewallet,5.2,0.33,420.66,138.82
374,WALM014,Amarillo,Fashion accessories,42.08,6,29/01/19,12:25:00,Cash,8.9,0.48,252.48,121.19
375,WALM020,Killeen,Home and lifestyle,67.09,5,03/01/19,16:47:00,Credit card,9.1,0.48,335.45,161.02
376,WALM009,Plano,Fashion accessories,96.7,5,14/01/19,12:52:00,Ewallet,7.0,0.48,483.5,232.08
377,WALM096,Eagle Pass,Home and lifestyle,35.38,9,05/01/19,19:50:00,Credit card,9.6,0.33,318.42,105.08
378,WALM037,League City,Sports and travel,95.49,7,22/02/19,18:17:00,Ewallet,8.7,0.48,668.43,320.85
379,WALM009,Plano,Fashion accessories,96.98,4,06/02/19,17:20:00,Ewallet,9.4,0.48,387.92,186.2
380,WALM045,Missouri City,Electronic accessories,23.65,4,30/01/19,13:32:00,Credit card,4.0,0.48,94.6,45.41
381,WALM047,Flower Mound,Sports and travel,82.33,4,11/01/19,10:37:00,Credit card,7.5,0.48,329.32,158.07
382,WALM008,Corpus Christi,Electronic accessories,26.61,2,19/03/19,14:35:00,Cash,4.2,0.48,53.22,25.55
383,WALM061,Cedar Park,Food and beverages,99.69,5,14/01/19,12:09:00,Cash,9.9,0.33,498.45,164.49
384,WALM091,Little Elm,Food and beverages,74.89,4,01/03/19,15:32:00,Ewallet,4.2,0.33,299.56,98.85
385,WALM039,Longview,Food and beverages,40.94,5,06/01/19,13:58:00,Ewallet,9.9,0.48,204.7,98.26
386,WALM084,Schertz,Sports and travel,75.82,1,31/01/19,13:19:00,Cash,5.8,0.33,75.82,25.02
387,WALM006,El Paso,Food and beverages,46.77,6,11/03/19,13:37:00,Cash,6.0,0.48,280.62,134.7
388,WALM034,College Station,Health and beauty,32.32,10,20/02/19,16:49:00,Credit card,10.0,0.48,323.2,155.14
389,WALM074,Weslaco,Fashion accessories,54.07,9,27/01/19,14:55:00,Cash,9.5,0.33,486.63,160.59
390,WALM066,Grapevine,Food and beverages,18.22,7,10/03/19,14:04:00,Credit card,6.6,0.33,127.54,42.09
391,WALM021,McAllen,Fashion accessories,80.48,3,15/02/19,12:31:00,Cash,8.1,0.48,241.44,115.89
392,WALM002,Dallas,Fashion accessories,37.95,10,26/01/19,14:51:00,Cash,9.7,0.36,379.5,136.62
393,WALM020,Killeen,Electronic accessories,76.82,1,13/02/19,18:27:00,Ewallet,7.2,0.48,76.82,36.87
394,WALM099,Weatherford,Sports and travel,52.26,10,09/03/19,12:45:00,Credit card,6.2,0.18,522.6,94.07
395,WALM045,Missouri City,Health and beauty,79.74,1,06/03/19,10:36:00,Credit card,7.3,0.48,79.74,38.28
396,WALM062,Galveston,Health and beauty,77.5,5,24/01/19,20:36:00,Ewallet,4.3,0.33,387.5,127.88
397,WALM075,San Marcos,Food and beverages,54.27,5,13/03/19,14:16:00,Ewallet,4.6,0.33,271.35,89.55
398,WALM092,Lake Jackson,Home and lifestyle,13.59,9,15/03/19,10:26:00,Cash,5.8,0.33,122.31,40.36
399,WALM017,McKinney,Health and beauty,41.06,6,05/03/19,13:30:00,Credit card,8.3,0.48,246.36,118.25
400,WALM016,Brownsville,Electronic accessories,19.24,9,04/03/19,16:28:00,Cash,8.0,0.48,173.16,83.12
401,WALM081,Friendswood,Food and beverages,39.43,6,25/03/19,20:18:00,Credit card,9.4,0.33,236.58,78.07
402,WALM084,Schertz,Home and lifestyle,46.22,4,12/03/19,20:04:00,Credit card,6.2,0.33,184.88,61.01
403,WALM030,Richardson,Home and lifestyle,13.98,1,04/02/19,13:38:00,Ewallet,9.8,0.48,13.98,6.71
404,WALM010,Laredo,Fashion accessories,39.75,5,22/02/19,10:43:00,Ewallet,9.6,0.48,198.75,95.4
405,WALM027,Abilene,Fashion accessories,97.79,7,16/02/19,17:30:00,Ewallet,4.9,0.48,684.53,328.57
406,WALM095,Big Spring,Sports and travel,67.26,4,19/01/19,15:28:00,Credit card,8.0,0.33,269.04,88.78
407,WALM009,Plano,Food and beverages,13.79,5,11/01/19,19:07:00,Credit card,7.8,0.48,68.95,33.1
408,WALM051,New Braunfels,Fashion accessories,68.71,4,04/01/19,19:01:00,Cash,4.1,0.48,274.84,131.92
409,WALM004,Austin,Home and lifestyle,56.53,4,04/03/19,19:48:00,Ewallet,5.5,0.48,226.12,108.54
410,WALM047,Flower Mound,Fashion accessories,23.82,5,28/01/19,19:24:00,Ewallet,5.4,0.48,119.1,57.17
411,WALM011,Lubbock,Health and beauty,34.21,10,02/01/19,13:00:00,Cash,5.1,0.48,342.1,164.21
412,WALM094,Alamo,Sports and travel,21.87,2,25/01/19,14:29:00,Ewallet,6.9,0.33,43.74,14.43
413,WALM005,Fort Worth,Health and beauty,20.97,5,04/01/19,13:21:00,Cash,7.8,0.48,104.85,50.33
414,WALM061,Cedar Park,Sports and travel,25.84,3,10/03/19,18:55:00,Ewallet,6.6,0.33,77.52,25.58
415,WALM074,Weslaco,Home and lifestyle,50.93,8,22/03/19,19:36:00,Cash,9.2,0.33,407.44,134.46
416,WALM025,Waco,Health and beauty,96.11,1,25/01/19,16:28:00,Ewallet,7.8,0.48,96.11,46.13
417,WALM035,San Angelo,Home and lifestyle,45.38,4,08/01/19,13:48:00,Credit card,8.7,0.48,181.52,87.13
418,WALM053,Conroe,Health and beauty,81.51,1,22/01/19,10:57:00,Ewallet,9.2,0.57,81.51,46.46
419,WALM062,Galveston,Health and beauty,57.22,2,12/01/19,17:13:00,Ewallet,8.3,0.33,114.44,37.77
420,WALM098,Mineral Wells,Electronic accessories,25.22,7,04/02/19,10:23:00,Cash,8.2,0.18,176.54,31.78
421,WALM055,Waxahachie,Food and beverages,38.6,3,28/03/19,13:57:00,Ewallet,7.5,0.33,115.8,38.21
422,WALM046,Temple,Electronic accessories,84.05,3,23/01/19,13:29:00,Cash,9.8,0.48,252.15,121.03
423,WALM022,Mesquite,Fashion accessories,97.21,10,08/02/19,13:00:00,Credit card,8.7,0.48,972.1,466.61
424,WALM032,Tyler,Fashion accessories,25.42,8,19/03/19,19:42:00,Credit card,6.7,0.48,203.36,97.61
425,WALM022,Mesquite,Fashion accessories,16.28,1,09/03/19,15:36:00,Cash,5.0,0.48,16.28,7.81
426,WALM048,Harlingen,Fashion accessories,40.61,9,02/01/19,13:40:00,Cash,7.0,0.48,365.49,175.44
427,WALM100,Canyon,Health and beauty,53.17,7,21/01/19,18:01:00,Cash,8.9,0.18,372.19,66.99
428,WALM039,Longview,Food and beverages,20.87,3,20/03/19,13:53:00,Credit card,8.0,0.48,62.61,30.05
429,WALM095,Big Spring,Sports and travel,67.27,5,27/02/19,17:27:00,Cash,6.9,0.33,336.35,111.0
430,WALM003,San Antonio,Home and lifestyle,90.65,10,08/03/19,10:53:00,Ewallet,7.3,0.36,906.5,326.34
431,WALM084,Schertz,Fashion accessories,69.08,2,31/01/19,19:48:00,Credit card,6.9,0.33,138.16,45.59
432,WALM010,Laredo,Food and beverages,43.27,2,08/03/19,16:53:00,Ewallet,5.7,0.48,86.54,41.54
433,WALM062,Galveston,Electronic accessories,23.46,6,13/01/19,19:14:00,Ewallet,6.4,0.33,140.76,46.45
434,WALM030,Richardson,Fashion accessories,95.54,7,09/03/19,14:36:00,Credit card,9.6,0.48,668.78,321.01
435,WALM075,San Marcos,Fashion accessories,47.44,1,22/02/19,18:19:00,Credit card,6.8,0.33,47.44,15.66
436,WALM044,Pharr,Sports and travel,99.24,9,19/03/19,19:09:00,Ewallet,9.0,0.48,893.16,428.72
437,WALM009,Plano,Sports and travel,82.93,4,20/01/19,16:51:00,Ewallet,9.6,0.48,331.72,159.23
438,WALM095,Big Spring,Home and lifestyle,33.99,6,08/03/19,15:37:00,Credit card,7.7,0.33,203.94,67.3
439,WALM090,Brownwood,Food and beverages,17.04,4,08/03/19,20:15:00,Ewallet,7.0,0.33,68.16,22.49
440,WALM037,League City,Electronic accessories,40.86,8,07/02/19,14:38:00,Credit card,6.5,0.48,326.88,156.9
441,WALM097,Alice,Food and beverages,17.44,5,15/01/19,19:25:00,Cash,8.1,0.18,87.2,15.7
442,WALM001,Houston,Sports and travel,88.43,8,22/03/19,19:35:00,Credit card,4.3,0.36,707.44,254.68
443,WALM029,Round Rock,Home and lifestyle,89.21,9,15/01/19,15:42:00,Credit card,6.5,0.48,802.89,385.39
444,WALM050,Victoria,Fashion accessories,12.78,1,08/01/19,14:11:00,Ewallet,9.5,0.48,12.78,6.13
445,WALM069,Rockwall,Sports and travel,19.1,7,15/01/19,10:43:00,Cash,9.7,0.33,133.7,44.12
446,WALM011,Lubbock,Health and beauty,19.15,1,28/01/19,17:58:00,Credit card,9.5,0.48,19.15,9.19
447,WALM027,Abilene,Food and beverages,27.66,10,14/02/19,11:26:00,Credit card,8.9,0.48,276.6,132.77
448,WALM028,Odessa,Fashion accessories,45.74,3,10/03/19,17:38:00,Credit card,6.5,0.48,137.22,65.87
449,WALM063,Georgetown,Health and beauty,27.07,1,12/01/19,20:07:00,Credit card,5.3,0.33,27.07,8.93
450,WALM077,Coppell,Sports and travel,39.12,1,26/03/19,11:02:00,Credit card,9.6,0.33,39.12,12.91
451,WALM099,Weatherford,Electronic accessories,74.71,6,01/01/19,19:07:00,Cash,6.7,0.18,448.26,80.69
452,WALM077,Coppell,Electronic accessories,22.01,6,02/01/19,18:50:00,Cash,7.6,0.33,132.06,43.58
453,WALM068,Burleson,Food and beverages,63.61,5,16/03/19,12:43:00,Ewallet,4.8,0.33,318.05,104.96
454,WALM069,Rockwall,Health and beauty,25.0,1,03/03/19,15:09:00,Ewallet,5.5,0.33,25.0,8.25
455,WALM028,Odessa,Electronic accessories,20.77,4,31/01/19,13:47:00,Cash,4.7,0.48,83.08,39.88
456,WALM010,Laredo,Fashion accessories,29.56,5,13/02/19,16:59:00,Cash,6.9,0.48,147.8,70.94
457,WALM080,Nacogdoches,Food and beverages,77.4,9,15/02/19,14:15:00,Credit card,4.5,0.33,696.6,229.88
458,WALM005,Fort Worth,Electronic accessories,79.39,10,07/02/19,20:24:00,Cash,6.2,0.48,793.9,381.07
459,WALM091,Little Elm,Electronic accessories,46.57,10,27/01/19,13:58:00,Cash,7.6,0.33,465.7,153.68
460,WALM074,Weslaco,Food and beverages,35.89,1,23/02/19,16:52:00,Cash,7.9,0.33,35.89,11.84
461,WALM064,Bedford,Food and beverages,40.52,5,03/02/19,15:19:00,Cash,4.5,0.33,202.6,66.86
462,WALM086,Rosenberg,Food and beverages,73.05,10,03/03/19,12:25:00,Credit card,8.7,0.33,730.5,241.06
463,WALM026,Denton,Sports and travel,73.95,4,03/02/19,10:02:00,Cash,6.1,0.48,295.8,141.98
464,WALM057,Euless,Food and beverages,22.62,1,17/03/19,18:58:00,Cash,6.4,0.33,22.62,7.46
465,WALM042,Bryan,Food and beverages,51.34,5,28/03/19,15:31:00,Credit card,9.1,0.48,256.7,123.22
466,WALM095,Big Spring,Sports and travel,54.55,10,02/03/19,11:22:00,Credit card,7.1,0.33,545.5,180.02
467,WALM094,Alamo,Health and beauty,37.15,7,08/02/19,13:12:00,Credit card,7.7,0.33,260.05,85.82
468,WALM047,Flower Mound,Sports and travel,37.02,6,22/03/19,18:33:00,Cash,4.5,0.48,222.12,106.62
469,WALM071,Lufkin,Food and beverages,21.58,1,09/02/19,10:02:00,Ewallet,7.2,0.33,21.58,7.12
470,WALM071,Lufkin,Electronic accessories,98.84,1,15/02/19,11:21:00,Cash,8.4,0.33,98.84,32.62
471,WALM016,Brownsville,Home and lifestyle,83.77,6,23/01/19,12:10:00,Ewallet,5.4,0.48,502.62,241.26
472,WALM093,Angleton,Sports and travel,40.05,4,25/01/19,11:40:00,Cash,9.7,0.33,160.2,52.87
473,WALM076,Huntsville,Fashion accessories,43.13,10,02/02/19,18:31:00,Credit card,5.5,0.33,431.3,142.33
474,WALM088,Cleburne,Health and beauty,72.57,8,30/03/19,17:58:00,Cash,4.6,0.33,580.56,191.58
475,WALM003,San Antonio,Electronic accessories,64.44,5,30/03/19,17:04:00,Cash,6.6,0.48,322.2,154.66
476,WALM010,Laredo,Health and beauty,65.18,3,25/02/19,20:35:00,Credit card,6.3,0.48,195.54,93.86
477,WALM059,Pflugerville,Sports and travel,33.26,5,18/03/19,16:10:00,Credit card,4.2,0.33,166.3,54.88
478,WALM020,Killeen,Electronic accessories,84.07,4,07/03/19,16:54:00,Ewallet,4.4,0.48,336.28,161.41
479,WALM059,Pflugerville,Sports and travel,34.37,10,16/03/19,10:11:00,Ewallet,6.7,0.33,343.7,113.42
480,WALM057,Euless,Electronic accessories,38.6,1,29/01/19,11:26:00,Ewallet,6.7,0.33,38.6,12.74
481,WALM078,Del Rio,Food and beverages,65.97,8,02/02/19,20:29:00,Cash,8.4,0.33,527.76,174.16
482,WALM066,Grapevine,Electronic accessories,32.8,10,15/02/19,12:12:00,Cash,6.2,0.33,328.0,108.24
483,WALM094,Alamo,Sports and travel,37.14,5,08/01/19,13:05:00,Ewallet,5.0,0.33,185.7,61.28
484,WALM080,Nacogdoches,Home and lifestyle,60.38,10,12/02/19,16:19:00,Cash,6.0,0.33,603.8,199.25
485,WALM003,San Antonio,Sports and travel,36.98,10,01/01/19,19:48:00,Credit card,7.0,0.36,369.8,133.13
486,WALM060,DeSoto,Sports and travel,49.49,4,21/03/19,15:25:00,Ewallet,6.6,0.33,197.96,65.33
487,WALM026,Denton,Fashion accessories,41.09,10,28/02/19,14:42:00,Cash,7.3,0.48,410.9,197.23
488,WALM080,Nacogdoches,Fashion accessories,37.15,4,23/03/19,18:59:00,Ewallet,8.3,0.33,148.6,49.04
489,WALM050,Victoria,Home and lifestyle,22.96,1,30/01/19,20:47:00,Ewallet,4.3,0.48,22.96,11.02
490,WALM063,Georgetown,Home and lifestyle,77.68,9,04/02/19,13:21:00,Ewallet,9.8,0.33,699.12,230.71
491,WALM051,New Braunfels,Fashion accessories,34.7,2,13/03/19,19:48:00,Ewallet,8.2,0.48,69.4,33.31
492,WALM004,Austin,Fashion accessories,19.66,10,15/03/19,18:20:00,Credit card,7.2,0.48,196.6,94.37
493,WALM085,Kerrville,Health and beauty,25.32,8,05/03/19,20:24:00,Ewallet,8.7,0.33,202.56,66.84
494,WALM011,Lubbock,Home and lifestyle,12.12,10,05/03/19,13:44:00,Credit card,8.4,0.48,121.2,58.18
495,WALM081,Friendswood,Fashion accessories,99.89,2,26/02/19,11:48:00,Ewallet,7.1,0.33,199.78,65.93
496,WALM019,Pasadena,Sports and travel,75.92,8,20/03/19,14:14:00,Cash,5.5,0.48,607.36,291.53
497,WALM053,Conroe,Electronic accessories,63.22,2,01/01/19,15:51:00,Cash,8.5,0.21,126.44,26.55
498,WALM098,Mineral Wells,Food and beverages,90.24,6,27/01/19,11:17:00,Cash,6.2,0.18,541.44,97.46
499,WALM073,Seguin,Sports and travel,98.13,1,21/01/19,17:36:00,Cash,8.9,0.33,98.13,32.38
500,WALM071,Lufkin,Sports and travel,51.52,8,02/02/19,15:47:00,Cash,9.6,0.33,412.16,136.01
501,WALM087,Waxahachie,Sports and travel,73.97,1,03/02/19,15:53:00,Credit card,5.4,0.33,73.97,24.41
502,WALM006,El Paso,Fashion accessories,31.9,1,05/01/19,12:40:00,Ewallet,9.1,0.48,31.9,15.31
503,WALM002,Dallas,Home and lifestyle,69.4,2,27/01/19,19:48:00,Ewallet,9.0,0.36,138.8,49.97
504,WALM075,San Marcos,Sports and travel,93.31,2,25/03/19,17:53:00,Cash,6.3,0.33,186.62,61.58
505,WALM048,Harlingen,Sports and travel,88.45,1,25/02/19,16:36:00,Credit card,9.5,0.48,88.45,42.46
506,WALM040,Edinburg,Electronic accessories,24.18,8,28/01/19,20:54:00,Ewallet,9.8,0.48,193.44,92.85
507,WALM019,Pasadena,Sports and travel,48.5,3,08/01/19,12:50:00,Cash,6.7,0.48,145.5,69.84
508,WALM059,Pflugerville,Food and beverages,84.05,6,29/01/19,10:48:00,Credit card,7.7,0.33,504.3,166.42
509,WALM077,Coppell,Health and beauty,61.29,5,29/03/19,14:28:00,Cash,7.0,0.33,306.45,101.13
510,WALM055,Waxahachie,Home and lifestyle,15.95,6,09/02/19,17:15:00,Credit card,5.1,0.33,95.7,31.58
511,WALM057,Euless,Sports and travel,90.74,7,16/01/19,18:03:00,Credit card,6.2,0.33,635.18,209.61
512,WALM007,Arlington,Home and lifestyle,42.91,5,05/01/19,17:29:00,Ewallet,6.1,0.48,214.55,102.98
513,WALM071,Lufkin,Fashion accessories,54.28,7,27/01/19,18:05:00,Ewallet,9.3,0.33,379.96,125.39
514,WALM088,Cleburne,Electronic accessories,99.55,7,14/03/19,12:07:00,Cash,7.6,0.33,696.85,229.96
515,WALM051,New Braunfels,Sports and travel,58.39,7,23/02/19,19:49:00,Credit card,8.2,0.48,408.73,196.19
516,WALM025,Waco,Fashion accessories,51.47,1,18/03/19,15:52:00,Ewallet,8.5,0.48,51.47,24.71
517,WALM071,Lufkin,Health and beauty,54.86,5,29/03/19,16:48:00,Ewallet,9.8,0.33,274.3,90.52
518,WALM089,Southlake,Home and lifestyle,39.39,5,22/01/19,20:46:00,Credit card,8.7,0.33,196.95,64.99
519,WALM008,Corpus Christi,Home and lifestyle,34.73,2,01/03/19,18:14:00,Ewallet,9.7,0.48,69.46,33.34
520,WALM033,Pearland,Sports and travel,71.92,5,17/01/19,15:05:00,Credit card,4.3,0.48,359.6,172.61
521,WALM059,Pflugerville,Electronic accessories,45.71,3,26/03/19,10:34:00,Credit card,7.7,0.33,137.13,45.25
522,WALM097,Alice,Home and lifestyle,83.17,6,20/03/19,11:23:00,Cash,7.3,0.18,499.02,89.82
523,WALM035,San Angelo,Home and lifestyle,37.44,6,06/02/19,13:55:00,Credit card,5.9,0.48,224.64,107.83
524,WALM075,San Marcos,Health and beauty,62.87,2,01/01/19,11:43:00,Cash,5.0,0.33,125.74,41.49
525,WALM075,San Marcos,Food and beverages,81.71,6,27/01/19,14:36:00,Credit card,8.0,0.33,490.26,161.79
526,WALM074,Weslaco,Sports and travel,91.41,5,25/02/19,16:03:00,Cash,7.1,0.33,457.05,150.83
527,WALM095,Big Spring,Fashion accessories,39.21,4,16/01/19,20:03:00,Credit card,9.0,0.33,156.84,51.76
528,WALM013,Irving,Fashion accessories,59.86,2,13/01/19,14:55:00,Ewallet,6.7,0.48,119.72,57.47
529,WALM056,Rowlett,Food and beverages,54.36,10,07/02/19,11:28:00,Credit card,6.1,0.33,543.6,179.39
530,WALM019,Pasadena,Sports and travel,98.09,9,17/02/19,19:41:00,Cash,9.3,0.48,882.81,423.75
531,WALM073,Seguin,Health and beauty,25.43,6,12/02/19,19:01:00,Ewallet,7.0,0.33,152.58,50.35
532,WALM082,Weslaco,Fashion accessories,86.68,8,24/01/19,18:04:00,Cash,7.2,0.33,693.44,228.84
533,WALM063,Georgetown,Electronic accessories,22.95,10,06/02/19,19:20:00,Ewallet,8.2,0.33,229.5,75.74
534,WALM085,Kerrville,Food and beverages,16.31,9,26/03/19,10:31:00,Ewallet,8.4,0.33,146.79,48.44
535,WALM036,Allen,Home and lifestyle,28.32,5,11/03/19,13:28:00,Ewallet,6.2,0.48,141.6,67.97
536,WALM082,Weslaco,Home and lifestyle,16.67,7,07/02/19,11:36:00,Cash,7.4,0.33,116.69,38.51
537,WALM063,Georgetown,Fashion accessories,73.96,1,05/01/19,11:32:00,Credit card,5.0,0.33,73.96,24.41
538,WALM029,Round Rock,Home and lifestyle,97.94,1,07/03/19,11:44:00,Ewallet,6.9,0.48,97.94,47.01
539,WALM098,Mineral Wells,Fashion accessories,73.05,4,25/02/19,17:16:00,Credit card,4.9,0.18,292.2,52.6
540,WALM062,Galveston,Food and beverages,87.48,6,01/02/19,18:43:00,Ewallet,5.1,0.33,524.88,173.21
541,WALM042,Bryan,Home and lifestyle,30.68,3,22/01/19,11:00:00,Ewallet,9.1,0.48,92.04,44.18
542,WALM048,Harlingen,Health and beauty,75.88,1,03/01/19,10:30:00,Credit card,7.1,0.48,75.88,36.42
543,WALM091,Little Elm,Sports and travel,20.18,4,13/02/19,12:14:00,Credit card,5.0,0.33,80.72,26.64
544,WALM055,Waxahachie,Electronic accessories,18.77,6,28/01/19,16:43:00,Credit card,5.5,0.33,112.62,37.16
545,WALM097,Alice,Food and beverages,71.2,1,05/01/19,20:40:00,Credit card,9.2,0.18,71.2,12.82
546,WALM089,Southlake,Home and lifestyle,38.81,4,19/03/19,13:40:00,Ewallet,4.9,0.33,155.24,51.23
547,WALM004,Austin,Fashion accessories,29.42,10,12/01/19,16:23:00,Ewallet,8.9,0.48,294.2,141.22
548,WALM093,Angleton,Sports and travel,60.95,9,07/01/19,12:08:00,Credit card,6.0,0.33,548.55,181.02
549,WALM057,Euless,Sports and travel,51.54,5,26/01/19,17:45:00,Cash,4.2,0.33,257.7,85.04
550,WALM037,League City,Electronic accessories,66.06,6,23/01/19,10:28:00,Cash,7.3,0.48,396.36,190.25
551,WALM066,Grapevine,Fashion accessories,57.27,3,09/02/19,20:31:00,Ewallet,6.5,0.33,171.81,56.7
552,WALM096,Eagle Pass,Fashion accessories,54.31,9,22/02/19,10:49:00,Cash,8.9,0.18,488.79,87.98
553,WALM023,Midland,Health and beauty,58.24,9,05/02/19,12:34:00,Cash,9.7,0.48,524.16,251.6
554,WALM072,Lancaster,Electronic accessories,22.21,6,07/03/19,10:23:00,Credit card,8.6,0.33,133.26,43.98
555,WALM061,Cedar Park,Electronic accessories,19.32,7,25/03/19,18:51:00,Cash,6.9,0.33,135.24,44.63
556,WALM014,Amarillo,Home and lifestyle,37.48,3,20/01/19,13:45:00,Credit card,7.7,0.48,112.44,53.97
557,WALM012,Garland,Fashion accessories,72.04,2,04/02/19,19:38:00,Cash,9.5,0.48,144.08,69.16
558,WALM042,Bryan,Food and beverages,98.52,10,30/01/19,20:23:00,Ewallet,4.5,0.48,985.2,472.9
559,WALM036,Allen,Food and beverages,41.66,6,02/01/19,15:24:00,Ewallet,5.6,0.48,249.96,119.98
560,WALM087,Waxahachie,Home and lifestyle,72.42,3,29/03/19,16:54:00,Ewallet,8.2,0.33,217.26,71.7
561,WALM050,Victoria,Electronic accessories,21.58,9,14/03/19,12:32:00,Ewallet,7.3,0.48,194.22,93.23
562,WALM080,Nacogdoches,Food and beverages,89.2,10,11/02/19,15:42:00,Credit card,4.4,0.33,892.0,294.36
563,WALM089,Southlake,Electronic accessories,42.42,8,30/01/19,13:58:00,Ewallet,5.7,0.33,339.36,111.99
564,WALM083,Farmers Branch,Electronic accessories,74.51,6,20/03/19,15:08:00,Ewallet,5.0,0.33,447.06,147.53
565,WALM020,Killeen,Fashion accessories,99.25,2,20/03/19,13:02:00,Cash,9.0,0.48,198.5,95.28
566,WALM049,North Richland Hills,Food and beverages,81.21,10,17/01/19,13:01:00,Credit card,6.3,0.48,812.1,389.81
567,WALM090,Brownwood,Sports and travel,49.33,10,03/02/19,16:40:00,Credit card,9.4,0.33,493.3,162.79
568,WALM083,Farmers Branch,Fashion accessories,65.74,9,01/01/19,13:55:00,Cash,7.7,0.33,591.66,195.25
569,WALM074,Weslaco,Fashion accessories,79.86,7,10/01/19,10:33:00,Cash,5.5,0.33,559.02,184.48
570,WALM082,Weslaco,Sports and travel,73.98,7,02/03/19,16:42:00,Cash,4.1,0.33,517.86,170.89
571,WALM046,Temple,Home and lifestyle,82.04,5,25/02/19,17:16:00,Credit card,7.6,0.48,410.2,196.9
572,WALM092,Lake Jackson,Sports and travel,26.67,10,29/01/19,11:48:00,Cash,8.6,0.33,266.7,88.01
573,WALM012,Garland,Food and beverages,10.13,7,10/03/19,19:35:00,Ewallet,8.3,0.48,70.91,34.04
574,WALM063,Georgetown,Food and beverages,72.39,2,13/01/19,19:55:00,Credit card,8.1,0.33,144.78,47.78
575,WALM030,Richardson,Sports and travel,85.91,5,22/03/19,14:33:00,Credit card,8.6,0.48,429.55,206.18
576,WALM047,Flower Mound,Fashion accessories,81.31,7,01/03/19,19:49:00,Ewallet,6.3,0.48,569.17,273.2
577,WALM052,Mansfield,Food and beverages,60.3,4,20/02/19,18:43:00,Cash,5.8,0.57,241.2,137.48
578,WALM027,Abilene,Food and beverages,31.77,4,14/01/19,14:43:00,Ewallet,6.2,0.48,127.08,61.0
579,WALM087,Waxahachie,Health and beauty,64.27,4,26/03/19,13:54:00,Cash,7.7,0.33,257.08,84.84
580,WALM070,Hurst,Health and beauty,69.51,2,01/03/19,12:15:00,Ewallet,8.1,0.33,139.02,45.88
581,WALM044,Pharr,Food and beverages,27.22,3,07/01/19,12:37:00,Cash,7.3,0.48,81.66,39.2
582,WALM095,Big Spring,Health and beauty,77.68,4,01/02/19,19:54:00,Cash,8.4,0.33,310.72,102.54
583,WALM013,Irving,Fashion accessories,92.98,2,13/02/19,15:06:00,Credit card,8.0,0.48,185.96,89.26
584,WALM001,Houston,Fashion accessories,18.08,4,14/01/19,18:03:00,Credit card,9.5,0.36,72.32,26.04
585,WALM088,Cleburne,Sports and travel,63.06,3,19/01/19,15:58:00,Ewallet,7.0,0.33,189.18,62.43
586,WALM020,Killeen,Health and beauty,51.71,4,09/03/19,13:53:00,Credit card,9.8,0.48,206.84,99.28
587,WALM038,Sugar Land,Food and beverages,52.34,3,27/03/19,14:03:00,Cash,9.2,0.48,157.02,75.37
588,WALM069,Rockwall,Sports and travel,43.06,5,04/02/19,16:38:00,Ewallet,7.7,0.33,215.3,71.05
589,WALM062,Galveston,Fashion accessories,59.61,10,14/03/19,11:07:00,Cash,5.3,0.33,596.1,196.71
590,WALM081,Friendswood,Health and beauty,14.62,5,04/03/19,12:23:00,Cash,4.4,0.33,73.1,24.12
591,WALM071,Lufkin,Health and beauty,46.53,6,03/03/19,10:54:00,Credit card,4.3,0.33,279.18,92.13
592,WALM030,Richardson,Home and lifestyle,24.24,7,27/01/19,17:38:00,Ewallet,9.4,0.48,169.68,81.45
593,WALM046,Temple,Sports and travel,45.58,1,07/02/19,14:13:00,Cash,9.8,0.48,45.58,21.88
594,WALM028,Odessa,Sports and travel,75.2,3,05/02/19,11:51:00,Ewallet,4.8,0.48,225.6,108.29
595,WALM070,Hurst,Sports and travel,96.8,3,15/03/19,13:05:00,Cash,5.3,0.33,290.4,95.83
596,WALM026,Denton,Health and beauty,14.82,3,01/03/19,11:30:00,Credit card,8.7,0.48,44.46,21.34
597,WALM081,Friendswood,Food and beverages,52.2,3,15/02/19,13:30:00,Credit card,9.5,0.33,156.6,51.68
598,WALM020,Killeen,Sports and travel,46.66,9,17/02/19,19:11:00,Ewallet,5.3,0.48,419.94,201.57
599,WALM048,Harlingen,Fashion accessories,36.85,5,26/01/19,18:53:00,Cash,9.2,0.48,184.25,88.44
600,WALM047,Flower Mound,Home and lifestyle,70.32,2,24/03/19,14:22:00,Ewallet,9.6,0.48,140.64,67.51
601,WALM080,Nacogdoches,Electronic accessories,83.08,1,23/01/19,17:16:00,Ewallet,6.4,0.33,83.08,27.42
602,WALM064,Bedford,Fashion accessories,64.99,1,26/01/19,10:06:00,Credit card,4.5,0.33,64.99,21.45
603,WALM086,Rosenberg,Food and beverages,77.56,10,14/03/19,20:35:00,Ewallet,6.9,0.33,775.6,255.95
604,WALM040,Edinburg,Sports and travel,54.51,6,17/03/19,13:54:00,Ewallet,7.8,0.48,327.06,156.99
605,WALM096,Eagle Pass,Fashion accessories,51.89,7,08/01/19,20:08:00,Cash,4.5,0.18,363.23,65.38
606,WALM060,DeSoto,Home and lifestyle,31.75,4,08/02/19,15:26:00,Cash,8.6,0.33,127.0,41.91
607,WALM069,Rockwall,Fashion accessories,53.65,7,10/02/19,12:56:00,Ewallet,5.2,0.33,375.55,123.93
608,WALM021,McAllen,Food and beverages,49.79,4,28/03/19,19:16:00,Credit card,6.4,0.48,199.16,95.6
609,WALM049,North Richland Hills,Fashion accessories,30.61,1,23/01/19,12:20:00,Ewallet,5.2,0.48,30.61,14.69
610,WALM029,Round Rock,Food and beverages,57.89,2,17/01/19,10:37:00,Ewallet,8.9,0.48,115.78,55.57
611,WALM038,Sugar Land,Electronic accessories,28.96,1,07/02/19,10:18:00,Credit card,6.2,0.48,28.96,13.9
612,WALM052,Mansfield,Food and beverages,98.97,9,09/03/19,11:23:00,Cash,6.7,0.57,890.73,507.72
613,WALM069,Rockwall,Fashion accessories,93.22,3,24/01/19,11:45:00,Cash,7.2,0.33,279.66,92.29
614,WALM045,Missouri City,Sports and travel,80.93,1,19/01/19,16:08:00,Credit card,9.0,0.48,80.93,38.85
615,WALM012,Garland,Food and beverages,67.45,10,03/02/19,11:25:00,Ewallet,4.2,0.48,674.5,323.76
616,WALM092,Lake Jackson,Sports and travel,38.72,9,20/03/19,12:24:00,Ewallet,4.2,0.33,348.48,115.0
617,WALM068,Burleson,Sports and travel,72.6,6,13/01/19,19:51:00,Cash,6.9,0.33,435.6,143.75
618,WALM098,Mineral Wells,Electronic accessories,87.91,5,14/03/19,18:10:00,Ewallet,4.4,0.18,439.55,79.12
619,WALM030,Richardson,Food and beverages,98.53,6,23/01/19,11:22:00,Credit card,4.0,0.48,591.18,283.77
620,WALM019,Pasadena,Fashion accessories,43.46,6,07/02/19,17:55:00,Ewallet,8.5,0.48,260.76,125.16
621,WALM074,Weslaco,Food and beverages,71.68,3,28/03/19,15:30:00,Cash,9.2,0.33,215.04,70.96
622,WALM074,Weslaco,Food and beverages,91.61,1,20/03/19,19:44:00,Cash,9.8,0.33,91.61,30.23
623,WALM017,McKinney,Home and lifestyle,94.59,7,17/01/19,15:27:00,Credit card,4.9,0.48,662.13,317.82
624,WALM032,Tyler,Fashion accessories,83.25,10,12/01/19,11:25:00,Credit card,4.4,0.48,832.5,399.6
625,WALM023,Midland,Fashion accessories,91.35,1,16/02/19,15:42:00,Cash,6.8,0.48,91.35,43.85
626,WALM020,Killeen,Food and beverages,78.88,2,26/01/19,16:04:00,Cash,9.1,0.48,157.76,75.72
627,WALM075,San Marcos,Sports and travel,60.87,2,09/03/19,12:37:00,Ewallet,8.7,0.33,121.74,40.17
628,WALM043,Baytown,Health and beauty,82.58,10,14/03/19,14:41:00,Cash,5.0,0.48,825.8,396.38
629,WALM049,North Richland Hills,Home and lifestyle,53.3,3,25/01/19,14:19:00,Ewallet,7.5,0.48,159.9,76.75
630,WALM059,Pflugerville,Fashion accessories,12.09,1,26/01/19,18:19:00,Credit card,8.2,0.33,12.09,3.99
631,WALM006,El Paso,Sports and travel,64.19,10,19/01/19,14:08:00,Credit card,6.7,0.48,641.9,308.11
632,WALM001,Houston,Electronic accessories,78.31,3,05/03/19,16:38:00,Ewallet,5.4,0.36,234.93,84.57
633,WALM020,Killeen,Food and beverages,83.77,2,15/01/19,10:54:00,Credit card,7.0,0.48,167.54,80.42
634,WALM058,Port Arthur,Home and lifestyle,99.7,3,18/03/19,11:29:00,Ewallet,4.7,0.33,299.1,98.7
635,WALM049,North Richland Hills,Food and beverages,79.91,3,20/03/19,19:28:00,Credit card,5.0,0.48,239.73,115.07
636,WALM003,San Antonio,Health and beauty,66.47,10,15/01/19,15:01:00,Credit card,5.0,0.48,664.7,319.06
637,WALM038,Sugar Land,Health and beauty,28.95,7,03/03/19,20:31:00,Credit card,6.0,0.48,202.65,97.27
638,WALM023,Midland,Electronic accessories,46.2,1,19/03/19,12:16:00,Cash,6.3,0.48,46.2,22.18
639,WALM002,Dallas,Food and beverages,17.63,5,08/03/19,15:27:00,Cash,8.5,0.36,88.15,31.73
640,WALM066,Grapevine,Fashion accessories,52.42,3,27/02/19,17:36:00,Ewallet,7.5,0.33,157.26,51.9
641,WALM076,Huntsville,Food and beverages,98.79,3,23/02/19,20:00:00,Ewallet,6.4,0.33,296.37,97.8
642,WALM025,Waco,Electronic accessories,88.55,8,19/03/19,15:29:00,Ewallet,4.7,0.48,708.4,340.03
643,WALM035,San Angelo,Electronic accessories,55.67,2,27/03/19,15:08:00,Ewallet,6.0,0.48,111.34,53.44
644,WALM053,Conroe,Food and beverages,72.52,8,30/03/19,19:26:00,Credit card,4.0,0.57,580.16,330.69
645,WALM007,Arlington,Electronic accessories,12.05,5,16/02/19,15:53:00,Ewallet,5.5,0.48,60.25,28.92
646,WALM098,Mineral Wells,Home and lifestyle,19.36,9,18/01/19,18:43:00,Ewallet,8.7,0.18,174.24,31.36
647,WALM045,Missouri City,Health and beauty,70.21,6,30/03/19,14:58:00,Credit card,7.4,0.48,421.26,202.2
648,WALM030,Richardson,Fashion accessories,33.63,1,20/03/19,19:55:00,Cash,5.6,0.48,33.63,16.14
649,WALM055,Waxahachie,Sports and travel,15.49,2,16/01/19,15:10:00,Cash,6.3,0.33,30.98,10.22
650,WALM077,Coppell,Electronic accessories,24.74,10,24/02/19,16:44:00,Cash,7.1,0.33,247.4,81.64
651,WALM088,Cleburne,Electronic accessories,75.66,5,15/01/19,18:22:00,Ewallet,7.8,0.33,378.3,124.84
652,WALM060,DeSoto,Health and beauty,55.81,6,22/01/19,11:52:00,Cash,9.9,0.33,334.86,110.5
653,WALM020,Killeen,Home and lifestyle,72.78,10,03/02/19,17:24:00,Cash,7.3,0.48,727.8,349.34
654,WALM090,Brownwood,Sports and travel,37.32,9,06/03/19,15:31:00,Ewallet,5.1,0.33,335.88,110.84
655,WALM032,Tyler,Fashion accessories,60.18,4,16/02/19,18:04:00,Credit card,9.4,0.48,240.72,115.55
656,WALM073,Seguin,Electronic accessories,15.69,3,14/03/19,14:13:00,Credit card,5.8,0.33,47.07,15.53
657,WALM027,Abilene,Electronic accessories,99.69,1,27/02/19,10:23:00,Credit card,8.0,0.48,99.69,47.85
658,WALM054,Sherman,Fashion accessories,88.15,3,18/01/19,10:11:00,Ewallet,7.9,0.21,264.45,55.53
659,WALM071,Lufkin,Sports and travel,27.93,5,29/01/19,15:48:00,Cash,5.9,0.33,139.65,46.08
660,WALM093,Angleton,Fashion accessories,55.45,1,26/02/19,17:46:00,Credit card,4.9,0.33,55.45,18.3
661,WALM021,McAllen,Sports and travel,42.97,3,03/02/19,11:46:00,Cash,9.3,0.48,128.91,61.88
662,WALM097,Alice,Sports and travel,17.14,7,16/01/19,12:07:00,Credit card,7.9,0.18,119.98,21.6
663,WALM045,Missouri City,Fashion accessories,58.75,6,24/03/19,18:14:00,Credit card,5.9,0.48,352.5,169.2
664,WALM044,Pharr,Food and beverages,87.1,10,12/02/19,14:45:00,Credit card,9.9,0.48,871.0,418.08
665,WALM033,Pearland,Sports and travel,98.8,2,21/02/19,11:39:00,Cash,7.7,0.48,197.6,94.85
666,WALM079,La Porte,Fashion accessories,48.63,4,04/02/19,15:44:00,Ewallet,7.6,0.33,194.52,64.19
667,WALM059,Pflugerville,Food and beverages,57.74,3,20/02/19,13:06:00,Ewallet,7.7,0.33,173.22,57.16
668,WALM047,Flower Mound,Health and beauty,17.97,4,23/02/19,20:43:00,Ewallet,6.4,0.48,71.88,34.5
669,WALM036,Allen,Health and beauty,47.71,6,16/02/19,14:19:00,Ewallet,4.4,0.48,286.26,137.4
670,WALM046,Temple,Sports and travel,40.62,2,17/01/19,10:01:00,Credit card,4.1,0.48,81.24,39.0
671,WALM057,Euless,Fashion accessories,56.04,10,14/01/19,19:30:00,Ewallet,4.4,0.33,560.4,184.93
672,WALM007,Arlington,Food and beverages,93.4,2,30/03/19,16:34:00,Cash,5.5,0.48,186.8,89.66
673,WALM077,Coppell,Health and beauty,73.41,3,02/03/19,13:10:00,Ewallet,4.0,0.33,220.23,72.68
674,WALM064,Bedford,Health and beauty,33.64,8,15/02/19,17:10:00,Credit card,9.3,0.33,269.12,88.81
675,WALM003,San Antonio,Electronic accessories,45.48,10,01/03/19,10:22:00,Credit card,4.8,0.48,454.8,218.3
676,WALM080,Nacogdoches,Fashion accessories,83.77,2,24/02/19,19:57:00,Cash,4.6,0.33,167.54,55.29
677,WALM062,Galveston,Sports and travel,64.08,7,19/02/19,19:29:00,Credit card,7.3,0.33,448.56,148.02
678,WALM066,Grapevine,Food and beverages,73.47,4,23/02/19,18:30:00,Cash,6.0,0.33,293.88,96.98
679,WALM095,Big Spring,Health and beauty,58.95,10,07/02/19,14:27:00,Ewallet,8.1,0.33,589.5,194.54
680,WALM074,Weslaco,Food and beverages,48.5,6,11/01/19,13:57:00,Cash,9.4,0.33,291.0,96.03
681,WALM085,Kerrville,Electronic accessories,39.48,1,12/02/19,19:43:00,Cash,6.5,0.33,39.48,13.03
682,WALM100,Canyon,Sports and travel,34.81,1,14/01/19,10:11:00,Credit card,7.0,0.18,34.81,6.27
683,WALM082,Weslaco,Fashion accessories,49.32,6,09/01/19,13:46:00,Cash,7.1,0.33,295.92,97.65
684,WALM091,Little Elm,Fashion accessories,21.48,2,27/02/19,12:22:00,Ewallet,6.6,0.33,42.96,14.18
685,WALM063,Georgetown,Sports and travel,23.08,6,24/01/19,19:20:00,Ewallet,4.9,0.33,138.48,45.7
686,WALM041,Mission,Home and lifestyle,49.1,2,08/01/19,12:58:00,Ewallet,6.4,0.48,98.2,47.14
687,WALM003,San Antonio,Sports and travel,64.83,2,08/01/19,11:59:00,Credit card,8.0,0.36,129.66,46.68
688,WALM089,Southlake,Home and lifestyle,63.56,10,16/01/19,17:59:00,Cash,4.3,0.33,635.6,209.75
689,WALM058,Port Arthur,Sports and travel,72.88,2,13/03/19,12:51:00,Cash,6.1,0.33,145.76,48.1
690,WALM083,Farmers Branch,Food and beverages,67.1,3,15/02/19,10:36:00,Cash,7.5,0.33,201.3,66.43
691,WALM057,Euless,Sports and travel,70.19,9,25/01/19,13:38:00,Cash,6.7,0.33,631.71,208.46
692,WALM089,Southlake,Food and beverages,55.04,7,12/03/19,19:39:00,Ewallet,5.2,0.33,385.28,127.14
693,WALM022,Mesquite,Health and beauty,48.63,10,04/03/19,12:44:00,Cash,8.8,0.48,486.3,233.42
694,WALM012,Garland,Fashion accessories,73.38,7,10/02/19,13:56:00,Cash,9.5,0.48,513.66,246.56
695,WALM009,Plano,Food and beverages,52.6,9,16/01/19,14:42:00,Cash,7.6,0.48,473.4,227.23
696,WALM052,Mansfield,Home and lifestyle,87.37,5,29/01/19,19:45:00,Cash,6.6,0.57,436.85,249.0
697,WALM040,Edinburg,Sports and travel,27.04,4,01/01/19,20:26:00,Ewallet,6.9,0.48,108.16,51.92
698,WALM079,La Porte,Home and lifestyle,62.19,4,06/01/19,19:46:00,Ewallet,4.3,0.33,248.76,82.09
699,WALM088,Cleburne,Electronic accessories,69.58,9,19/02/19,19:38:00,Credit card,7.8,0.33,626.22,206.65
700,WALM066,Grapevine,Home and lifestyle,97.5,10,12/01/19,16:18:00,Ewallet,8.0,0.33,975.0,321.75
701,WALM061,Cedar Park,Fashion accessories,60.41,8,07/02/19,12:23:00,Ewallet,9.6,0.33,483.28,159.48
702,WALM059,Pflugerville,Food and beverages,32.32,3,27/03/19,19:11:00,Credit card,4.3,0.33,96.96,32.0
703,WALM046,Temple,Fashion accessories,19.77,10,27/02/19,18:57:00,Credit card,5.0,0.48,197.7,94.9
704,WALM044,Pharr,Health and beauty,80.47,9,06/01/19,11:18:00,Cash,9.2,0.48,724.23,347.63
705,WALM042,Bryan,Home and lifestyle,88.39,9,02/03/19,12:40:00,Cash,6.3,0.48,795.51,381.84
706,WALM045,Missouri City,Health and beauty,71.77,7,29/03/19,14:06:00,Credit card,8.9,0.48,502.39,241.15
707,WALM031,Lewisville,Electronic accessories,43.0,4,31/01/19,20:48:00,Ewallet,7.6,0.48,172.0,82.56
708,WALM069,Rockwall,Food and beverages,68.98,1,21/01/19,20:13:00,Cash,4.8,0.33,68.98,22.76
709,WALM048,Harlingen,Fashion accessories,15.62,8,20/01/19,20:37:00,Ewallet,9.1,0.48,124.96,59.98
710,WALM040,Edinburg,Sports and travel,25.7,3,17/01/19,17:59:00,Ewallet,6.1,0.48,77.1,37.01
711,WALM080,Nacogdoches,Food and beverages,80.62,6,28/02/19,20:18:00,Cash,9.1,0.33,483.72,159.63
712,WALM007,Arlington,Home and lifestyle,75.53,4,19/03/19,15:52:00,Ewallet,8.3,0.48,302.12,145.02
713,WALM074,Weslaco,Electronic accessories,77.63,9,19/02/19,15:14:00,Cash,7.2,0.33,698.67,230.56
714,WALM021,McAllen,Health and beauty,13.85,9,04/02/19,12:50:00,Ewallet,6.0,0.48,124.65,59.83
715,WALM049,North Richland Hills,Fashion accessories,98.7,8,31/01/19,10:36:00,Ewallet,8.5,0.48,789.6,379.01
716,WALM057,Euless,Health and beauty,35.68,5,06/02/19,18:33:00,Credit card,6.6,0.33,178.4,58.87
717,WALM079,La Porte,Fashion accessories,71.46,7,28/03/19,16:06:00,Ewallet,4.5,0.33,500.22,165.07
718,WALM040,Edinburg,Electronic accessories,11.94,3,19/01/19,12:47:00,Credit card,8.1,0.48,35.82,17.19
719,WALM099,Weatherford,Fashion accessories,45.38,3,17/02/19,13:34:00,Credit card,7.2,0.18,136.14,24.51
720,WALM056,Rowlett,Fashion accessories,17.48,6,18/01/19,15:04:00,Credit card,6.1,0.33,104.88,34.61
721,WALM004,Austin,Fashion accessories,25.56,7,02/02/19,20:42:00,Cash,7.1,0.48,178.92,85.88
722,WALM018,Frisco,Sports and travel,90.63,9,18/01/19,15:28:00,Cash,5.1,0.48,815.67,391.52
723,WALM087,Waxahachie,Home and lifestyle,44.12,3,18/03/19,13:45:00,Credit card,7.9,0.33,132.36,43.68
724,WALM008,Corpus Christi,Food and beverages,36.77,7,11/01/19,20:10:00,Cash,7.4,0.48,257.39,123.55
725,WALM060,DeSoto,Food and beverages,23.34,4,04/02/19,18:53:00,Ewallet,7.4,0.33,93.36,30.81
726,WALM084,Schertz,Health and beauty,28.5,8,06/02/19,14:24:00,Cash,6.6,0.33,228.0,75.24
727,WALM067,Haltom City,Home and lifestyle,55.57,3,08/01/19,11:42:00,Credit card,5.9,0.33,166.71,55.01
728,WALM043,Baytown,Sports and travel,69.74,10,05/03/19,17:49:00,Credit card,8.9,0.48,697.4,334.75
729,WALM096,Eagle Pass,Fashion accessories,97.26,4,16/03/19,15:33:00,Ewallet,6.8,0.18,389.04,70.03
730,WALM029,Round Rock,Home and lifestyle,52.18,7,09/03/19,10:54:00,Cash,9.3,0.48,365.26,175.32
731,WALM078,Del Rio,Fashion accessories,22.32,4,01/03/19,16:23:00,Credit card,4.4,0.33,89.28,29.46
732,WALM087,Waxahachie,Health and beauty,56.0,3,28/02/19,19:33:00,Ewallet,4.8,0.33,168.0,55.44
733,WALM062,Galveston,Fashion accessories,19.7,1,08/02/19,11:39:00,Ewallet,9.5,0.33,19.7,6.5
734,WALM052,Mansfield,Electronic accessories,75.88,7,24/01/19,10:38:00,Ewallet,8.9,0.57,531.16,302.76
735,WALM057,Euless,Food and beverages,53.72,1,01/03/19,20:03:00,Ewallet,6.4,0.33,53.72,17.73
736,WALM095,Big Spring,Health and beauty,81.95,10,10/03/19,12:39:00,Credit card,6.0,0.33,819.5,270.44
737,WALM066,Grapevine,Home and lifestyle,81.2,7,23/03/19,15:59:00,Credit card,8.1,0.33,568.4,187.57
738,WALM010,Laredo,Electronic accessories,58.76,10,29/01/19,14:26:00,Ewallet,9.0,0.48,587.6,282.05
739,WALM064,Bedford,Electronic accessories,91.56,8,12/01/19,18:22:00,Ewallet,6.0,0.33,732.48,241.72
740,WALM084,Schertz,Home and lifestyle,93.96,9,20/03/19,11:32:00,Cash,9.8,0.33,845.64,279.06
741,WALM047,Flower Mound,Home and lifestyle,55.61,7,23/03/19,12:41:00,Cash,8.5,0.48,389.27,186.85
742,WALM076,Huntsville,Food and beverages,84.83,1,14/01/19,15:20:00,Ewallet,8.8,0.33,84.83,27.99
743,WALM048,Harlingen,Sports and travel,71.63,2,12/02/19,14:33:00,Ewallet,8.8,0.48,143.26,68.76
744,WALM067,Haltom City,Home and lifestyle,37.69,2,20/02/19,15:29:00,Ewallet,9.5,0.33,75.38,24.88
745,WALM002,Dallas,Sports and travel,31.67,8,02/01/19,16:19:00,Credit card,5.6,0.36,253.36,91.21
746,WALM081,Friendswood,Food and beverages,38.42,1,02/02/19,16:33:00,Cash,8.6,0.33,38.42,12.68
747,WALM062,Galveston,Fashion accessories,65.23,10,08/01/19,19:07:00,Credit card,5.2,0.33,652.3,215.26
748,WALM016,Brownsville,Home and lifestyle,10.53,5,30/01/19,14:43:00,Credit card,5.8,0.48,52.65,25.27
749,WALM025,Waco,Home and lifestyle,12.29,9,26/03/19,19:28:00,Credit card,8.0,0.48,110.61,53.09
750,WALM005,Fort Worth,Health and beauty,81.23,7,15/01/19,20:44:00,Cash,9.0,0.48,568.61,272.93
751,WALM060,DeSoto,Fashion accessories,22.32,4,14/03/19,11:16:00,Ewallet,4.1,0.33,89.28,29.46
752,WALM090,Brownwood,Food and beverages,27.28,5,03/02/19,10:31:00,Credit card,8.6,0.33,136.4,45.01
753,WALM075,San Marcos,Electronic accessories,17.42,10,22/02/19,12:30:00,Ewallet,7.0,0.33,174.2,57.49
754,WALM074,Weslaco,Home and lifestyle,73.28,5,24/01/19,15:05:00,Cash,8.4,0.33,366.4,120.91
755,WALM021,McAllen,Fashion accessories,84.87,3,25/01/19,18:30:00,Ewallet,7.4,0.48,254.61,122.21
756,WALM072,Lancaster,Fashion accessories,97.29,8,09/03/19,13:18:00,Credit card,6.2,0.33,778.32,256.85
757,WALM077,Coppell,Electronic accessories,35.74,8,17/02/19,15:28:00,Ewallet,4.9,0.33,285.92,94.35
758,WALM063,Georgetown,Home and lifestyle,96.52,6,11/01/19,11:52:00,Cash,4.5,0.33,579.12,191.11
759,WALM064,Bedford,Food and beverages,18.85,10,27/02/19,18:24:00,Ewallet,5.6,0.33,188.5,62.21
760,WALM028,Odessa,Food and beverages,55.39,4,25/03/19,15:19:00,Ewallet,8.0,0.48,221.56,106.35
761,WALM003,San Antonio,Food and beverages,77.2,10,11/02/19,10:38:00,Credit card,5.6,0.48,772.0,370.56
762,WALM069,Rockwall,Electronic accessories,72.13,10,31/01/19,15:12:00,Credit card,4.2,0.33,721.3,238.03
763,WALM071,Lufkin,Fashion accessories,63.88,8,20/01/19,17:48:00,Ewallet,9.9,0.33,511.04,168.64
764,WALM070,Hurst,Health and beauty,10.69,5,26/03/19,11:07:00,Ewallet,7.6,0.33,53.45,17.64
765,WALM004,Austin,Health and beauty,55.5,4,20/01/19,15:48:00,Credit card,6.6,0.48,222.0,106.56
766,WALM017,McKinney,Home and lifestyle,95.46,8,05/03/19,19:40:00,Ewallet,4.7,0.48,763.68,366.57
767,WALM056,Rowlett,Fashion accessories,76.06,3,05/01/19,20:30:00,Credit card,9.8,0.33,228.18,75.3
768,WALM006,El Paso,Sports and travel,13.69,6,13/02/19,13:59:00,Cash,6.3,0.48,82.14,39.43
769,WALM049,North Richland Hills,Electronic accessories,95.64,4,16/03/19,18:51:00,Cash,7.9,0.48,382.56,183.63
770,WALM020,Killeen,Home and lifestyle,11.43,6,15/01/19,17:24:00,Cash,7.7,0.48,68.58,32.92
771,WALM065,Texas City,Sports and travel,95.54,4,26/02/19,11:58:00,Ewallet,4.5,0.33,382.16,126.11
772,WALM039,Longview,Health and beauty,85.87,7,27/02/19,19:01:00,Credit card,8.0,0.48,601.09,288.52
773,WALM046,Temple,Sports and travel,67.99,7,17/02/19,16:50:00,Ewallet,5.7,0.48,475.93,228.45
774,WALM060,DeSoto,Food and beverages,52.42,1,06/02/19,10:22:00,Credit card,6.3,0.33,52.42,17.3
775,WALM052,Mansfield,Food and beverages,65.65,2,17/01/19,16:46:00,Cash,6.0,0.57,131.3,74.84
776,WALM053,Conroe,Food and beverages,28.86,5,22/01/19,18:08:00,Credit card,8.0,0.57,144.3,82.25
777,WALM084,Schertz,Health and beauty,65.31,7,05/03/19,18:02:00,Credit card,4.2,0.33,457.17,150.87
778,WALM096,Eagle Pass,Sports and travel,93.38,1,03/01/19,13:07:00,Cash,9.6,0.33,93.38,30.82
779,WALM031,Lewisville,Sports and travel,25.25,5,20/03/19,17:52:00,Cash,6.1,0.48,126.25,60.6
780,WALM095,Big Spring,Electronic accessories,87.87,9,31/01/19,20:32:00,Ewallet,5.6,0.33,790.83,260.97
781,WALM005,Fort Worth,Health and beauty,21.8,8,19/02/19,19:24:00,Cash,8.3,0.48,174.4,83.71
782,WALM022,Mesquite,Sports and travel,94.76,4,11/02/19,16:06:00,Ewallet,7.8,0.48,379.04,181.94
783,WALM063,Georgetown,Fashion accessories,30.62,1,05/02/19,14:14:00,Credit card,4.1,0.33,30.62,10.1
784,WALM055,Waxahachie,Home and lifestyle,44.01,8,03/03/19,17:36:00,Cash,8.8,0.33,352.08,116.19
785,WALM069,Rockwall,Health and beauty,10.16,5,24/02/19,13:08:00,Ewallet,4.1,0.33,50.8,16.76
786,WALM087,Waxahachie,Electronic accessories,74.58,7,04/02/19,16:09:00,Credit card,9.0,0.33,522.06,172.28
787,WALM062,Galveston,Electronic accessories,71.89,8,19/02/19,11:33:00,Ewallet,5.5,0.33,575.12,189.79
788,WALM025,Waco,Health and beauty,10.99,5,23/01/19,10:18:00,Credit card,9.3,0.48,54.95,26.38
789,WALM017,McKinney,Health and beauty,60.47,3,14/01/19,10:55:00,Credit card,5.6,0.48,181.41,87.08
790,WALM089,Southlake,Sports and travel,58.91,7,17/01/19,15:15:00,Ewallet,9.7,0.33,412.37,136.08
791,WALM031,Lewisville,Fashion accessories,46.41,1,03/03/19,20:06:00,Credit card,4.0,0.48,46.41,22.28
792,WALM038,Sugar Land,Health and beauty,68.55,4,15/02/19,20:21:00,Credit card,9.2,0.48,274.2,131.62
793,WALM008,Corpus Christi,Home and lifestyle,97.37,10,15/01/19,13:48:00,Credit card,4.9,0.48,973.7,467.38
794,WALM022,Mesquite,Electronic accessories,92.6,7,27/02/19,12:52:00,Credit card,9.3,0.48,648.2,311.14
795,WALM100,Canyon,Electronic accessories,46.61,2,26/02/19,12:28:00,Credit card,6.6,0.18,93.22,16.78
796,WALM001,Houston,Fashion accessories,27.18,2,15/03/19,16:26:00,Ewallet,4.3,0.36,54.36,19.57
797,WALM067,Haltom City,Home and lifestyle,60.87,1,24/01/19,13:24:00,Cash,5.5,0.33,60.87,20.09
798,WALM072,Lancaster,Sports and travel,24.49,10,22/02/19,15:15:00,Cash,8.1,0.33,244.9,80.82
799,WALM098,Mineral Wells,Health and beauty,92.78,1,15/03/19,10:50:00,Credit card,9.8,0.18,92.78,16.7
800,WALM067,Haltom City,Home and lifestyle,86.69,5,11/02/19,18:38:00,Ewallet,9.4,0.33,433.45,143.04
801,WALM075,San Marcos,Sports and travel,23.01,6,12/01/19,16:45:00,Ewallet,7.9,0.33,138.06,45.56
802,WALM005,Fort Worth,Electronic accessories,30.2,8,03/03/19,19:30:00,Ewallet,5.1,0.48,241.6,115.97
803,WALM037,League City,Fashion accessories,67.39,7,23/03/19,13:23:00,Ewallet,6.9,0.48,471.73,226.43
804,WALM096,Eagle Pass,Fashion accessories,48.96,9,04/03/19,11:27:00,Cash,8.0,0.18,440.64,79.32
805,WALM009,Plano,Electronic accessories,75.59,9,23/02/19,11:12:00,Cash,8.0,0.48,680.31,326.55
806,WALM074,Weslaco,Home and lifestyle,77.47,4,17/03/19,16:36:00,Cash,4.2,0.33,309.88,102.26
807,WALM080,Nacogdoches,Sports and travel,93.18,2,16/01/19,18:41:00,Credit card,8.5,0.33,186.36,61.5
808,WALM025,Waco,Electronic accessories,50.23,4,08/01/19,17:12:00,Cash,9.0,0.48,200.92,96.44
809,WALM040,Edinburg,Health and beauty,17.75,1,14/01/19,10:38:00,Cash,8.6,0.48,17.75,8.52
810,WALM059,Pflugerville,Fashion accessories,62.18,10,31/01/19,10:33:00,Ewallet,6.0,0.33,621.8,205.19
811,WALM016,Brownsville,Health and beauty,10.75,8,15/03/19,14:38:00,Ewallet,6.2,0.48,86.0,41.28
812,WALM082,Weslaco,Electronic accessories,40.26,10,24/02/19,18:06:00,Cash,5.0,0.33,402.6,132.86
813,WALM086,Rosenberg,Sports and travel,64.97,5,08/02/19,12:52:00,Credit card,6.5,0.33,324.85,107.2
814,WALM077,Coppell,Electronic accessories,95.15,1,22/03/19,14:00:00,Cash,6.0,0.33,95.15,31.4
815,WALM028,Odessa,Electronic accessories,48.62,8,24/01/19,10:57:00,Cash,5.0,0.48,388.96,186.7
816,WALM072,Lancaster,Food and beverages,53.21,8,14/03/19,16:45:00,Ewallet,5.0,0.33,425.68,140.47
817,WALM058,Port Arthur,Fashion accessories,45.44,7,23/01/19,11:15:00,Cash,9.2,0.33,318.08,104.97
818,WALM078,Del Rio,Food and beverages,33.88,8,19/01/19,20:29:00,Ewallet,9.6,0.33,271.04,89.44
819,WALM008,Corpus Christi,Health and beauty,96.16,4,27/01/19,20:03:00,Credit card,8.4,0.48,384.64,184.63
820,WALM086,Rosenberg,Food and beverages,47.16,5,03/02/19,14:35:00,Credit card,6.0,0.33,235.8,77.81
821,WALM069,Rockwall,Electronic accessories,52.89,4,25/03/19,16:32:00,Ewallet,6.7,0.33,211.56,69.81
822,WALM009,Plano,Home and lifestyle,47.68,2,24/02/19,10:10:00,Credit card,4.1,0.48,95.36,45.77
823,WALM048,Harlingen,Sports and travel,10.17,1,07/02/19,14:15:00,Cash,5.9,0.48,10.17,4.88
824,WALM035,San Angelo,Health and beauty,68.71,3,04/03/19,10:05:00,Cash,8.7,0.48,206.13,98.94
825,WALM042,Bryan,Sports and travel,60.08,7,14/02/19,11:36:00,Credit card,4.5,0.48,420.56,201.87
826,WALM011,Lubbock,Sports and travel,22.01,4,29/01/19,18:15:00,Credit card,6.6,0.48,88.04,42.26
827,WALM073,Seguin,Health and beauty,72.11,9,28/01/19,13:53:00,Credit card,7.7,0.33,648.99,214.17
828,WALM009,Plano,Fashion accessories,41.28,3,26/03/19,18:37:00,Credit card,8.5,0.48,123.84,59.44
829,WALM020,Killeen,Electronic accessories,64.95,10,24/03/19,18:27:00,Cash,5.2,0.48,649.5,311.76
830,WALM011,Lubbock,Electronic accessories,74.22,10,01/01/19,14:42:00,Credit card,4.3,0.48,742.2,356.26
831,WALM003,San Antonio,Electronic accessories,10.56,8,24/01/19,17:43:00,Cash,7.6,0.48,84.48,40.55
832,WALM087,Waxahachie,Health and beauty,62.57,4,25/02/19,18:37:00,Cash,9.5,0.33,250.28,82.59
833,WALM078,Del Rio,Sports and travel,11.85,8,09/01/19,16:34:00,Cash,4.1,0.33,94.8,31.28
834,WALM082,Weslaco,Health and beauty,91.3,1,14/02/19,14:42:00,Cash,9.2,0.33,91.3,30.13
835,WALM060,DeSoto,Home and lifestyle,40.73,7,12/03/19,11:01:00,Ewallet,5.4,0.33,285.11,94.09
836,WALM074,Weslaco,Fashion accessories,52.38,1,26/03/19,19:44:00,Cash,5.8,0.33,52.38,17.29
837,WALM083,Farmers Branch,Fashion accessories,38.54,5,09/01/19,13:34:00,Ewallet,5.6,0.33,192.7,63.59
838,WALM098,Mineral Wells,Sports and travel,44.63,6,02/01/19,20:08:00,Credit card,5.1,0.18,267.78,48.2
839,WALM076,Huntsville,Electronic accessories,55.87,10,15/01/19,15:01:00,Cash,5.8,0.33,558.7,184.37
840,WALM085,Kerrville,Sports and travel,29.22,6,01/01/19,11:40:00,Ewallet,5.0,0.33,175.32,57.86
841,WALM056,Rowlett,Fashion accessories,51.94,3,15/02/19,15:21:00,Cash,7.9,0.33,155.82,51.42
842,WALM070,Hurst,Electronic accessories,60.3,1,28/02/19,17:38:00,Cash,6.0,0.33,60.3,19.9
843,WALM080,Nacogdoches,Sports and travel,39.47,2,02/03/19,16:16:00,Credit card,5.0,0.33,78.94,26.05
844,WALM061,Cedar Park,Food and beverages,14.87,2,13/02/19,18:15:00,Credit card,8.9,0.33,29.74,9.81
845,WALM051,New Braunfels,Fashion accessories,21.32,1,26/01/19,12:43:00,Cash,5.9,0.48,21.32,10.23
846,WALM051,New Braunfels,Electronic accessories,93.78,3,30/01/19,11:32:00,Credit card,5.9,0.57,281.34,160.36
847,WALM018,Frisco,Electronic accessories,73.26,1,27/01/19,18:08:00,Ewallet,9.7,0.48,73.26,35.16
848,WALM026,Denton,Sports and travel,22.38,1,30/01/19,17:08:00,Credit card,8.6,0.48,22.38,10.74
849,WALM017,McKinney,Food and beverages,72.88,9,08/01/19,19:38:00,Cash,4.0,0.48,655.92,314.84
850,WALM033,Pearland,Fashion accessories,99.1,6,19/01/19,13:11:00,Cash,4.2,0.48,594.6,285.41
851,WALM055,Waxahachie,Fashion accessories,74.1,1,25/01/19,11:05:00,Cash,9.2,0.33,74.1,24.45
852,WALM054,Sherman,Fashion accessories,98.48,2,19/02/19,10:12:00,Ewallet,9.2,0.21,196.96,41.36
853,WALM030,Richardson,Health and beauty,53.19,7,14/01/19,15:42:00,Ewallet,5.0,0.48,372.33,178.72
854,WALM093,Angleton,Electronic accessories,52.79,10,25/02/19,11:58:00,Ewallet,10.0,0.33,527.9,174.21
855,WALM087,Waxahachie,Health and beauty,95.95,5,23/01/19,14:21:00,Ewallet,8.8,0.33,479.75,158.32
856,WALM093,Angleton,Fashion accessories,36.51,9,16/02/19,10:52:00,Cash,4.2,0.33,328.59,108.43
857,WALM049,North Richland Hills,Food and beverages,21.12,8,01/01/19,19:31:00,Cash,6.3,0.48,168.96,81.1
858,WALM067,Haltom City,Home and lifestyle,28.31,4,07/03/19,18:35:00,Cash,8.2,0.33,113.24,37.37
859,WALM093,Angleton,Health and beauty,57.59,6,15/02/19,13:51:00,Cash,5.1,0.33,345.54,114.03
860,WALM097,Alice,Food and beverages,47.63,9,23/01/19,12:35:00,Cash,5.0,0.18,428.67,77.16
861,WALM078,Del Rio,Home and lifestyle,86.27,1,20/02/19,13:24:00,Ewallet,7.0,0.33,86.27,28.47
862,WALM068,Burleson,Sports and travel,12.76,2,08/01/19,18:06:00,Ewallet,7.8,0.33,25.52,8.42
863,WALM031,Lewisville,Home and lifestyle,11.28,9,17/03/19,11:55:00,Credit card,4.3,0.48,101.52,48.73
864,WALM014,Amarillo,Home and lifestyle,51.07,7,12/01/19,11:42:00,Cash,7.0,0.48,357.49,171.6
865,WALM052,Mansfield,Electronic accessories,79.59,3,08/01/19,14:30:00,Cash,6.6,0.57,238.77,136.1
866,WALM075,San Marcos,Health and beauty,33.81,3,26/01/19,15:11:00,Ewallet,7.3,0.33,101.43,33.47
867,WALM085,Kerrville,Sports and travel,90.53,8,15/03/19,14:48:00,Credit card,6.5,0.33,724.24,239.0
868,WALM053,Conroe,Health and beauty,62.82,2,17/01/19,12:36:00,Ewallet,4.9,0.57,125.64,71.61
869,WALM051,New Braunfels,Food and beverages,24.31,3,08/01/19,19:09:00,Credit card,4.3,0.48,72.93,35.01
870,WALM035,San Angelo,Sports and travel,64.59,4,06/01/19,13:35:00,Ewallet,9.3,0.48,258.36,124.01
871,WALM074,Weslaco,Food and beverages,24.82,7,16/02/19,10:33:00,Cash,7.1,0.33,173.74,57.33
872,WALM091,Little Elm,Fashion accessories,56.5,1,13/03/19,15:45:00,Ewallet,9.6,0.33,56.5,18.64
873,WALM005,Fort Worth,Electronic accessories,21.43,10,28/01/19,11:51:00,Cash,6.2,0.48,214.3,102.86
874,WALM059,Pflugerville,Sports and travel,89.06,6,18/01/19,17:26:00,Cash,9.9,0.33,534.36,176.34
875,WALM046,Temple,Home and lifestyle,23.29,4,19/03/19,11:52:00,Credit card,5.9,0.48,93.16,44.72
876,WALM067,Haltom City,Home and lifestyle,65.26,8,15/03/19,14:04:00,Ewallet,6.3,0.33,522.08,172.29
877,WALM046,Temple,Fashion accessories,52.35,1,12/02/19,17:49:00,Cash,4.0,0.48,52.35,25.13
878,WALM047,Flower Mound,Electronic accessories,39.75,1,25/02/19,20:19:00,Cash,6.1,0.48,39.75,19.08
879,WALM067,Haltom City,Electronic accessories,90.02,8,21/03/19,16:08:00,Credit card,4.5,0.33,720.16,237.65
880,WALM013,Irving,Electronic accessories,12.1,8,19/01/19,10:17:00,Ewallet,8.6,0.48,96.8,46.46
881,WALM023,Midland,Food and beverages,33.21,10,08/01/19,14:25:00,Ewallet,6.0,0.48,332.1,159.41
882,WALM084,Schertz,Fashion accessories,10.18,8,30/03/19,12:51:00,Credit card,9.5,0.33,81.44,26.88
883,WALM090,Brownwood,Sports and travel,31.99,10,20/02/19,15:18:00,Credit card,9.9,0.33,319.9,105.57
884,WALM082,Weslaco,Home and lifestyle,34.42,6,30/03/19,12:45:00,Cash,7.5,0.33,206.52,68.15
885,WALM003,San Antonio,Food and beverages,83.34,2,19/03/19,13:37:00,Cash,7.6,0.48,166.68,80.01
886,WALM015,Grand Prairie,Sports and travel,45.58,7,13/01/19,10:03:00,Cash,5.0,0.48,319.06,153.15
887,WALM027,Abilene,Food and beverages,87.9,1,05/02/19,19:42:00,Ewallet,6.7,0.48,87.9,42.19
888,WALM001,Houston,Electronic accessories,73.47,10,23/03/19,13:14:00,Ewallet,9.5,0.36,734.7,264.49
889,WALM093,Angleton,Fashion accessories,12.19,8,13/03/19,12:47:00,Ewallet,6.8,0.33,97.52,32.18
890,WALM025,Waco,Sports and travel,76.92,10,17/03/19,19:53:00,Ewallet,5.6,0.48,769.2,369.22
891,WALM092,Lake Jackson,Health and beauty,83.66,5,21/02/19,10:26:00,Cash,7.2,0.33,418.3,138.04
892,WALM059,Pflugerville,Electronic accessories,57.91,8,07/02/19,15:06:00,Cash,8.1,0.33,463.28,152.88
893,WALM015,Grand Prairie,Fashion accessories,92.49,5,02/03/19,16:35:00,Credit card,8.6,0.48,462.45,221.98
894,WALM063,Georgetown,Electronic accessories,28.38,5,06/03/19,20:57:00,Cash,9.4,0.33,141.9,46.83
895,WALM075,San Marcos,Electronic accessories,50.45,6,06/02/19,15:16:00,Credit card,8.9,0.33,302.7,99.89
896,WALM051,New Braunfels,Health and beauty,99.16,8,28/01/19,17:47:00,Credit card,4.2,0.48,793.28,380.77
897,WALM060,DeSoto,Fashion accessories,60.74,7,18/01/19,16:23:00,Ewallet,5.0,0.33,425.18,140.31
898,WALM039,Longview,Food and beverages,47.27,6,05/02/19,10:17:00,Cash,8.8,0.48,283.62,136.14
899,WALM008,Corpus Christi,Health and beauty,85.6,7,02/03/19,13:50:00,Cash,5.3,0.48,599.2,287.62
900,WALM083,Farmers Branch,Food and beverages,35.04,9,09/02/19,19:17:00,Ewallet,4.6,0.33,315.36,104.07
901,WALM039,Longview,Electronic accessories,44.84,9,14/01/19,14:00:00,Credit card,7.5,0.48,403.56,193.71
902,WALM099,Weatherford,Home and lifestyle,45.97,4,09/02/19,12:02:00,Ewallet,5.1,0.18,183.88,33.1
903,WALM011,Lubbock,Health and beauty,27.73,5,26/03/19,20:21:00,Credit card,4.2,0.48,138.65,66.55
904,WALM052,Mansfield,Food and beverages,11.53,7,28/01/19,17:35:00,Cash,8.1,0.57,80.71,46.0
905,WALM012,Garland,Health and beauty,58.32,2,14/02/19,12:42:00,Ewallet,6.0,0.48,116.64,55.99
906,WALM070,Hurst,Home and lifestyle,78.38,4,24/03/19,17:56:00,Cash,7.9,0.33,313.52,103.46
907,WALM064,Bedford,Health and beauty,84.61,10,09/02/19,18:58:00,Credit card,8.8,0.33,846.1,279.21
908,WALM075,San Marcos,Health and beauty,82.88,5,24/03/19,14:08:00,Credit card,6.6,0.33,414.4,136.75
909,WALM021,McAllen,Food and beverages,79.54,2,27/03/19,16:30:00,Ewallet,6.2,0.48,159.08,76.36
910,WALM009,Plano,Home and lifestyle,49.01,10,27/01/19,10:44:00,Credit card,4.2,0.48,490.1,235.25
911,WALM063,Georgetown,Food and beverages,29.15,3,27/03/19,20:29:00,Credit card,7.3,0.33,87.45,28.86
912,WALM002,Dallas,Electronic accessories,56.13,4,19/01/19,11:43:00,Ewallet,8.6,0.36,224.52,80.83
913,WALM063,Georgetown,Home and lifestyle,93.12,8,07/02/19,10:09:00,Cash,6.8,0.33,744.96,245.84
914,WALM034,College Station,Fashion accessories,51.34,8,31/01/19,10:00:00,Ewallet,7.6,0.48,410.72,197.15
915,WALM005,Fort Worth,Food and beverages,99.6,3,25/02/19,18:45:00,Cash,5.8,0.48,298.8,143.42
916,WALM028,Odessa,Electronic accessories,35.49,6,02/02/19,12:40:00,Cash,4.1,0.48,212.94,102.21
917,WALM001,Houston,Sports and travel,42.85,1,14/03/19,15:36:00,Credit card,9.3,0.36,42.85,15.43
918,WALM027,Abilene,Fashion accessories,94.67,4,11/03/19,12:04:00,Cash,6.8,0.48,378.68,181.77
919,WALM057,Euless,Home and lifestyle,68.97,3,22/02/19,11:26:00,Ewallet,8.7,0.33,206.91,68.28
920,WALM069,Rockwall,Electronic accessories,26.26,3,02/03/19,12:36:00,Ewallet,6.3,0.33,78.78,26.0
921,WALM092,Lake Jackson,Home and lifestyle,35.79,9,10/03/19,15:06:00,Credit card,5.1,0.33,322.11,106.3
922,WALM077,Coppell,Home and lifestyle,16.37,6,08/02/19,10:58:00,Cash,7.0,0.33,98.22,32.41
923,WALM058,Port Arthur,Home and lifestyle,12.73,2,22/02/19,12:10:00,Credit card,5.2,0.33,25.46,8.4
924,WALM068,Burleson,Sports and travel,83.14,7,10/01/19,10:31:00,Credit card,6.6,0.33,581.98,192.05
925,WALM087,Waxahachie,Sports and travel,35.22,6,14/03/19,13:49:00,Ewallet,6.5,0.33,211.32,69.74
926,WALM002,Dallas,Electronic accessories,13.78,4,10/01/19,11:10:00,Ewallet,9.0,0.36,55.12,19.84
927,WALM055,Waxahachie,Sports and travel,88.31,1,15/02/19,17:38:00,Credit card,5.2,0.33,88.31,29.14
928,WALM071,Lufkin,Health and beauty,39.62,9,13/01/19,17:54:00,Credit card,6.8,0.33,356.58,117.67
929,WALM054,Sherman,Electronic accessories,88.25,9,15/02/19,20:51:00,Credit card,7.6,0.33,794.25,262.1
930,WALM024,Carrollton,Sports and travel,25.31,2,02/03/19,19:26:00,Ewallet,7.2,0.48,50.62,24.3
931,WALM062,Galveston,Home and lifestyle,99.92,6,24/03/19,13:33:00,Ewallet,7.1,0.33,599.52,197.84
932,WALM043,Baytown,Fashion accessories,83.35,2,02/02/19,14:05:00,Credit card,9.5,0.48,166.7,80.02
933,WALM038,Sugar Land,Food and beverages,74.44,10,27/02/19,11:40:00,Ewallet,5.1,0.48,744.4,357.31
934,WALM013,Irving,Health and beauty,64.08,7,20/01/19,12:27:00,Ewallet,7.6,0.48,448.56,215.31
935,WALM006,El Paso,Home and lifestyle,63.15,6,03/01/19,20:24:00,Ewallet,9.8,0.48,378.9,181.87
936,WALM099,Weatherford,Home and lifestyle,85.72,3,24/01/19,20:59:00,Ewallet,5.1,0.18,257.16,46.29
937,WALM081,Friendswood,Health and beauty,78.89,7,05/01/19,19:48:00,Ewallet,7.5,0.33,552.23,182.24
938,WALM049,North Richland Hills,Sports and travel,89.48,5,30/03/19,10:18:00,Cash,7.4,0.48,447.4,214.75
939,WALM088,Cleburne,Health and beauty,92.09,3,17/02/19,16:27:00,Cash,4.2,0.33,276.27,91.17
940,WALM067,Haltom City,Food and beverages,57.29,6,21/03/19,17:04:00,Ewallet,5.9,0.33,343.74,113.43
941,WALM093,Angleton,Food and beverages,66.52,4,02/03/19,18:14:00,Ewallet,6.9,0.33,266.08,87.81
942,WALM095,Big Spring,Fashion accessories,99.82,9,27/03/19,10:43:00,Cash,6.6,0.33,898.38,296.47
943,WALM082,Weslaco,Home and lifestyle,45.68,10,19/01/19,19:30:00,Cash,5.7,0.33,456.8,150.74
944,WALM025,Waco,Health and beauty,50.79,5,19/02/19,14:53:00,Credit card,5.3,0.48,253.95,121.9
945,WALM058,Port Arthur,Health and beauty,10.08,7,28/03/19,20:14:00,Cash,4.2,0.33,70.56,23.28
946,WALM097,Alice,Electronic accessories,93.88,7,05/01/19,11:51:00,Credit card,7.3,0.18,657.16,118.29
947,WALM007,Arlington,Electronic accessories,84.25,2,26/03/19,14:13:00,Credit card,5.3,0.48,168.5,80.88
948,WALM009,Plano,Fashion accessories,53.78,1,03/02/19,20:13:00,Ewallet,4.7,0.48,53.78,25.81
949,WALM044,Pharr,Home and lifestyle,35.81,5,06/02/19,18:44:00,Ewallet,7.9,0.48,179.05,85.94
950,WALM020,Killeen,Food and beverages,26.43,8,24/02/19,14:26:00,Ewallet,8.9,0.48,211.44,101.49
951,WALM081,Friendswood,Health and beauty,39.91,3,21/02/19,12:40:00,Ewallet,9.3,0.33,119.73,39.51
952,WALM039,Longview,Home and lifestyle,21.9,3,09/01/19,18:43:00,Ewallet,4.7,0.48,65.7,31.54
953,WALM005,Fort Worth,Food and beverages,62.85,4,25/02/19,13:22:00,Ewallet,8.7,0.48,251.4,120.67
954,WALM066,Grapevine,Food and beverages,21.04,4,13/01/19,13:58:00,Cash,7.6,0.33,84.16,27.77
955,WALM071,Lufkin,Home and lifestyle,65.91,6,09/02/19,11:45:00,Cash,5.7,0.33,395.46,130.5
956,WALM077,Coppell,Fashion accessories,42.57,7,06/01/19,11:51:00,Cash,6.8,0.33,297.99,98.34
957,WALM042,Bryan,Food and beverages,50.49,9,10/01/19,17:16:00,Cash,5.4,0.48,454.41,218.12
958,WALM086,Rosenberg,Electronic accessories,46.02,6,07/02/19,15:55:00,Cash,7.1,0.33,276.12,91.12
959,WALM093,Angleton,Home and lifestyle,15.8,10,09/01/19,12:07:00,Cash,7.8,0.33,158.0,52.14
960,WALM025,Waco,Food and beverages,98.66,9,19/02/19,15:07:00,Cash,8.4,0.48,887.94,426.21
961,WALM013,Irving,Fashion accessories,91.98,1,18/03/19,15:29:00,Cash,9.8,0.48,91.98,44.15
962,WALM022,Mesquite,Electronic accessories,20.89,2,05/02/19,18:45:00,Cash,9.8,0.48,41.78,20.05
963,WALM062,Galveston,Fashion accessories,15.5,1,19/03/19,15:23:00,Credit card,7.4,0.33,15.5,5.12
964,WALM087,Waxahachie,Electronic accessories,96.82,3,30/03/19,20:37:00,Cash,6.7,0.33,290.46,95.85
965,WALM091,Little Elm,Food and beverages,33.33,2,26/01/19,14:41:00,Credit card,6.4,0.33,66.66,22.0
966,WALM031,Lewisville,Electronic accessories,38.27,2,02/03/19,18:18:00,Credit card,5.8,0.48,76.54,36.74
967,WALM055,Waxahachie,Home and lifestyle,33.3,9,04/03/19,15:27:00,Ewallet,7.2,0.33,299.7,98.9
968,WALM049,North Richland Hills,Home and lifestyle,81.01,3,13/01/19,12:55:00,Credit card,9.3,0.48,243.03,116.65
969,WALM012,Garland,Health and beauty,15.8,3,25/03/19,18:02:00,Cash,9.5,0.48,47.4,22.75
970,WALM026,Denton,Electronic accessories,34.49,5,11/03/19,19:44:00,Credit card,9.0,0.48,172.45,82.78
971,WALM096,Eagle Pass,Food and beverages,84.63,10,01/01/19,11:36:00,Credit card,9.0,0.18,846.3,152.33
972,WALM029,Round Rock,Home and lifestyle,36.91,7,10/02/19,13:51:00,Ewallet,6.7,0.48,258.37,124.02
973,WALM004,Austin,Electronic accessories,87.08,7,26/01/19,15:17:00,Cash,5.5,0.48,609.56,292.59
974,WALM007,Arlington,Home and lifestyle,80.08,3,11/02/19,15:29:00,Cash,5.4,0.48,240.24,115.32
975,WALM028,Odessa,Fashion accessories,86.13,2,07/02/19,17:59:00,Cash,8.2,0.48,172.26,82.68
976,WALM058,Port Arthur,Fashion accessories,49.92,2,06/03/19,11:55:00,Credit card,7.0,0.33,99.84,32.95
977,WALM081,Friendswood,Food and beverages,74.66,4,04/03/19,10:39:00,Cash,8.5,0.33,298.64,98.55
978,WALM091,Little Elm,Food and beverages,26.6,6,26/02/19,15:10:00,Ewallet,4.9,0.33,159.6,52.67
979,WALM093,Angleton,Electronic accessories,25.45,1,10/03/19,18:10:00,Credit card,5.1,0.33,25.45,8.4
980,WALM034,College Station,Food and beverages,67.77,1,04/02/19,20:43:00,Credit card,6.5,0.48,67.77,32.53
981,WALM072,Lancaster,Food and beverages,59.59,4,19/01/19,12:46:00,Cash,9.8,0.33,238.36,78.66
982,WALM023,Midland,Health and beauty,58.15,4,23/01/19,17:44:00,Cash,8.4,0.48,232.6,111.65
983,WALM020,Killeen,Sports and travel,97.48,9,14/03/19,14:19:00,Ewallet,7.4,0.48,877.32,421.11
984,WALM065,Texas City,Health and beauty,99.96,7,23/01/19,10:33:00,Cash,6.1,0.33,699.72,230.91
985,WALM083,Farmers Branch,Electronic accessories,96.37,7,09/01/19,11:40:00,Cash,6.0,0.33,674.59,222.61
986,WALM025,Waco,Fashion accessories,63.71,5,07/02/19,19:30:00,Ewallet,8.5,0.48,318.55,152.9
987,WALM074,Weslaco,Health and beauty,14.76,2,18/02/19,14:42:00,Cash,4.3,0.33,29.52,9.74
988,WALM036,Allen,Health and beauty,62.0,8,03/01/19,19:08:00,Credit card,6.2,0.48,496.0,238.08
989,WALM015,Grand Prairie,Electronic accessories,82.34,10,29/03/19,19:12:00,Ewallet,4.3,0.48,823.4,395.23
990,WALM095,Big Spring,Health and beauty,75.37,8,28/01/19,15:46:00,Credit card,8.4,0.33,602.96,198.98
991,WALM057,Euless,Food and beverages,56.56,5,22/03/19,19:06:00,Credit card,4.5,0.33,282.8,93.32
992,WALM001,Houston,Sports and travel,76.6,10,24/01/19,18:10:00,Ewallet,6.0,0.36,766.0,275.76
993,WALM087,Waxahachie,Electronic accessories,58.03,2,10/03/19,20:46:00,Ewallet,8.8,0.33,116.06,38.3
994,WALM042,Bryan,Fashion accessories,17.49,10,22/02/19,18:35:00,Ewallet,6.6,0.48,174.9,83.95
995,WALM047,Flower Mound,Electronic accessories,60.95,1,18/02/19,11:40:00,Ewallet,5.9,0.48,60.95,29.26
996,WALM012,Garland,Health and beauty,40.35,1,29/01/19,13:46:00,Ewallet,6.2,0.48,40.35,19.37
997,WALM005,Fort Worth,Home and lifestyle,97.38,10,02/03/19,17:16:00,Ewallet,4.4,0.48,973.8,467.42
998,WALM041,Mission,Food and beverages,31.84,1,09/02/19,13:22:00,Ewallet,7.7,0.48,31.84,15.28
999,WALM095,Big Spring,Home and lifestyle,65.82,1,22/02/19,15:33:00,Cash,4.1,0.33,65.82,21.72
1000,WALM025,Waco,Fashion accessories,88.34,7,18/02/19,13:28:00,Cash,6.6,0.48,618.38,296.82
1001,WALM012,Garland,Home and lifestyle,55.0,2,09/10/22,15:46:00,Ewallet,6.0,0.48,110.0,52.8
1002,WALM013,Irving,Fashion accessories,53.0,2,06/04/20,10:09:00,Ewallet,8.0,0.48,106.0,50.88
1003,WALM090,Brownwood,Home and lifestyle,66.0,2,04/08/20,13:23:00,Ewallet,7.0,0.33,132.0,43.56
1004,WALM031,Lewisville,Fashion accessories,36.0,1,18/10/22,19:24:00,Ewallet,7.0,0.48,36.0,17.28
1005,WALM003,San Antonio,Home and lifestyle,50.0,3,30/10/23,19:04:00,Ewallet,7.0,0.36,150.0,54.0
1006,WALM068,Burleson,Fashion accessories,75.0,1,17/06/21,8:53:00,Ewallet,9.0,0.33,75.0,24.75
1007,WALM005,Fort Worth,Home and lifestyle,39.0,3,11/01/22,8:42:00,Ewallet,5.0,0.48,117.0,56.16
1008,WALM052,Mansfield,Fashion accessories,56.0,2,27/04/22,20:48:00,Ewallet,6.0,0.57,112.0,63.84
1009,WALM006,El Paso,Home and lifestyle,33.0,2,18/07/20,21:42:00,Ewallet,5.0,0.48,66.0,31.68
1010,WALM038,Sugar Land,Fashion accessories,32.0,3,22/05/22,12:43:00,Ewallet,4.0,0.48,96.0,46.08
1011,WALM010,Laredo,Home and lifestyle,30.0,3,10/03/21,18:19:00,Ewallet,7.0,0.48,90.0,43.2
1012,WALM018,Frisco,Fashion accessories,31.0,3,24/12/20,9:52:00,Ewallet,6.0,0.48,93.0,44.64
1013,WALM061,Cedar Park,Home and lifestyle,71.0,3,18/03/22,21:50:00,Ewallet,5.0,0.33,213.0,70.29
1014,WALM053,Conroe,Fashion accessories,22.0,1,15/12/20,7:27:00,Ewallet,4.0,0.57,22.0,12.54
1015,WALM081,Friendswood,Home and lifestyle,30.0,3,08/08/21,19:23:00,Ewallet,5.0,0.33,90.0,29.7
1016,WALM064,Bedford,Fashion accessories,45.0,3,06/08/22,12:33:00,Ewallet,8.0,0.33,135.0,44.55
1017,WALM001,Houston,Home and lifestyle,41.0,2,22/02/20,16:18:00,Ewallet,6.0,0.36,82.0,29.52
1018,WALM042,Bryan,Fashion accessories,16.0,3,01/01/23,11:32:00,Ewallet,6.0,0.48,48.0,23.04
1019,WALM072,Lancaster,Home and lifestyle,36.0,3,12/06/23,12:54:00,Ewallet,4.0,0.33,108.0,35.64
1020,WALM096,Eagle Pass,Fashion accessories,47.0,1,30/11/22,6:21:00,Ewallet,8.0,0.18,47.0,8.46
1021,WALM099,Weatherford,Home and lifestyle,84.0,3,17/06/23,7:13:00,Ewallet,9.0,0.18,252.0,45.36
1022,WALM054,Sherman,Fashion accessories,31.0,2,03/09/20,11:49:00,Ewallet,5.0,0.21,62.0,13.02
1023,WALM040,Edinburg,Home and lifestyle,32.0,2,22/09/20,22:47:00,Ewallet,8.0,0.48,64.0,30.72
1024,WALM099,Weatherford,Fashion accessories,68.0,3,02/02/21,19:01:00,Ewallet,6.0,0.18,204.0,36.72
1025,WALM030,Richardson,Home and lifestyle,67.0,2,21/09/22,18:26:00,Ewallet,4.0,0.48,134.0,64.32
1026,WALM056,Rowlett,Fashion accessories,30.0,2,29/01/22,18:53:00,Ewallet,7.0,0.33,60.0,19.8
1027,WALM091,Little Elm,Home and lifestyle,83.0,3,28/09/23,11:26:00,Ewallet,8.0,0.33,249.0,82.17
1028,WALM031,Lewisville,Fashion accessories,25.0,1,08/04/23,16:15:00,Ewallet,5.0,0.48,25.0,12.0
1029,WALM016,Brownsville,Home and lifestyle,25.0,3,09/02/20,13:07:00,Ewallet,7.0,0.48,75.0,36.0
1030,WALM012,Garland,Fashion accessories,19.0,1,30/03/21,17:25:00,Ewallet,9.0,0.48,19.0,9.12
1031,WALM013,Irving,Home and lifestyle,20.0,3,19/09/22,17:55:00,Ewallet,6.0,0.48,60.0,28.8
1032,WALM064,Bedford,Fashion accessories,78.0,3,08/05/20,14:49:00,Ewallet,8.0,0.33,234.0,77.22
1033,WALM088,Cleburne,Home and lifestyle,28.0,1,10/11/21,8:07:00,Ewallet,8.0,0.33,28.0,9.24
1034,WALM099,Weatherford,Fashion accessories,36.0,3,17/12/20,16:19:00,Ewallet,7.0,0.18,108.0,19.44
1035,WALM044,Pharr,Home and lifestyle,21.0,3,03/05/23,7:32:00,Ewallet,6.0,0.48,63.0,30.24
1036,WALM064,Bedford,Fashion accessories,70.0,3,13/03/22,12:01:00,Ewallet,5.0,0.33,210.0,69.3
1037,WALM083,Farmers Branch,Home and lifestyle,27.0,3,21/03/20,12:01:00,Ewallet,5.0,0.33,81.0,26.73
1038,WALM024,Carrollton,Fashion accessories,30.0,1,11/08/21,8:24:00,Ewallet,9.0,0.48,30.0,14.4
1039,WALM040,Edinburg,Home and lifestyle,34.0,3,02/12/22,18:25:00,Ewallet,7.0,0.48,102.0,48.96
1040,WALM022,Mesquite,Fashion accessories,85.0,2,06/08/21,12:08:00,Ewallet,7.0,0.48,170.0,81.6
1041,WALM014,Amarillo,Home and lifestyle,29.0,1,16/01/21,22:05:00,Ewallet,4.0,0.48,29.0,13.92
1042,WALM082,Weslaco,Fashion accessories,75.0,2,09/07/22,14:35:00,Cash,5.0,0.33,150.0,49.5
1043,WALM051,New Braunfels,Home and lifestyle,79.0,3,31/05/22,21:01:00,Ewallet,9.0,0.48,237.0,113.76
1044,WALM083,Farmers Branch,Fashion accessories,59.0,2,28/11/23,8:24:00,Ewallet,5.0,0.33,118.0,38.94
1045,WALM024,Carrollton,Home and lifestyle,39.0,1,19/04/21,19:11:00,Ewallet,5.0,0.48,39.0,18.72
1046,WALM095,Big Spring,Fashion accessories,28.0,2,06/07/23,13:53:00,Ewallet,7.0,0.33,56.0,18.48
1047,WALM090,Brownwood,Home and lifestyle,55.0,1,30/01/23,20:20:00,Ewallet,5.0,0.33,55.0,18.15
1048,WALM079,La Porte,Fashion accessories,43.0,2,28/09/22,11:11:00,Ewallet,7.0,0.33,86.0,28.38
1049,WALM074,Weslaco,Home and lifestyle,75.0,1,05/04/21,12:15:00,Cash,8.0,0.33,75.0,24.75
1050,WALM082,Weslaco,Fashion accessories,29.0,2,20/11/20,14:16:00,Cash,4.0,0.33,58.0,19.14
1051,WALM027,Abilene,Home and lifestyle,49.0,1,15/11/23,20:27:00,Ewallet,6.0,0.48,49.0,23.52
1052,WALM082,Weslaco,Fashion accessories,29.0,3,06/05/20,18:51:00,Cash,4.0,0.33,87.0,28.71
1053,WALM022,Mesquite,Home and lifestyle,42.0,2,02/09/22,15:40:00,Ewallet,8.0,0.48,84.0,40.32
1054,WALM012,Garland,Fashion accessories,68.0,2,08/09/23,7:16:00,Ewallet,7.0,0.48,136.0,65.28
1055,WALM025,Waco,Home and lifestyle,53.0,1,04/04/23,18:56:00,Ewallet,4.0,0.48,53.0,25.44
1056,WALM094,Alamo,Fashion accessories,58.0,1,01/03/22,17:20:00,Ewallet,6.0,0.33,58.0,19.14
1057,WALM035,San Angelo,Home and lifestyle,44.0,3,01/11/23,22:50:00,Ewallet,6.0,0.48,132.0,63.36
1058,WALM100,Canyon,Fashion accessories,40.0,3,24/11/22,8:26:00,Ewallet,8.0,0.18,120.0,21.6
1059,WALM072,Lancaster,Home and lifestyle,62.0,1,19/04/21,17:37:00,Ewallet,5.0,0.33,62.0,20.46
1060,WALM058,Port Arthur,Fashion accessories,33.0,3,20/07/22,20:10:00,Ewallet,7.0,0.33,99.0,32.67
1061,WALM038,Sugar Land,Home and lifestyle,29.0,1,28/04/22,15:18:00,Ewallet,4.0,0.48,29.0,13.92
1062,WALM037,League City,Fashion accessories,67.0,3,02/03/22,17:36:00,Ewallet,6.0,0.48,201.0,96.48
1063,WALM090,Brownwood,Home and lifestyle,21.0,2,04/04/21,15:03:00,Ewallet,6.0,0.33,42.0,13.86
1064,WALM037,League City,Fashion accessories,61.0,1,16/07/23,13:28:00,Ewallet,7.0,0.48,61.0,29.28
1065,WALM068,Burleson,Home and lifestyle,64.0,3,09/10/21,19:17:00,Ewallet,6.0,0.33,192.0,63.36
1066,WALM096,Eagle Pass,Fashion accessories,16.0,2,28/10/22,14:13:00,Ewallet,7.0,0.18,32.0,5.76
1067,WALM090,Brownwood,Home and lifestyle,23.0,2,26/12/22,16:40:00,Ewallet,6.0,0.33,46.0,15.18
1068,WALM025,Waco,Fashion accessories,54.0,1,09/06/20,18:29:00,Ewallet,8.0,0.48,54.0,25.92
1069,WALM060,DeSoto,Home and lifestyle,78.0,3,05/03/23,18:35:00,Ewallet,7.0,0.33,234.0,77.22
1070,WALM086,Rosenberg,Fashion accessories,50.0,1,14/08/21,17:08:00,Ewallet,4.0,0.33,50.0,16.5
1071,WALM031,Lewisville,Home and lifestyle,66.0,2,08/06/20,13:26:00,Ewallet,6.0,0.48,132.0,63.36
1072,WALM050,Victoria,Fashion accessories,71.0,1,22/05/20,16:07:00,Ewallet,4.0,0.48,71.0,34.08
1073,WALM096,Eagle Pass,Home and lifestyle,36.0,2,21/08/23,11:06:00,Ewallet,5.0,0.33,72.0,23.76
1074,WALM065,Texas City,Fashion accessories,67.0,3,07/11/22,15:36:00,Ewallet,4.0,0.33,201.0,66.33
1075,WALM057,Euless,Home and lifestyle,34.0,2,23/02/20,20:46:00,Ewallet,8.0,0.33,68.0,22.44
1076,WALM001,Houston,Fashion accessories,27.0,1,15/07/21,14:11:00,Ewallet,8.0,0.36,27.0,9.72
1077,WALM046,Temple,Home and lifestyle,61.0,1,24/08/23,18:10:00,Ewallet,7.0,0.48,61.0,29.28
1078,WALM058,Port Arthur,Fashion accessories,75.0,3,05/01/20,11:52:00,Ewallet,8.0,0.33,225.0,74.25
1079,WALM075,San Marcos,Home and lifestyle,59.0,1,26/03/20,9:06:00,Ewallet,7.0,0.33,59.0,19.47
1080,WALM063,Georgetown,Fashion accessories,62.0,3,02/05/22,6:28:00,Ewallet,5.0,0.33,186.0,61.38
1081,WALM044,Pharr,Home and lifestyle,82.0,3,04/05/20,20:40:00,Ewallet,5.0,0.48,246.0,118.08
1082,WALM030,Richardson,Fashion accessories,83.0,1,06/07/22,18:03:00,Ewallet,7.0,0.48,83.0,39.84
1083,WALM052,Mansfield,Home and lifestyle,54.0,2,25/07/23,13:13:00,Ewallet,7.0,0.57,108.0,61.56
1084,WALM048,Harlingen,Fashion accessories,57.0,1,17/08/21,9:21:00,Ewallet,6.0,0.48,57.0,27.36
1085,WALM049,North Richland Hills,Home and lifestyle,32.0,2,06/05/22,8:02:00,Ewallet,7.0,0.48,64.0,30.72
1086,WALM025,Waco,Fashion accessories,17.0,1,10/03/20,11:01:00,Ewallet,9.0,0.48,17.0,8.16
1087,WALM001,Houston,Home and lifestyle,76.0,2,02/11/22,12:25:00,Ewallet,9.0,0.36,152.0,54.72
1088,WALM076,Huntsville,Fashion accessories,59.0,1,07/07/22,21:39:00,Ewallet,5.0,0.33,59.0,19.47
1089,WALM083,Farmers Branch,Home and lifestyle,33.0,3,28/05/21,13:05:00,Ewallet,6.0,0.33,99.0,32.67
1090,WALM090,Brownwood,Fashion accessories,41.0,1,04/03/23,20:24:00,Ewallet,9.0,0.33,41.0,13.53
1091,WALM067,Haltom City,Home and lifestyle,21.0,3,12/08/23,19:45:00,Ewallet,8.0,0.33,63.0,20.79
1092,WALM003,San Antonio,Fashion accessories,26.0,3,07/09/20,13:42:00,Ewallet,6.0,0.48,78.0,37.44
1093,WALM049,North Richland Hills,Home and lifestyle,52.0,1,21/09/22,8:24:00,Ewallet,4.0,0.48,52.0,24.96
1094,WALM079,La Porte,Fashion accessories,16.0,1,24/10/22,18:57:00,Ewallet,9.0,0.33,16.0,5.28
1095,WALM010,Laredo,Home and lifestyle,34.0,1,23/09/21,7:31:00,Ewallet,6.0,0.48,34.0,16.32
1096,WALM091,Little Elm,Fashion accessories,17.0,1,05/02/23,7:31:00,Ewallet,8.0,0.33,17.0,5.61
1097,WALM090,Brownwood,Home and lifestyle,51.0,2,23/01/21,6:49:00,Ewallet,6.0,0.33,102.0,33.66
1098,WALM086,Rosenberg,Fashion accessories,69.0,2,01/05/23,15:48:00,Ewallet,9.0,0.33,138.0,45.54
1099,WALM086,Rosenberg,Home and lifestyle,44.0,2,21/02/20,14:36:00,Ewallet,4.0,0.33,88.0,29.04
1100,WALM047,Flower Mound,Fashion accessories,49.0,3,19/04/20,14:03:00,Ewallet,9.0,0.48,147.0,70.56
1101,WALM070,Hurst,Home and lifestyle,26.0,1,03/03/22,11:49:00,Ewallet,7.0,0.33,26.0,8.58
1102,WALM071,Lufkin,Fashion accessories,63.0,1,13/04/23,8:31:00,Ewallet,5.0,0.33,63.0,20.79
1103,WALM023,Midland,Home and lifestyle,84.0,3,28/08/20,15:35:00,Ewallet,6.0,0.48,252.0,120.96
1104,WALM031,Lewisville,Fashion accessories,68.0,3,18/02/21,18:47:00,Ewallet,9.0,0.48,204.0,97.92
1105,WALM078,Del Rio,Home and lifestyle,27.0,2,16/10/21,14:30:00,Ewallet,5.0,0.33,54.0,17.82
1106,WALM086,Rosenberg,Fashion accessories,66.0,3,01/03/22,15:58:00,Ewallet,7.0,0.33,198.0,65.34
1107,WALM055,Waxahachie,Home and lifestyle,73.0,1,03/04/20,8:52:00,Ewallet,9.0,0.33,73.0,24.09
1108,WALM081,Friendswood,Fashion accessories,47.0,2,23/02/22,15:50:00,Ewallet,4.0,0.33,94.0,31.02
1109,WALM040,Edinburg,Home and lifestyle,80.0,1,14/07/20,7:38:00,Ewallet,9.0,0.48,80.0,38.4
1110,WALM069,Rockwall,Fashion accessories,52.0,1,22/04/21,12:44:00,Ewallet,7.0,0.33,52.0,17.16
1111,WALM021,McAllen,Home and lifestyle,15.0,3,18/09/21,22:20:00,Ewallet,4.0,0.48,45.0,21.6
1112,WALM012,Garland,Fashion accessories,77.0,2,01/08/21,12:07:00,Ewallet,9.0,0.48,154.0,73.92
1113,WALM091,Little Elm,Home and lifestyle,71.0,2,18/04/23,10:04:00,Ewallet,7.0,0.33,142.0,46.86
1114,WALM098,Mineral Wells,Fashion accessories,45.0,2,07/02/22,20:13:00,Ewallet,4.0,0.18,90.0,16.2
1115,WALM009,Plano,Home and lifestyle,78.0,3,21/07/20,22:33:00,Ewallet,9.0,0.48,234.0,112.32
1116,WALM075,San Marcos,Fashion accessories,55.0,3,22/01/21,12:01:00,Ewallet,5.0,0.33,165.0,54.45
1117,WALM043,Baytown,Home and lifestyle,52.0,2,01/11/20,17:33:00,Ewallet,6.0,0.48,104.0,49.92
1118,WALM055,Waxahachie,Fashion accessories,31.0,3,17/06/21,22:42:00,Ewallet,6.0,0.33,93.0,30.69
1119,WALM038,Sugar Land,Home and lifestyle,64.0,3,04/08/23,20:17:00,Ewallet,6.0,0.48,192.0,92.16
1120,WALM068,Burleson,Fashion accessories,48.0,2,28/02/22,22:55:00,Ewallet,4.0,0.33,96.0,31.68
1121,WALM060,DeSoto,Home and lifestyle,80.0,3,06/11/23,19:21:00,Ewallet,5.0,0.33,240.0,79.2
1122,WALM011,Lubbock,Fashion accessories,75.0,1,09/01/23,13:45:00,Ewallet,6.0,0.48,75.0,36.0
1123,WALM087,Waxahachie,Home and lifestyle,77.0,1,09/12/21,6:39:00,Ewallet,4.0,0.33,77.0,25.41
1124,WALM031,Lewisville,Fashion accessories,42.0,3,06/10/23,13:15:00,Ewallet,6.0,0.48,126.0,60.48
1125,WALM058,Port Arthur,Home and lifestyle,66.0,1,13/03/23,21:46:00,Ewallet,6.0,0.33,66.0,21.78
1126,WALM090,Brownwood,Fashion accessories,15.0,2,03/03/20,19:52:00,Ewallet,5.0,0.33,30.0,9.9
1127,WALM049,North Richland Hills,Home and lifestyle,44.0,2,17/05/22,18:32:00,Ewallet,5.0,0.48,88.0,42.24
1128,WALM063,Georgetown,Fashion accessories,38.0,3,22/07/21,14:04:00,Ewallet,6.0,0.33,114.0,37.62
1129,WALM072,Lancaster,Home and lifestyle,63.0,2,27/01/23,19:40:00,Ewallet,4.0,0.33,126.0,41.58
1130,WALM005,Fort Worth,Fashion accessories,17.0,1,19/11/21,21:26:00,Ewallet,9.0,0.48,17.0,8.16
1131,WALM025,Waco,Home and lifestyle,58.0,2,10/11/21,13:50:00,Ewallet,5.0,0.48,116.0,55.68
1132,WALM023,Midland,Fashion accessories,66.0,1,17/11/21,14:08:00,Ewallet,9.0,0.48,66.0,31.68
1133,WALM073,Seguin,Home and lifestyle,66.0,2,13/06/23,20:28:00,Ewallet,5.0,0.33,132.0,43.56
1134,WALM046,Temple,Fashion accessories,20.0,2,25/01/22,17:38:00,Ewallet,6.0,0.48,40.0,19.2
1135,WALM042,Bryan,Home and lifestyle,63.0,3,03/05/20,11:55:00,Ewallet,9.0,0.48,189.0,90.72
1136,WALM023,Midland,Fashion accessories,71.0,3,19/01/21,12:18:00,Ewallet,8.0,0.48,213.0,102.24
1137,WALM074,Weslaco,Home and lifestyle,42.0,1,09/10/21,10:26:00,Cash,9.0,0.33,42.0,13.86
1138,WALM097,Alice,Fashion accessories,22.0,2,06/07/23,6:11:00,Ewallet,9.0,0.18,44.0,7.92
1139,WALM087,Waxahachie,Home and lifestyle,66.0,1,07/07/22,22:04:00,Ewallet,7.0,0.33,66.0,21.78
1140,WALM091,Little Elm,Fashion accessories,28.0,2,05/11/21,11:18:00,Ewallet,4.0,0.33,56.0,18.48
1141,WALM082,Weslaco,Home and lifestyle,27.0,3,27/06/20,18:28:00,Cash,5.0,0.33,81.0,26.73
1142,WALM068,Burleson,Fashion accessories,78.0,3,03/12/22,9:50:00,Ewallet,7.0,0.33,234.0,77.22
1143,WALM009,Plano,Home and lifestyle,58.0,3,01/12/22,22:30:00,Ewallet,4.0,0.48,174.0,83.52
1144,WALM092,Lake Jackson,Fashion accessories,29.0,2,19/01/22,18:33:00,Ewallet,6.0,0.33,58.0,19.14
1145,WALM047,Flower Mound,Home and lifestyle,43.0,1,07/02/22,12:46:00,Ewallet,6.0,0.48,43.0,20.64
1146,WALM040,Edinburg,Fashion accessories,61.0,1,22/07/20,18:58:00,Ewallet,6.0,0.48,61.0,29.28
1147,WALM065,Texas City,Home and lifestyle,78.0,1,13/01/20,21:07:00,Ewallet,5.0,0.33,78.0,25.74
1148,WALM064,Bedford,Fashion accessories,57.0,3,18/01/22,10:56:00,Ewallet,9.0,0.33,171.0,56.43
1149,WALM046,Temple,Home and lifestyle,77.0,2,03/05/22,16:38:00,Ewallet,9.0,0.48,154.0,73.92
1150,WALM046,Temple,Fashion accessories,67.0,3,23/07/22,9:42:00,Ewallet,9.0,0.48,201.0,96.48
1151,WALM012,Garland,Home and lifestyle,84.0,3,30/03/22,9:20:00,Ewallet,8.0,0.48,252.0,120.96
1152,WALM051,New Braunfels,Fashion accessories,47.0,1,01/10/21,19:15:00,Ewallet,6.0,0.48,47.0,22.56
1153,WALM003,San Antonio,Home and lifestyle,72.0,3,07/01/20,9:37:00,Ewallet,7.0,0.36,216.0,77.76
1154,WALM052,Mansfield,Fashion accessories,15.0,1,24/11/20,16:40:00,Ewallet,4.0,0.57,15.0,8.55
1155,WALM005,Fort Worth,Home and lifestyle,63.0,3,23/06/21,12:57:00,Ewallet,7.0,0.48,189.0,90.72
1156,WALM059,Pflugerville,Fashion accessories,45.0,2,21/08/23,16:05:00,Ewallet,4.0,0.33,90.0,29.7
1157,WALM043,Baytown,Home and lifestyle,81.0,3,15/02/22,7:23:00,Ewallet,7.0,0.48,243.0,116.64
1158,WALM039,Longview,Fashion accessories,27.0,3,27/10/22,19:48:00,Ewallet,5.0,0.48,81.0,38.88
1159,WALM026,Denton,Home and lifestyle,40.0,2,10/05/20,15:58:00,Ewallet,8.0,0.48,80.0,38.4
1160,WALM074,Weslaco,Fashion accessories,19.0,1,20/07/21,15:58:00,Cash,5.0,0.33,19.0,6.27
1161,WALM100,Canyon,Home and lifestyle,85.0,2,07/02/22,7:57:00,Ewallet,7.0,0.18,170.0,30.6
1162,WALM033,Pearland,Fashion accessories,34.0,1,28/06/22,11:22:00,Ewallet,5.0,0.48,34.0,16.32
1163,WALM019,Pasadena,Home and lifestyle,59.0,3,27/08/22,13:17:00,Ewallet,7.0,0.48,177.0,84.96
1164,WALM084,Schertz,Fashion accessories,21.0,1,28/03/23,8:45:00,Ewallet,8.0,0.33,21.0,6.93
1165,WALM035,San Angelo,Home and lifestyle,49.0,2,25/12/21,12:09:00,Ewallet,5.0,0.48,98.0,47.04
1166,WALM004,Austin,Fashion accessories,50.0,1,15/11/21,20:28:00,Ewallet,9.0,0.48,50.0,24.0
1167,WALM044,Pharr,Home and lifestyle,42.0,3,05/09/21,18:37:00,Ewallet,6.0,0.48,126.0,60.48
1168,WALM035,San Angelo,Fashion accessories,36.0,2,26/04/22,6:56:00,Ewallet,9.0,0.48,72.0,34.56
1169,WALM003,San Antonio,Home and lifestyle,22.0,3,19/06/22,8:38:00,Ewallet,7.0,0.36,66.0,23.76
1170,WALM062,Galveston,Fashion accessories,22.0,1,10/10/20,13:07:00,Ewallet,8.0,0.33,22.0,7.26
1171,WALM063,Georgetown,Home and lifestyle,53.0,1,12/08/23,16:50:00,Ewallet,4.0,0.33,53.0,17.49
1172,WALM052,Mansfield,Fashion accessories,49.0,3,25/09/23,17:44:00,Ewallet,9.0,0.57,147.0,83.79
1173,WALM087,Waxahachie,Home and lifestyle,83.0,2,19/06/20,22:02:00,Ewallet,5.0,0.33,166.0,54.78
1174,WALM080,Nacogdoches,Fashion accessories,19.0,2,01/06/23,19:26:00,Ewallet,5.0,0.33,38.0,12.54
1175,WALM092,Lake Jackson,Home and lifestyle,72.0,2,15/02/21,21:51:00,Ewallet,7.0,0.33,144.0,47.52
1176,WALM065,Texas City,Fashion accessories,56.0,1,29/09/22,15:01:00,Ewallet,7.0,0.33,56.0,18.48
1177,WALM085,Kerrville,Home and lifestyle,37.0,1,24/07/22,14:58:00,Ewallet,4.0,0.33,37.0,12.21
1178,WALM087,Waxahachie,Fashion accessories,44.0,3,02/11/22,7:13:00,Ewallet,5.0,0.33,132.0,43.56
1179,WALM003,San Antonio,Home and lifestyle,47.0,3,04/05/21,15:37:00,Ewallet,9.0,0.36,141.0,50.76
1180,WALM041,Mission,Fashion accessories,81.0,2,09/06/23,11:53:00,Ewallet,5.0,0.48,162.0,77.76
1181,WALM028,Odessa,Home and lifestyle,38.0,1,27/06/22,20:53:00,Ewallet,8.0,0.48,38.0,18.24
1182,WALM011,Lubbock,Fashion accessories,61.0,3,02/11/21,8:10:00,Ewallet,5.0,0.48,183.0,87.84
1183,WALM098,Mineral Wells,Home and lifestyle,76.0,2,19/10/22,7:32:00,Ewallet,4.0,0.18,152.0,27.36
1184,WALM062,Galveston,Fashion accessories,50.0,2,20/08/21,12:38:00,Ewallet,6.0,0.33,100.0,33.0
1185,WALM077,Coppell,Home and lifestyle,19.0,2,02/03/20,18:11:00,Ewallet,6.0,0.33,38.0,12.54
1186,WALM060,DeSoto,Fashion accessories,48.0,1,11/11/21,15:03:00,Ewallet,6.0,0.33,48.0,15.84
1187,WALM100,Canyon,Home and lifestyle,56.0,2,01/12/23,19:07:00,Ewallet,8.0,0.18,112.0,20.16
1188,WALM077,Coppell,Fashion accessories,35.0,2,06/08/20,10:25:00,Ewallet,7.0,0.33,70.0,23.1
1189,WALM015,Grand Prairie,Home and lifestyle,69.0,2,11/07/22,9:07:00,Ewallet,6.0,0.48,138.0,66.24
1190,WALM083,Farmers Branch,Fashion accessories,56.0,3,24/02/20,18:24:00,Ewallet,5.0,0.33,168.0,55.44
1191,WALM034,College Station,Home and lifestyle,78.0,1,18/03/20,21:16:00,Ewallet,9.0,0.48,78.0,37.44
1192,WALM001,Houston,Fashion accessories,36.0,2,19/05/21,22:18:00,Ewallet,9.0,0.36,72.0,25.92
1193,WALM059,Pflugerville,Home and lifestyle,44.0,3,12/05/20,18:46:00,Ewallet,8.0,0.33,132.0,43.56
1194,WALM069,Rockwall,Fashion accessories,49.0,3,09/10/21,16:21:00,Ewallet,4.0,0.33,147.0,48.51
1195,WALM038,Sugar Land,Home and lifestyle,24.0,1,17/05/20,12:48:00,Ewallet,9.0,0.48,24.0,11.52
1196,WALM054,Sherman,Fashion accessories,51.0,3,08/08/20,22:01:00,Ewallet,6.0,0.21,153.0,32.13
1197,WALM017,McKinney,Home and lifestyle,15.0,3,22/05/20,7:52:00,Ewallet,7.0,0.48,45.0,21.6
1198,WALM028,Odessa,Fashion accessories,16.0,1,27/11/21,6:18:00,Ewallet,9.0,0.48,16.0,7.68
1199,WALM019,Pasadena,Home and lifestyle,55.0,3,16/08/22,12:20:00,Ewallet,8.0,0.48,165.0,79.2
1200,WALM003,San Antonio,Fashion accessories,41.0,3,07/04/21,20:41:00,Ewallet,8.0,0.48,123.0,59.04
1201,WALM049,North Richland Hills,Home and lifestyle,44.0,1,29/12/23,14:54:00,Ewallet,7.0,0.48,44.0,21.12
1202,WALM029,Round Rock,Fashion accessories,41.0,3,20/11/21,13:09:00,Ewallet,8.0,0.48,123.0,59.04
1203,WALM091,Little Elm,Home and lifestyle,16.0,3,03/08/20,15:20:00,Ewallet,7.0,0.33,48.0,15.84
1204,WALM032,Tyler,Fashion accessories,35.0,2,20/07/23,14:54:00,Ewallet,9.0,0.48,70.0,33.6
1205,WALM031,Lewisville,Home and lifestyle,75.0,1,27/08/21,9:43:00,Ewallet,8.0,0.48,75.0,36.0
1206,WALM053,Conroe,Fashion accessories,30.0,3,26/04/22,7:22:00,Ewallet,4.0,0.57,90.0,51.3
1207,WALM045,Missouri City,Home and lifestyle,15.0,3,20/02/22,7:00:00,Credit card,6.0,0.48,45.0,21.6
1208,WALM020,Killeen,Fashion accessories,66.0,2,01/07/22,18:06:00,Ewallet,7.0,0.48,132.0,63.36
1209,WALM072,Lancaster,Home and lifestyle,21.0,3,28/07/20,20:08:00,Ewallet,7.0,0.33,63.0,20.79
1210,WALM086,Rosenberg,Fashion accessories,59.0,3,25/12/20,7:43:00,Ewallet,5.0,0.33,177.0,58.41
1211,WALM015,Grand Prairie,Home and lifestyle,67.0,2,13/11/23,10:32:00,Ewallet,4.0,0.48,134.0,64.32
1212,WALM006,El Paso,Fashion accessories,32.0,3,25/02/21,19:58:00,Ewallet,6.0,0.48,96.0,46.08
1213,WALM003,San Antonio,Home and lifestyle,28.0,3,25/09/22,18:37:00,Ewallet,5.0,0.36,84.0,30.24
1214,WALM031,Lewisville,Fashion accessories,72.0,2,03/09/20,17:04:00,Ewallet,5.0,0.48,144.0,69.12
1215,WALM001,Houston,Home and lifestyle,58.0,1,25/07/22,20:22:00,Ewallet,4.0,0.36,58.0,20.88
1216,WALM063,Georgetown,Fashion accessories,59.0,1,04/10/20,16:55:00,Ewallet,5.0,0.33,59.0,19.47
1217,WALM037,League City,Home and lifestyle,45.0,1,04/06/20,10:50:00,Ewallet,7.0,0.48,45.0,21.6
1218,WALM088,Cleburne,Fashion accessories,34.0,3,21/01/21,17:45:00,Ewallet,4.0,0.33,102.0,33.66
1219,WALM049,North Richland Hills,Home and lifestyle,30.0,1,27/12/21,20:36:00,Ewallet,4.0,0.48,30.0,14.4
1220,WALM036,Allen,Fashion accessories,18.0,2,09/03/22,15:35:00,Ewallet,9.0,0.48,36.0,17.28
1221,WALM066,Grapevine,Home and lifestyle,65.0,1,28/10/23,9:33:00,Ewallet,4.0,0.33,65.0,21.45
1222,WALM070,Hurst,Fashion accessories,30.0,2,06/07/23,14:00:00,Ewallet,9.0,0.33,60.0,19.8
1223,WALM088,Cleburne,Home and lifestyle,28.0,1,29/09/21,9:25:00,Ewallet,9.0,0.33,28.0,9.24
1224,WALM038,Sugar Land,Fashion accessories,53.0,2,27/01/22,14:28:00,Ewallet,7.0,0.48,106.0,50.88
1225,WALM003,San Antonio,Home and lifestyle,66.0,1,11/03/20,10:01:00,Ewallet,8.0,0.36,66.0,23.76
1226,WALM094,Alamo,Fashion accessories,77.0,3,04/02/20,15:28:00,Ewallet,7.0,0.33,231.0,76.23
1227,WALM091,Little Elm,Home and lifestyle,50.0,1,24/04/21,14:58:00,Ewallet,4.0,0.33,50.0,16.5
1228,WALM002,Dallas,Fashion accessories,41.0,1,27/12/20,9:58:00,Ewallet,5.0,0.36,41.0,14.76
1229,WALM087,Waxahachie,Home and lifestyle,80.0,1,04/12/22,17:43:00,Ewallet,7.0,0.33,80.0,26.4
1230,WALM005,Fort Worth,Fashion accessories,46.0,3,21/10/22,22:28:00,Ewallet,4.0,0.48,138.0,66.24
1231,WALM043,Baytown,Home and lifestyle,66.0,3,01/05/23,16:48:00,Ewallet,6.0,0.48,198.0,95.04
1232,WALM087,Waxahachie,Fashion accessories,46.0,2,16/01/23,16:26:00,Ewallet,5.0,0.33,92.0,30.36
1233,WALM032,Tyler,Home and lifestyle,28.0,3,03/02/21,22:27:00,Ewallet,7.0,0.48,84.0,40.32
1234,WALM029,Round Rock,Fashion accessories,74.0,2,26/09/20,9:14:00,Ewallet,4.0,0.48,148.0,71.04
1235,WALM070,Hurst,Home and lifestyle,47.0,3,17/09/22,7:20:00,Ewallet,7.0,0.33,141.0,46.53
1236,WALM023,Midland,Fashion accessories,19.0,1,18/02/20,9:18:00,Ewallet,5.0,0.48,19.0,9.12
1237,WALM078,Del Rio,Home and lifestyle,62.0,3,08/12/22,7:16:00,Ewallet,4.0,0.33,186.0,61.38
1238,WALM035,San Angelo,Fashion accessories,39.0,1,15/07/22,18:55:00,Ewallet,6.0,0.48,39.0,18.72
1239,WALM089,Southlake,Home and lifestyle,36.0,2,30/01/22,16:31:00,Ewallet,4.0,0.33,72.0,23.76
1240,WALM023,Midland,Fashion accessories,75.0,3,02/01/21,7:17:00,Ewallet,6.0,0.48,225.0,108.0
1241,WALM056,Rowlett,Home and lifestyle,63.0,1,01/04/20,7:00:00,Ewallet,4.0,0.33,63.0,20.79
1242,WALM004,Austin,Fashion accessories,26.0,1,09/11/21,14:36:00,Ewallet,9.0,0.48,26.0,12.48
1243,WALM100,Canyon,Home and lifestyle,80.0,2,03/01/22,15:11:00,Ewallet,8.0,0.18,160.0,28.8
1244,WALM080,Nacogdoches,Fashion accessories,63.0,3,29/08/21,14:37:00,Ewallet,5.0,0.33,189.0,62.37
1245,WALM053,Conroe,Home and lifestyle,83.0,2,17/01/20,11:44:00,Ewallet,8.0,0.57,166.0,94.62
1246,WALM016,Brownsville,Fashion accessories,25.0,2,02/10/20,17:47:00,Ewallet,5.0,0.48,50.0,24.0
1247,WALM029,Round Rock,Home and lifestyle,48.0,2,12/01/22,15:54:00,Ewallet,8.0,0.48,96.0,46.08
1248,WALM003,San Antonio,Fashion accessories,63.0,2,30/10/20,9:31:00,Ewallet,9.0,0.48,126.0,60.48
1249,WALM074,Weslaco,Home and lifestyle,48.0,3,18/09/21,9:56:00,Cash,6.0,0.33,144.0,47.52
1250,WALM051,New Braunfels,Fashion accessories,34.0,3,20/11/21,8:04:00,Ewallet,6.0,0.48,102.0,48.96
1251,WALM077,Coppell,Home and lifestyle,78.0,3,19/01/23,22:37:00,Ewallet,5.0,0.33,234.0,77.22
1252,WALM008,Corpus Christi,Fashion accessories,30.0,1,29/06/21,14:19:00,Ewallet,7.0,0.48,30.0,14.4
1253,WALM069,Rockwall,Home and lifestyle,15.0,3,23/01/20,9:59:00,Ewallet,9.0,0.33,45.0,14.85
1254,WALM069,Rockwall,Fashion accessories,70.0,1,02/04/21,10:57:00,Ewallet,9.0,0.33,70.0,23.1
1255,WALM091,Little Elm,Home and lifestyle,36.0,3,25/12/21,21:55:00,Ewallet,8.0,0.33,108.0,35.64
1256,WALM023,Midland,Fashion accessories,24.0,1,05/01/20,19:32:00,Ewallet,4.0,0.48,24.0,11.52
1257,WALM056,Rowlett,Home and lifestyle,78.0,3,08/01/23,10:52:00,Ewallet,7.0,0.33,234.0,77.22
1258,WALM063,Georgetown,Fashion accessories,72.0,3,19/07/21,7:04:00,Ewallet,9.0,0.33,216.0,71.28
1259,WALM098,Mineral Wells,Home and lifestyle,48.0,2,25/02/20,12:15:00,Ewallet,8.0,0.18,96.0,17.28
1260,WALM094,Alamo,Fashion accessories,31.0,1,16/04/21,19:42:00,Ewallet,7.0,0.33,31.0,10.23
1261,WALM075,San Marcos,Home and lifestyle,22.0,3,08/05/20,8:58:00,Ewallet,5.0,0.33,66.0,21.78
1262,WALM096,Eagle Pass,Fashion accessories,73.0,2,23/11/21,7:34:00,Ewallet,5.0,0.18,146.0,26.28
1263,WALM018,Frisco,Home and lifestyle,22.0,2,07/12/20,17:46:00,Ewallet,9.0,0.48,44.0,21.12
1264,WALM071,Lufkin,Fashion accessories,18.0,2,13/02/23,7:56:00,Ewallet,6.0,0.33,36.0,11.88
1265,WALM023,Midland,Home and lifestyle,21.0,2,16/10/23,19:07:00,Ewallet,5.0,0.48,42.0,20.16
1266,WALM037,League City,Fashion accessories,36.0,1,25/10/21,17:21:00,Ewallet,7.0,0.48,36.0,17.28
1267,WALM056,Rowlett,Home and lifestyle,71.0,3,03/08/21,6:20:00,Ewallet,9.0,0.33,213.0,70.29
1268,WALM084,Schertz,Fashion accessories,39.0,1,09/03/22,6:35:00,Ewallet,9.0,0.33,39.0,12.87
1269,WALM095,Big Spring,Home and lifestyle,76.0,3,28/06/21,11:57:00,Ewallet,7.0,0.33,228.0,75.24
1270,WALM093,Angleton,Fashion accessories,15.0,3,27/10/21,16:07:00,Ewallet,4.0,0.33,45.0,14.85
1271,WALM029,Round Rock,Home and lifestyle,16.0,1,21/01/22,19:54:00,Ewallet,4.0,0.48,16.0,7.68
1272,WALM048,Harlingen,Fashion accessories,49.0,2,02/12/21,21:49:00,Ewallet,6.0,0.48,98.0,47.04
1273,WALM038,Sugar Land,Home and lifestyle,45.0,2,19/06/23,17:54:00,Ewallet,9.0,0.48,90.0,43.2
1274,WALM049,North Richland Hills,Fashion accessories,17.0,1,03/01/21,16:09:00,Ewallet,6.0,0.48,17.0,8.16
1275,WALM066,Grapevine,Home and lifestyle,37.0,1,24/10/21,16:51:00,Ewallet,6.0,0.33,37.0,12.21
1276,WALM006,El Paso,Fashion accessories,28.0,3,07/12/20,18:20:00,Ewallet,5.0,0.48,84.0,40.32
1277,WALM002,Dallas,Home and lifestyle,42.0,2,11/11/21,9:58:00,Ewallet,5.0,0.36,84.0,30.24
1278,WALM096,Eagle Pass,Fashion accessories,55.0,1,19/01/21,19:05:00,Ewallet,5.0,0.18,55.0,9.9
1279,WALM057,Euless,Home and lifestyle,47.0,1,10/05/21,6:17:00,Ewallet,5.0,0.33,47.0,15.51
1280,WALM023,Midland,Fashion accessories,51.0,3,24/03/20,21:37:00,Ewallet,4.0,0.48,153.0,73.44
1281,WALM033,Pearland,Home and lifestyle,72.0,3,23/03/22,20:23:00,Ewallet,8.0,0.48,216.0,103.68
1282,WALM097,Alice,Fashion accessories,67.0,3,12/10/22,22:20:00,Ewallet,7.0,0.18,201.0,36.18
1283,WALM058,Port Arthur,Home and lifestyle,74.0,2,02/09/20,6:03:00,Ewallet,4.0,0.33,148.0,48.84
1284,WALM002,Dallas,Fashion accessories,78.0,1,06/05/23,16:09:00,Ewallet,7.0,0.36,78.0,28.08
1285,WALM085,Kerrville,Home and lifestyle,25.0,3,11/05/21,11:23:00,Ewallet,5.0,0.33,75.0,24.75
1286,WALM033,Pearland,Fashion accessories,63.0,2,02/07/23,13:27:00,Ewallet,7.0,0.48,126.0,60.48
1287,WALM043,Baytown,Home and lifestyle,21.0,2,01/04/22,22:05:00,Ewallet,7.0,0.48,42.0,20.16
1288,WALM043,Baytown,Fashion accessories,72.0,3,01/10/22,7:54:00,Ewallet,7.0,0.48,216.0,103.68
1289,WALM033,Pearland,Home and lifestyle,20.0,2,08/11/21,7:32:00,Ewallet,9.0,0.48,40.0,19.2
1290,WALM081,Friendswood,Fashion accessories,41.0,3,04/06/21,6:29:00,Ewallet,5.0,0.33,123.0,40.59
1291,WALM032,Tyler,Home and lifestyle,79.0,1,27/08/22,19:44:00,Ewallet,8.0,0.48,79.0,37.92
1292,WALM066,Grapevine,Fashion accessories,50.0,3,15/11/22,21:22:00,Ewallet,7.0,0.33,150.0,49.5
1293,WALM038,Sugar Land,Home and lifestyle,65.0,3,06/12/23,19:31:00,Ewallet,9.0,0.48,195.0,93.6
1294,WALM046,Temple,Fashion accessories,53.0,1,13/11/21,20:54:00,Ewallet,8.0,0.48,53.0,25.44
1295,WALM015,Grand Prairie,Home and lifestyle,83.0,2,17/01/20,21:34:00,Ewallet,6.0,0.48,166.0,79.68
1296,WALM055,Waxahachie,Fashion accessories,35.0,1,24/08/22,18:24:00,Ewallet,7.0,0.33,35.0,11.55
1297,WALM024,Carrollton,Home and lifestyle,85.0,2,13/07/20,10:35:00,Ewallet,6.0,0.48,170.0,81.6
1298,WALM007,Arlington,Fashion accessories,48.0,1,29/08/22,22:22:00,Ewallet,5.0,0.48,48.0,23.04
1299,WALM083,Farmers Branch,Home and lifestyle,30.0,1,27/11/21,7:21:00,Ewallet,6.0,0.33,30.0,9.9
1300,WALM088,Cleburne,Fashion accessories,44.0,1,20/01/20,9:51:00,Ewallet,6.0,0.33,44.0,14.52
1301,WALM070,Hurst,Home and lifestyle,21.0,3,30/08/20,9:29:00,Ewallet,6.0,0.33,63.0,20.79
1302,WALM006,El Paso,Fashion accessories,66.0,3,31/03/20,13:35:00,Ewallet,4.0,0.48,198.0,95.04
1303,WALM039,Longview,Home and lifestyle,39.0,1,23/01/23,15:15:00,Ewallet,4.0,0.48,39.0,18.72
1304,WALM077,Coppell,Fashion accessories,81.0,1,09/08/20,12:49:00,Ewallet,9.0,0.33,81.0,26.73
1305,WALM078,Del Rio,Home and lifestyle,51.0,3,15/08/20,20:38:00,Ewallet,7.0,0.33,153.0,50.49
1306,WALM024,Carrollton,Fashion accessories,28.0,3,05/02/23,12:30:00,Ewallet,5.0,0.48,84.0,40.32
1307,WALM029,Round Rock,Home and lifestyle,35.0,1,24/02/22,6:30:00,Ewallet,9.0,0.48,35.0,16.8
1308,WALM082,Weslaco,Fashion accessories,32.0,1,23/07/20,19:22:00,Cash,6.0,0.33,32.0,10.56
1309,WALM082,Weslaco,Home and lifestyle,36.0,2,12/09/22,9:47:00,Cash,6.0,0.33,72.0,23.76
1310,WALM065,Texas City,Fashion accessories,40.0,1,16/03/21,6:43:00,Ewallet,4.0,0.33,40.0,13.2
1311,WALM068,Burleson,Home and lifestyle,83.0,1,05/01/20,13:17:00,Ewallet,9.0,0.33,83.0,27.39
1312,WALM010,Laredo,Fashion accessories,48.0,3,01/11/23,18:31:00,Ewallet,7.0,0.48,144.0,69.12
1313,WALM082,Weslaco,Home and lifestyle,68.0,3,30/08/20,7:23:00,Cash,4.0,0.33,204.0,67.32
1314,WALM089,Southlake,Fashion accessories,56.0,2,06/10/23,6:24:00,Ewallet,4.0,0.33,112.0,36.96
1315,WALM009,Plano,Home and lifestyle,63.0,2,31/05/21,18:00:00,Ewallet,4.0,0.48,126.0,60.48
1316,WALM068,Burleson,Fashion accessories,48.0,2,08/01/20,14:18:00,Ewallet,7.0,0.33,96.0,31.68
1317,WALM052,Mansfield,Home and lifestyle,85.0,2,04/04/21,14:25:00,Ewallet,6.0,0.57,170.0,96.9
1318,WALM084,Schertz,Fashion accessories,36.0,2,30/05/22,19:41:00,Ewallet,4.0,0.33,72.0,23.76
1319,WALM030,Richardson,Home and lifestyle,32.0,3,01/03/22,22:03:00,Ewallet,8.0,0.48,96.0,46.08
1320,WALM041,Mission,Fashion accessories,49.0,1,20/02/21,13:42:00,Ewallet,4.0,0.48,49.0,23.52
1321,WALM064,Bedford,Home and lifestyle,51.0,2,10/07/22,9:51:00,Ewallet,9.0,0.33,102.0,33.66
1322,WALM033,Pearland,Fashion accessories,51.0,2,23/03/23,7:13:00,Ewallet,5.0,0.48,102.0,48.96
1323,WALM090,Brownwood,Home and lifestyle,81.0,3,17/03/23,6:10:00,Ewallet,9.0,0.33,243.0,80.19
1324,WALM046,Temple,Fashion accessories,85.0,3,13/09/22,14:29:00,Ewallet,4.0,0.48,255.0,122.4
1325,WALM095,Big Spring,Home and lifestyle,67.0,1,08/09/23,10:50:00,Ewallet,4.0,0.33,67.0,22.11
1326,WALM078,Del Rio,Fashion accessories,34.0,2,15/05/23,11:21:00,Ewallet,9.0,0.33,68.0,22.44
1327,WALM058,Port Arthur,Home and lifestyle,15.0,2,02/10/22,9:06:00,Ewallet,9.0,0.33,30.0,9.9
1328,WALM053,Conroe,Fashion accessories,33.0,1,30/06/22,15:34:00,Ewallet,5.0,0.57,33.0,18.81
1329,WALM032,Tyler,Home and lifestyle,30.0,1,24/12/21,20:24:00,Ewallet,7.0,0.48,30.0,14.4
1330,WALM007,Arlington,Fashion accessories,31.0,3,26/03/21,21:31:00,Ewallet,8.0,0.48,93.0,44.64
1331,WALM035,San Angelo,Home and lifestyle,38.0,1,08/12/20,6:27:00,Ewallet,4.0,0.48,38.0,18.24
1332,WALM047,Flower Mound,Fashion accessories,66.0,2,02/11/22,10:15:00,Ewallet,8.0,0.48,132.0,63.36
1333,WALM059,Pflugerville,Home and lifestyle,70.0,1,05/02/23,11:08:00,Ewallet,5.0,0.33,70.0,23.1
1334,WALM024,Carrollton,Fashion accessories,57.0,3,15/03/21,19:28:00,Ewallet,6.0,0.48,171.0,82.08
1335,WALM015,Grand Prairie,Home and lifestyle,16.0,3,06/08/23,12:29:00,Ewallet,4.0,0.48,48.0,23.04
1336,WALM068,Burleson,Fashion accessories,18.0,1,02/06/22,17:06:00,Ewallet,5.0,0.33,18.0,5.94
1337,WALM025,Waco,Home and lifestyle,29.0,3,18/07/22,9:48:00,Ewallet,8.0,0.48,87.0,41.76
1338,WALM040,Edinburg,Fashion accessories,51.0,2,22/06/20,18:51:00,Ewallet,9.0,0.48,102.0,48.96
1339,WALM036,Allen,Home and lifestyle,23.0,3,08/02/20,6:21:00,Ewallet,4.0,0.48,69.0,33.12
1340,WALM012,Garland,Fashion accessories,76.0,3,20/10/21,16:13:00,Ewallet,7.0,0.48,228.0,109.44
1341,WALM069,Rockwall,Home and lifestyle,29.0,1,29/10/23,20:15:00,Ewallet,9.0,0.33,29.0,9.57
1342,WALM059,Pflugerville,Fashion accessories,74.0,3,25/01/20,21:38:00,Ewallet,6.0,0.33,222.0,73.26
1343,WALM038,Sugar Land,Home and lifestyle,65.0,2,31/05/22,9:22:00,Ewallet,7.0,0.48,130.0,62.4
1344,WALM032,Tyler,Fashion accessories,42.0,2,10/08/21,8:34:00,Ewallet,6.0,0.48,84.0,40.32
1345,WALM090,Brownwood,Home and lifestyle,52.0,1,19/11/23,18:16:00,Ewallet,9.0,0.33,52.0,17.16
1346,WALM003,San Antonio,Fashion accessories,73.0,1,18/06/20,12:10:00,Ewallet,4.0,0.48,73.0,35.04
1347,WALM046,Temple,Home and lifestyle,17.0,2,11/04/20,22:17:00,Ewallet,7.0,0.48,34.0,16.32
1348,WALM030,Richardson,Fashion accessories,40.0,3,10/08/20,9:14:00,Ewallet,4.0,0.48,120.0,57.6
1349,WALM083,Farmers Branch,Home and lifestyle,81.0,3,01/02/23,21:49:00,Ewallet,6.0,0.33,243.0,80.19
1350,WALM003,San Antonio,Fashion accessories,62.0,3,30/09/20,7:41:00,Ewallet,7.0,0.48,186.0,89.28
1351,WALM095,Big Spring,Home and lifestyle,48.0,1,30/05/22,18:06:00,Ewallet,6.0,0.33,48.0,15.84
1352,WALM091,Little Elm,Fashion accessories,20.0,2,02/07/23,8:34:00,Ewallet,5.0,0.33,40.0,13.2
1353,WALM073,Seguin,Home and lifestyle,20.0,1,12/10/22,9:17:00,Ewallet,9.0,0.33,20.0,6.6
1354,WALM057,Euless,Fashion accessories,54.0,1,17/11/20,13:38:00,Ewallet,9.0,0.33,54.0,17.82
1355,WALM013,Irving,Home and lifestyle,76.0,3,10/05/23,16:31:00,Ewallet,5.0,0.48,228.0,109.44
1356,WALM055,Waxahachie,Fashion accessories,81.0,1,27/03/21,12:22:00,Ewallet,8.0,0.33,81.0,26.73
1357,WALM020,Killeen,Home and lifestyle,33.0,1,12/09/22,16:07:00,Ewallet,4.0,0.48,33.0,15.84
1358,WALM094,Alamo,Fashion accessories,72.0,2,09/12/20,17:04:00,Ewallet,4.0,0.33,144.0,47.52
1359,WALM044,Pharr,Home and lifestyle,20.0,3,25/04/20,19:14:00,Ewallet,9.0,0.48,60.0,28.8
1360,WALM048,Harlingen,Fashion accessories,44.0,1,03/04/23,19:33:00,Ewallet,4.0,0.48,44.0,21.12
1361,WALM025,Waco,Home and lifestyle,81.0,1,06/11/22,6:24:00,Ewallet,7.0,0.48,81.0,38.88
1362,WALM090,Brownwood,Fashion accessories,77.0,2,08/01/20,8:12:00,Ewallet,4.0,0.33,154.0,50.82
1363,WALM014,Amarillo,Home and lifestyle,83.0,1,02/02/21,7:47:00,Ewallet,5.0,0.48,83.0,39.84
1364,WALM063,Georgetown,Fashion accessories,50.0,3,27/10/21,9:59:00,Ewallet,9.0,0.33,150.0,49.5
1365,WALM034,College Station,Home and lifestyle,52.0,3,13/01/21,16:37:00,Ewallet,6.0,0.48,156.0,74.88
1366,WALM032,Tyler,Fashion accessories,73.0,2,04/01/22,12:51:00,Ewallet,8.0,0.48,146.0,70.08
1367,WALM003,San Antonio,Home and lifestyle,26.0,1,12/08/23,14:57:00,Ewallet,7.0,0.36,26.0,9.36
1368,WALM073,Seguin,Fashion accessories,43.0,1,22/04/21,18:15:00,Ewallet,8.0,0.33,43.0,14.19
1369,WALM047,Flower Mound,Home and lifestyle,71.0,3,11/11/22,7:50:00,Ewallet,5.0,0.48,213.0,102.24
1370,WALM089,Southlake,Fashion accessories,26.0,1,18/04/23,11:56:00,Ewallet,9.0,0.33,26.0,8.58
1371,WALM078,Del Rio,Home and lifestyle,37.0,2,26/10/22,8:10:00,Ewallet,5.0,0.33,74.0,24.42
1372,WALM043,Baytown,Fashion accessories,54.0,3,21/04/23,22:00:00,Ewallet,5.0,0.48,162.0,77.76
1373,WALM056,Rowlett,Home and lifestyle,85.0,1,02/02/22,16:56:00,Ewallet,4.0,0.33,85.0,28.05
1374,WALM030,Richardson,Fashion accessories,83.0,1,09/05/22,6:02:00,Ewallet,7.0,0.48,83.0,39.84
1375,WALM090,Brownwood,Home and lifestyle,23.0,1,22/07/20,13:05:00,Ewallet,6.0,0.33,23.0,7.59
1376,WALM058,Port Arthur,Fashion accessories,27.0,3,11/02/20,6:31:00,Ewallet,8.0,0.33,81.0,26.73
1377,WALM059,Pflugerville,Home and lifestyle,32.0,1,10/05/20,7:02:00,Ewallet,6.0,0.33,32.0,10.56
1378,WALM010,Laredo,Fashion accessories,19.0,2,14/08/21,11:21:00,Ewallet,8.0,0.48,38.0,18.24
1379,WALM079,La Porte,Home and lifestyle,22.0,2,31/01/23,19:32:00,Ewallet,4.0,0.33,44.0,14.52
1380,WALM016,Brownsville,Fashion accessories,56.0,1,27/03/23,16:51:00,Ewallet,5.0,0.48,56.0,26.88
1381,WALM081,Friendswood,Home and lifestyle,26.0,3,05/07/20,9:54:00,Ewallet,5.0,0.33,78.0,25.74
1382,WALM006,El Paso,Fashion accessories,23.0,1,10/02/20,12:38:00,Ewallet,6.0,0.48,23.0,11.04
1383,WALM012,Garland,Home and lifestyle,85.0,3,04/02/23,14:11:00,Ewallet,6.0,0.48,255.0,122.4
1384,WALM009,Plano,Fashion accessories,52.0,3,23/05/23,17:55:00,Ewallet,9.0,0.48,156.0,74.88
1385,WALM085,Kerrville,Home and lifestyle,55.0,3,04/10/21,11:51:00,Ewallet,7.0,0.33,165.0,54.45
1386,WALM047,Flower Mound,Fashion accessories,29.0,1,03/05/22,22:41:00,Ewallet,9.0,0.48,29.0,13.92
1387,WALM095,Big Spring,Home and lifestyle,26.0,3,10/06/21,11:10:00,Ewallet,7.0,0.33,78.0,25.74
1388,WALM084,Schertz,Fashion accessories,44.0,1,22/01/21,13:28:00,Ewallet,6.0,0.33,44.0,14.52
1389,WALM083,Farmers Branch,Home and lifestyle,25.0,3,03/06/22,12:24:00,Ewallet,4.0,0.33,75.0,24.75
1390,WALM007,Arlington,Fashion accessories,76.0,2,11/02/22,15:43:00,Ewallet,8.0,0.48,152.0,72.96
1391,WALM034,College Station,Home and lifestyle,35.0,3,14/02/22,7:07:00,Ewallet,6.0,0.48,105.0,50.4
1392,WALM023,Midland,Fashion accessories,16.0,3,06/05/20,16:05:00,Ewallet,8.0,0.48,48.0,23.04
1393,WALM008,Corpus Christi,Home and lifestyle,71.0,1,12/02/22,6:19:00,Ewallet,6.0,0.48,71.0,34.08
1394,WALM098,Mineral Wells,Fashion accessories,80.0,3,04/11/23,17:34:00,Ewallet,6.0,0.18,240.0,43.2
1395,WALM009,Plano,Home and lifestyle,71.0,3,01/08/20,14:54:00,Ewallet,9.0,0.48,213.0,102.24
1396,WALM072,Lancaster,Fashion accessories,50.0,3,15/11/20,14:47:00,Ewallet,4.0,0.33,150.0,49.5
1397,WALM059,Pflugerville,Home and lifestyle,40.0,3,18/05/22,14:41:00,Ewallet,7.0,0.33,120.0,39.6
1398,WALM073,Seguin,Fashion accessories,36.0,3,30/03/23,18:10:00,Ewallet,6.0,0.33,108.0,35.64
1399,WALM043,Baytown,Home and lifestyle,23.0,1,10/01/23,8:37:00,Ewallet,7.0,0.48,23.0,11.04
1400,WALM092,Lake Jackson,Fashion accessories,30.0,2,08/03/22,10:10:00,Ewallet,9.0,0.33,60.0,19.8
1401,WALM026,Denton,Home and lifestyle,39.0,1,04/04/22,19:27:00,Ewallet,8.0,0.48,39.0,18.72
1402,WALM079,La Porte,Fashion accessories,39.0,3,22/07/20,6:16:00,Ewallet,8.0,0.33,117.0,38.61
1403,WALM100,Canyon,Home and lifestyle,66.0,3,14/06/23,9:02:00,Ewallet,5.0,0.18,198.0,35.64
1404,WALM096,Eagle Pass,Fashion accessories,43.0,2,28/02/23,20:27:00,Ewallet,4.0,0.18,86.0,15.48
1405,WALM053,Conroe,Home and lifestyle,31.0,2,20/12/22,22:59:00,Ewallet,6.0,0.57,62.0,35.34
1406,WALM054,Sherman,Fashion accessories,32.0,1,13/10/23,11:03:00,Ewallet,5.0,0.21,32.0,6.72
1407,WALM070,Hurst,Home and lifestyle,37.0,1,30/04/23,16:45:00,Ewallet,9.0,0.33,37.0,12.21
1408,WALM004,Austin,Fashion accessories,63.0,2,20/02/22,12:42:00,Ewallet,7.0,0.48,126.0,60.48
1409,WALM071,Lufkin,Home and lifestyle,49.0,1,09/04/20,21:11:00,Ewallet,6.0,0.33,49.0,16.17
1410,WALM081,Friendswood,Fashion accessories,71.0,2,07/04/20,16:09:00,Ewallet,9.0,0.33,142.0,46.86
1411,WALM028,Odessa,Home and lifestyle,49.0,3,12/08/23,21:48:00,Ewallet,6.0,0.48,147.0,70.56
1412,WALM031,Lewisville,Fashion accessories,15.0,3,03/02/21,18:41:00,Ewallet,6.0,0.48,45.0,21.6
1413,WALM063,Georgetown,Home and lifestyle,74.0,1,27/01/21,9:47:00,Ewallet,4.0,0.33,74.0,24.42
1414,WALM022,Mesquite,Fashion accessories,69.0,3,08/02/22,15:20:00,Ewallet,5.0,0.48,207.0,99.36
1415,WALM084,Schertz,Home and lifestyle,77.0,1,17/06/20,15:25:00,Ewallet,5.0,0.33,77.0,25.41
1416,WALM100,Canyon,Fashion accessories,41.0,3,15/12/20,15:21:00,Ewallet,7.0,0.18,123.0,22.14
1417,WALM068,Burleson,Home and lifestyle,77.0,3,10/06/21,13:13:00,Ewallet,4.0,0.33,231.0,76.23
1418,WALM043,Baytown,Fashion accessories,56.0,2,30/11/23,12:47:00,Ewallet,8.0,0.48,112.0,53.76
1419,WALM019,Pasadena,Home and lifestyle,80.0,2,21/12/20,16:17:00,Ewallet,9.0,0.48,160.0,76.8
1420,WALM024,Carrollton,Fashion accessories,51.0,3,14/11/21,6:55:00,Ewallet,5.0,0.48,153.0,73.44
1421,WALM045,Missouri City,Home and lifestyle,85.0,2,03/04/21,13:49:00,Credit card,4.0,0.48,170.0,81.6
1422,WALM056,Rowlett,Fashion accessories,50.0,3,04/02/22,19:08:00,Ewallet,6.0,0.33,150.0,49.5
1423,WALM045,Missouri City,Home and lifestyle,17.0,1,30/09/21,20:36:00,Credit card,5.0,0.48,17.0,8.16
1424,WALM040,Edinburg,Fashion accessories,49.0,1,22/10/22,16:16:00,Ewallet,6.0,0.48,49.0,23.52
1425,WALM060,DeSoto,Home and lifestyle,28.0,3,01/04/21,22:35:00,Ewallet,4.0,0.33,84.0,27.72
1426,WALM069,Rockwall,Fashion accessories,52.0,1,21/05/21,18:05:00,Ewallet,7.0,0.33,52.0,17.16
1427,WALM081,Friendswood,Home and lifestyle,27.0,3,19/12/22,11:14:00,Ewallet,9.0,0.33,81.0,26.73
1428,WALM020,Killeen,Fashion accessories,34.0,3,15/01/22,9:08:00,Ewallet,7.0,0.48,102.0,48.96
1429,WALM002,Dallas,Home and lifestyle,65.0,3,01/05/21,13:32:00,Ewallet,6.0,0.36,195.0,70.2
1430,WALM014,Amarillo,Fashion accessories,62.0,3,19/10/20,11:56:00,Ewallet,8.0,0.48,186.0,89.28
1431,WALM058,Port Arthur,Home and lifestyle,74.0,2,24/06/23,20:05:00,Ewallet,7.0,0.33,148.0,48.84
1432,WALM022,Mesquite,Fashion accessories,16.0,1,28/08/20,14:41:00,Ewallet,5.0,0.48,16.0,7.68
1433,WALM015,Grand Prairie,Home and lifestyle,38.0,3,21/05/22,12:12:00,Ewallet,5.0,0.48,114.0,54.72
1434,WALM056,Rowlett,Fashion accessories,62.0,2,24/02/20,7:25:00,Ewallet,8.0,0.33,124.0,40.92
1435,WALM092,Lake Jackson,Home and lifestyle,77.0,1,13/11/23,14:21:00,Ewallet,6.0,0.33,77.0,25.41
1436,WALM074,Weslaco,Fashion accessories,81.0,1,22/07/21,19:46:00,Cash,8.0,0.33,81.0,26.73
1437,WALM007,Arlington,Home and lifestyle,25.0,1,25/12/22,20:41:00,Ewallet,7.0,0.48,25.0,12.0
1438,WALM080,Nacogdoches,Fashion accessories,28.0,3,17/09/21,6:36:00,Ewallet,4.0,0.33,84.0,27.72
1439,WALM021,McAllen,Home and lifestyle,77.0,3,06/03/22,9:31:00,Ewallet,9.0,0.48,231.0,110.88
1440,WALM077,Coppell,Fashion accessories,79.0,1,10/10/22,17:07:00,Ewallet,8.0,0.33,79.0,26.07
1441,WALM045,Missouri City,Home and lifestyle,21.0,2,02/07/23,14:12:00,Credit card,6.0,0.48,42.0,20.16
1442,WALM099,Weatherford,Fashion accessories,17.0,1,03/12/20,12:33:00,Ewallet,6.0,0.18,17.0,3.06
1443,WALM012,Garland,Home and lifestyle,76.0,3,15/05/22,13:57:00,Ewallet,9.0,0.48,228.0,109.44
1444,WALM035,San Angelo,Fashion accessories,33.0,3,27/11/22,10:55:00,Ewallet,6.0,0.48,99.0,47.52
1445,WALM003,San Antonio,Home and lifestyle,38.0,1,23/04/20,10:44:00,Ewallet,4.0,0.36,38.0,13.68
1446,WALM069,Rockwall,Fashion accessories,29.0,2,26/09/23,9:01:00,Ewallet,8.0,0.33,58.0,19.14
1447,WALM053,Conroe,Home and lifestyle,85.0,1,29/06/22,17:03:00,Ewallet,8.0,0.57,85.0,48.45
1448,WALM081,Friendswood,Fashion accessories,31.0,1,26/04/23,16:47:00,Ewallet,8.0,0.33,31.0,10.23
1449,WALM092,Lake Jackson,Home and lifestyle,67.0,3,30/09/22,16:51:00,Ewallet,4.0,0.33,201.0,66.33
1450,WALM063,Georgetown,Fashion accessories,72.0,1,09/04/21,7:14:00,Ewallet,7.0,0.33,72.0,23.76
1451,WALM079,La Porte,Home and lifestyle,41.0,3,06/07/22,10:31:00,Ewallet,7.0,0.33,123.0,40.59
1452,WALM065,Texas City,Fashion accessories,67.0,1,05/07/21,18:06:00,Ewallet,5.0,0.33,67.0,22.11
1453,WALM071,Lufkin,Home and lifestyle,32.0,2,28/11/22,15:04:00,Ewallet,5.0,0.33,64.0,21.12
1454,WALM090,Brownwood,Fashion accessories,67.0,2,12/12/22,6:06:00,Ewallet,7.0,0.33,134.0,44.22
1455,WALM016,Brownsville,Home and lifestyle,36.0,3,04/07/20,19:21:00,Ewallet,8.0,0.48,108.0,51.84
1456,WALM020,Killeen,Fashion accessories,69.0,2,03/02/23,10:46:00,Ewallet,8.0,0.48,138.0,66.24
1457,WALM062,Galveston,Home and lifestyle,40.0,1,11/07/23,19:42:00,Ewallet,4.0,0.33,40.0,13.2
1458,WALM038,Sugar Land,Fashion accessories,33.0,3,06/10/22,8:51:00,Ewallet,7.0,0.48,99.0,47.52
1459,WALM042,Bryan,Home and lifestyle,46.0,2,27/11/21,19:29:00,Ewallet,8.0,0.48,92.0,44.16
1460,WALM017,McKinney,Fashion accessories,76.0,1,12/01/20,9:32:00,Ewallet,8.0,0.48,76.0,36.48
1461,WALM043,Baytown,Home and lifestyle,19.0,1,20/04/22,9:13:00,Ewallet,7.0,0.48,19.0,9.12
1462,WALM029,Round Rock,Fashion accessories,62.0,3,05/06/21,20:22:00,Ewallet,5.0,0.48,186.0,89.28
1463,WALM045,Missouri City,Home and lifestyle,53.0,2,12/05/21,20:26:00,Credit card,5.0,0.48,106.0,50.88
1464,WALM071,Lufkin,Fashion accessories,55.0,2,16/09/23,19:53:00,Ewallet,7.0,0.33,110.0,36.3
1465,WALM089,Southlake,Home and lifestyle,47.0,2,01/04/23,10:06:00,Ewallet,4.0,0.33,94.0,31.02
1466,WALM088,Cleburne,Fashion accessories,63.0,2,07/11/20,18:43:00,Ewallet,5.0,0.33,126.0,41.58
1467,WALM042,Bryan,Home and lifestyle,59.0,3,22/06/20,9:33:00,Ewallet,9.0,0.48,177.0,84.96
1468,WALM088,Cleburne,Fashion accessories,49.0,1,22/12/22,17:34:00,Ewallet,5.0,0.33,49.0,16.17
1469,WALM020,Killeen,Home and lifestyle,68.0,2,12/04/20,9:58:00,Ewallet,9.0,0.48,136.0,65.28
1470,WALM023,Midland,Fashion accessories,73.0,1,18/05/21,17:51:00,Ewallet,7.0,0.48,73.0,35.04
1471,WALM079,La Porte,Home and lifestyle,82.0,1,29/11/20,14:59:00,Ewallet,5.0,0.33,82.0,27.06
1472,WALM095,Big Spring,Fashion accessories,68.0,2,09/03/23,20:49:00,Ewallet,4.0,0.33,136.0,44.88
1473,WALM001,Houston,Home and lifestyle,58.0,2,05/03/23,11:06:00,Ewallet,4.0,0.36,116.0,41.76
1474,WALM065,Texas City,Fashion accessories,44.0,1,26/05/20,19:41:00,Ewallet,7.0,0.33,44.0,14.52
1475,WALM076,Huntsville,Home and lifestyle,40.0,3,14/12/21,17:23:00,Ewallet,7.0,0.33,120.0,39.6
1476,WALM089,Southlake,Fashion accessories,18.0,3,27/07/22,18:04:00,Ewallet,6.0,0.33,54.0,17.82
1477,WALM094,Alamo,Home and lifestyle,56.0,3,23/11/22,20:44:00,Ewallet,8.0,0.33,168.0,55.44
1478,WALM009,Plano,Fashion accessories,45.0,1,21/02/22,8:50:00,Ewallet,5.0,0.48,45.0,21.6
1479,WALM069,Rockwall,Home and lifestyle,28.0,1,12/07/20,16:32:00,Ewallet,4.0,0.33,28.0,9.24
1480,WALM069,Rockwall,Fashion accessories,72.0,2,04/12/20,7:23:00,Ewallet,9.0,0.33,144.0,47.52
1481,WALM032,Tyler,Home and lifestyle,33.0,2,06/01/21,10:35:00,Ewallet,4.0,0.48,66.0,31.68
1482,WALM017,McKinney,Fashion accessories,69.0,1,28/05/20,13:36:00,Ewallet,9.0,0.48,69.0,33.12
1483,WALM021,McAllen,Home and lifestyle,51.0,1,16/06/22,12:40:00,Ewallet,8.0,0.48,51.0,24.48
1484,WALM030,Richardson,Fashion accessories,22.0,1,21/01/20,19:46:00,Ewallet,8.0,0.48,22.0,10.56
1485,WALM006,El Paso,Home and lifestyle,17.0,2,28/03/21,18:45:00,Ewallet,6.0,0.48,34.0,16.32
1486,WALM047,Flower Mound,Fashion accessories,37.0,1,24/11/21,21:37:00,Ewallet,5.0,0.48,37.0,17.76
1487,WALM015,Grand Prairie,Home and lifestyle,63.0,2,18/06/21,13:42:00,Ewallet,6.0,0.48,126.0,60.48
1488,WALM068,Burleson,Fashion accessories,22.0,1,20/07/23,15:37:00,Ewallet,6.0,0.33,22.0,7.26
1489,WALM065,Texas City,Home and lifestyle,24.0,3,25/01/20,8:01:00,Ewallet,5.0,0.33,72.0,23.76
1490,WALM094,Alamo,Fashion accessories,77.0,2,13/01/22,12:25:00,Ewallet,5.0,0.33,154.0,50.82
1491,WALM048,Harlingen,Home and lifestyle,19.0,2,02/10/21,7:27:00,Ewallet,5.0,0.48,38.0,18.24
1492,WALM098,Mineral Wells,Fashion accessories,57.0,1,19/01/21,18:43:00,Ewallet,4.0,0.18,57.0,10.26
1493,WALM099,Weatherford,Home and lifestyle,27.0,1,29/02/20,7:38:00,Ewallet,4.0,0.18,27.0,4.86
1494,WALM046,Temple,Fashion accessories,55.0,2,22/01/20,19:40:00,Ewallet,4.0,0.48,110.0,52.8
1495,WALM046,Temple,Home and lifestyle,70.0,2,02/03/20,17:39:00,Ewallet,5.0,0.48,140.0,67.2
1496,WALM049,North Richland Hills,Fashion accessories,65.0,2,23/08/23,18:22:00,Ewallet,4.0,0.48,130.0,62.4
1497,WALM068,Burleson,Home and lifestyle,52.0,3,19/12/22,13:00:00,Ewallet,6.0,0.33,156.0,51.48
1498,WALM024,Carrollton,Fashion accessories,83.0,3,30/07/22,17:20:00,Ewallet,8.0,0.48,249.0,119.52
1499,WALM084,Schertz,Home and lifestyle,70.0,3,06/11/21,12:31:00,Ewallet,5.0,0.33,210.0,69.3
1500,WALM046,Temple,Fashion accessories,69.0,2,30/06/21,14:01:00,Ewallet,7.0,0.48,138.0,66.24
1501,WALM035,San Angelo,Home and lifestyle,25.0,3,11/09/22,14:32:00,Ewallet,7.0,0.48,75.0,36.0
1502,WALM052,Mansfield,Fashion accessories,15.0,2,05/11/23,16:07:00,Ewallet,6.0,0.57,30.0,17.1
1503,WALM093,Angleton,Home and lifestyle,43.0,3,11/09/22,6:01:00,Ewallet,4.0,0.33,129.0,42.57
1504,WALM019,Pasadena,Fashion accessories,52.0,1,12/09/20,22:06:00,Ewallet,9.0,0.48,52.0,24.96
1505,WALM024,Carrollton,Home and lifestyle,61.0,3,04/07/21,17:07:00,Ewallet,8.0,0.48,183.0,87.84
1506,WALM077,Coppell,Fashion accessories,15.0,1,17/06/20,8:00:00,Ewallet,6.0,0.33,15.0,4.95
1507,WALM062,Galveston,Home and lifestyle,34.0,3,03/11/21,7:03:00,Ewallet,5.0,0.33,102.0,33.66
1508,WALM035,San Angelo,Fashion accessories,64.0,2,19/06/21,20:49:00,Ewallet,7.0,0.48,128.0,61.44
1509,WALM064,Bedford,Home and lifestyle,27.0,1,13/05/23,7:45:00,Ewallet,5.0,0.33,27.0,8.91
1510,WALM020,Killeen,Fashion accessories,57.0,1,09/06/20,6:31:00,Ewallet,8.0,0.48,57.0,27.36
1511,WALM093,Angleton,Home and lifestyle,67.0,1,11/12/20,12:58:00,Ewallet,9.0,0.33,67.0,22.11
1512,WALM026,Denton,Fashion accessories,34.0,3,22/10/23,23:00:00,Ewallet,9.0,0.48,102.0,48.96
1513,WALM002,Dallas,Home and lifestyle,52.0,1,07/03/22,8:06:00,Ewallet,5.0,0.36,52.0,18.72
1514,WALM036,Allen,Fashion accessories,17.0,2,08/07/22,15:55:00,Ewallet,4.0,0.48,34.0,16.32
1515,WALM011,Lubbock,Home and lifestyle,71.0,1,22/05/22,22:22:00,Ewallet,4.0,0.48,71.0,34.08
1516,WALM093,Angleton,Fashion accessories,19.0,2,15/02/21,13:22:00,Ewallet,8.0,0.33,38.0,12.54
1517,WALM039,Longview,Home and lifestyle,41.0,3,17/04/22,20:41:00,Ewallet,5.0,0.48,123.0,59.04
1518,WALM048,Harlingen,Fashion accessories,49.0,1,13/10/20,13:46:00,Ewallet,5.0,0.48,49.0,23.52
1519,WALM049,North Richland Hills,Home and lifestyle,61.0,1,20/12/23,20:19:00,Ewallet,8.0,0.48,61.0,29.28
1520,WALM034,College Station,Fashion accessories,32.0,1,06/10/20,17:29:00,Ewallet,9.0,0.48,32.0,15.36
1521,WALM062,Galveston,Home and lifestyle,26.0,3,26/10/22,11:40:00,Ewallet,7.0,0.33,78.0,25.74
1522,WALM089,Southlake,Fashion accessories,20.0,2,06/06/23,21:24:00,Ewallet,8.0,0.33,40.0,13.2
1523,WALM026,Denton,Home and lifestyle,43.0,1,25/12/21,16:17:00,Ewallet,9.0,0.48,43.0,20.64
1524,WALM012,Garland,Fashion accessories,51.0,1,29/10/20,16:15:00,Ewallet,6.0,0.48,51.0,24.48
1525,WALM072,Lancaster,Home and lifestyle,19.0,1,12/03/23,9:04:00,Ewallet,4.0,0.33,19.0,6.27
1526,WALM038,Sugar Land,Fashion accessories,85.0,1,12/12/23,10:34:00,Ewallet,5.0,0.48,85.0,40.8
1527,WALM084,Schertz,Home and lifestyle,74.0,3,18/05/21,15:53:00,Ewallet,9.0,0.33,222.0,73.26
1528,WALM016,Brownsville,Fashion accessories,68.0,3,26/04/22,16:18:00,Ewallet,6.0,0.48,204.0,97.92
1529,WALM079,La Porte,Home and lifestyle,80.0,3,14/08/21,15:40:00,Ewallet,9.0,0.33,240.0,79.2
1530,WALM091,Little Elm,Fashion accessories,67.0,1,15/07/23,21:31:00,Ewallet,5.0,0.33,67.0,22.11
1531,WALM096,Eagle Pass,Home and lifestyle,42.0,2,02/06/22,16:48:00,Ewallet,9.0,0.33,84.0,27.72
1532,WALM063,Georgetown,Fashion accessories,16.0,2,28/04/22,7:17:00,Ewallet,5.0,0.33,32.0,10.56
1533,WALM097,Alice,Home and lifestyle,33.0,2,23/08/21,22:15:00,Ewallet,7.0,0.18,66.0,11.88
1534,WALM076,Huntsville,Fashion accessories,38.0,3,19/09/20,14:24:00,Ewallet,4.0,0.33,114.0,37.62
1535,WALM076,Huntsville,Home and lifestyle,36.0,2,28/12/22,7:04:00,Ewallet,5.0,0.33,72.0,23.76
1536,WALM094,Alamo,Fashion accessories,50.0,1,07/11/21,22:16:00,Ewallet,8.0,0.33,50.0,16.5
1537,WALM099,Weatherford,Home and lifestyle,39.0,1,22/03/23,11:10:00,Ewallet,6.0,0.18,39.0,7.02
1538,WALM061,Cedar Park,Fashion accessories,27.0,3,23/11/22,21:57:00,Ewallet,9.0,0.33,81.0,26.73
1539,WALM086,Rosenberg,Home and lifestyle,51.0,1,16/01/21,10:12:00,Ewallet,8.0,0.33,51.0,16.83
1540,WALM031,Lewisville,Fashion accessories,78.0,1,15/12/21,11:45:00,Ewallet,7.0,0.48,78.0,37.44
1541,WALM009,Plano,Home and lifestyle,53.0,3,18/02/21,21:55:00,Ewallet,7.0,0.48,159.0,76.32
1542,WALM036,Allen,Fashion accessories,22.0,2,23/10/21,13:38:00,Ewallet,7.0,0.48,44.0,21.12
1543,WALM062,Galveston,Home and lifestyle,84.0,2,07/10/20,14:49:00,Ewallet,4.0,0.33,168.0,55.44
1544,WALM053,Conroe,Fashion accessories,40.0,2,30/11/21,16:06:00,Ewallet,8.0,0.57,80.0,45.6
1545,WALM025,Waco,Home and lifestyle,42.0,3,06/07/21,11:00:00,Ewallet,9.0,0.48,126.0,60.48
1546,WALM019,Pasadena,Fashion accessories,38.0,1,27/08/22,15:41:00,Ewallet,4.0,0.48,38.0,18.24
1547,WALM018,Frisco,Home and lifestyle,50.0,3,22/10/20,17:56:00,Ewallet,9.0,0.48,150.0,72.0
1548,WALM027,Abilene,Fashion accessories,55.0,2,19/01/22,11:22:00,Ewallet,4.0,0.48,110.0,52.8
1549,WALM064,Bedford,Home and lifestyle,48.0,1,03/08/20,14:30:00,Ewallet,4.0,0.33,48.0,15.84
1550,WALM013,Irving,Fashion accessories,62.0,3,13/08/22,14:02:00,Ewallet,4.0,0.48,186.0,89.28
1551,WALM008,Corpus Christi,Home and lifestyle,73.0,1,19/05/21,16:12:00,Ewallet,6.0,0.48,73.0,35.04
1552,WALM020,Killeen,Fashion accessories,42.0,2,16/07/21,14:13:00,Ewallet,9.0,0.48,84.0,40.32
1553,WALM069,Rockwall,Home and lifestyle,84.0,1,06/12/23,21:21:00,Ewallet,8.0,0.33,84.0,27.72
1554,WALM020,Killeen,Fashion accessories,19.0,1,12/09/23,19:54:00,Ewallet,7.0,0.48,19.0,9.12
1555,WALM032,Tyler,Home and lifestyle,26.0,2,07/11/23,6:56:00,Ewallet,4.0,0.48,52.0,24.96
1556,WALM010,Laredo,Fashion accessories,33.0,3,25/01/20,7:21:00,Ewallet,6.0,0.48,99.0,47.52
1557,WALM012,Garland,Home and lifestyle,23.0,1,09/07/23,18:53:00,Ewallet,4.0,0.48,23.0,11.04
1558,WALM082,Weslaco,Fashion accessories,81.0,3,27/12/22,21:46:00,Cash,5.0,0.33,243.0,80.19
1559,WALM096,Eagle Pass,Home and lifestyle,78.0,2,17/02/20,18:54:00,Ewallet,9.0,0.33,156.0,51.48
1560,WALM026,Denton,Fashion accessories,42.0,3,20/12/21,13:54:00,Ewallet,7.0,0.48,126.0,60.48
1561,WALM082,Weslaco,Home and lifestyle,27.0,2,24/06/20,9:26:00,Cash,6.0,0.33,54.0,17.82
1562,WALM065,Texas City,Fashion accessories,53.0,3,22/03/22,18:19:00,Ewallet,6.0,0.33,159.0,52.47
1563,WALM085,Kerrville,Home and lifestyle,23.0,2,16/01/21,19:04:00,Ewallet,4.0,0.33,46.0,15.18
1564,WALM048,Harlingen,Fashion accessories,81.0,1,27/08/20,7:08:00,Ewallet,7.0,0.48,81.0,38.88
1565,WALM033,Pearland,Home and lifestyle,47.0,3,09/08/21,17:46:00,Ewallet,8.0,0.48,141.0,67.68
1566,WALM046,Temple,Fashion accessories,76.0,2,11/09/23,12:23:00,Ewallet,9.0,0.48,152.0,72.96
1567,WALM072,Lancaster,Home and lifestyle,25.0,1,30/01/20,14:48:00,Ewallet,4.0,0.33,25.0,8.25
1568,WALM044,Pharr,Fashion accessories,67.0,2,16/05/23,17:59:00,Ewallet,4.0,0.48,134.0,64.32
1569,WALM052,Mansfield,Home and lifestyle,25.0,1,28/06/21,13:17:00,Ewallet,9.0,0.57,25.0,14.25
1570,WALM047,Flower Mound,Fashion accessories,66.0,1,01/12/22,6:12:00,Ewallet,8.0,0.48,66.0,31.68
1571,WALM039,Longview,Home and lifestyle,15.0,3,29/01/22,20:09:00,Ewallet,6.0,0.48,45.0,21.6
1572,WALM070,Hurst,Fashion accessories,36.0,1,06/04/21,16:34:00,Ewallet,5.0,0.33,36.0,11.88
1573,WALM018,Frisco,Home and lifestyle,69.0,1,23/07/20,10:51:00,Ewallet,6.0,0.48,69.0,33.12
1574,WALM023,Midland,Fashion accessories,50.0,2,25/03/21,21:22:00,Ewallet,5.0,0.48,100.0,48.0
1575,WALM034,College Station,Home and lifestyle,74.0,2,12/02/22,9:10:00,Ewallet,7.0,0.48,148.0,71.04
1576,WALM059,Pflugerville,Fashion accessories,75.0,2,02/10/20,20:08:00,Ewallet,5.0,0.33,150.0,49.5
1577,WALM071,Lufkin,Home and lifestyle,24.0,1,13/07/23,10:46:00,Ewallet,5.0,0.33,24.0,7.92
1578,WALM017,McKinney,Fashion accessories,74.0,3,23/02/23,7:49:00,Ewallet,4.0,0.48,222.0,106.56
1579,WALM019,Pasadena,Home and lifestyle,64.0,2,17/08/22,16:01:00,Ewallet,9.0,0.48,128.0,61.44
1580,WALM035,San Angelo,Fashion accessories,46.0,1,28/04/20,13:31:00,Ewallet,4.0,0.48,46.0,22.08
1581,WALM025,Waco,Home and lifestyle,73.0,1,22/10/22,19:36:00,Ewallet,9.0,0.48,73.0,35.04
1582,WALM008,Corpus Christi,Fashion accessories,49.0,3,29/04/20,8:14:00,Ewallet,7.0,0.48,147.0,70.56
1583,WALM027,Abilene,Home and lifestyle,69.0,2,09/12/20,9:01:00,Ewallet,6.0,0.48,138.0,66.24
1584,WALM020,Killeen,Fashion accessories,36.0,3,18/02/21,19:25:00,Ewallet,8.0,0.48,108.0,51.84
1585,WALM061,Cedar Park,Home and lifestyle,42.0,2,11/10/20,20:43:00,Ewallet,7.0,0.33,84.0,27.72
1586,WALM015,Grand Prairie,Fashion accessories,77.0,3,08/10/20,7:08:00,Ewallet,8.0,0.48,231.0,110.88
1587,WALM065,Texas City,Home and lifestyle,38.0,1,18/06/23,18:27:00,Ewallet,7.0,0.33,38.0,12.54
1588,WALM017,McKinney,Fashion accessories,61.0,1,05/01/23,17:07:00,Ewallet,7.0,0.48,61.0,29.28
1589,WALM043,Baytown,Home and lifestyle,35.0,2,25/06/22,22:05:00,Ewallet,8.0,0.48,70.0,33.6
1590,WALM032,Tyler,Fashion accessories,45.0,3,12/10/20,15:27:00,Ewallet,5.0,0.48,135.0,64.8
1591,WALM019,Pasadena,Home and lifestyle,62.0,2,11/10/20,12:06:00,Ewallet,7.0,0.48,124.0,59.52
1592,WALM052,Mansfield,Fashion accessories,39.0,3,04/04/20,15:48:00,Ewallet,7.0,0.57,117.0,66.69
1593,WALM027,Abilene,Home and lifestyle,60.0,2,13/02/21,15:49:00,Ewallet,4.0,0.48,120.0,57.6
1594,WALM074,Weslaco,Fashion accessories,78.0,3,26/05/21,22:35:00,Cash,9.0,0.33,234.0,77.22
1595,WALM052,Mansfield,Home and lifestyle,68.0,1,12/04/22,22:07:00,Ewallet,6.0,0.57,68.0,38.76
1596,WALM047,Flower Mound,Fashion accessories,81.0,3,14/11/20,8:53:00,Ewallet,6.0,0.48,243.0,116.64
1597,WALM062,Galveston,Home and lifestyle,52.0,1,14/01/20,7:48:00,Ewallet,4.0,0.33,52.0,17.16
1598,WALM095,Big Spring,Fashion accessories,15.0,3,29/05/22,18:53:00,Ewallet,7.0,0.33,45.0,14.85
1599,WALM012,Garland,Home and lifestyle,80.0,2,14/10/23,21:45:00,Ewallet,9.0,0.48,160.0,76.8
1600,WALM060,DeSoto,Fashion accessories,82.0,1,31/08/21,14:48:00,Ewallet,9.0,0.33,82.0,27.06
1601,WALM016,Brownsville,Home and lifestyle,50.0,2,26/12/21,7:21:00,Ewallet,6.0,0.48,100.0,48.0
1602,WALM054,Sherman,Fashion accessories,48.0,1,18/03/21,6:34:00,Ewallet,8.0,0.21,48.0,10.08
1603,WALM049,North Richland Hills,Home and lifestyle,43.0,2,15/07/22,22:21:00,Ewallet,8.0,0.48,86.0,41.28
1604,WALM093,Angleton,Fashion accessories,48.0,1,09/01/20,19:06:00,Ewallet,7.0,0.33,48.0,15.84
1605,WALM035,San Angelo,Home and lifestyle,34.0,1,26/07/21,22:47:00,Ewallet,5.0,0.48,34.0,16.32
1606,WALM048,Harlingen,Fashion accessories,46.0,3,17/12/21,22:51:00,Ewallet,5.0,0.48,138.0,66.24
1607,WALM027,Abilene,Home and lifestyle,83.0,3,03/06/21,11:03:00,Ewallet,8.0,0.48,249.0,119.52
1608,WALM063,Georgetown,Fashion accessories,45.0,3,07/07/23,6:42:00,Ewallet,8.0,0.33,135.0,44.55
1609,WALM094,Alamo,Home and lifestyle,29.0,3,20/11/20,17:00:00,Ewallet,6.0,0.33,87.0,28.71
1610,WALM041,Mission,Fashion accessories,83.0,3,10/02/20,13:55:00,Ewallet,5.0,0.48,249.0,119.52
1611,WALM068,Burleson,Home and lifestyle,55.0,3,05/12/23,15:44:00,Ewallet,7.0,0.33,165.0,54.45
1612,WALM054,Sherman,Fashion accessories,42.0,3,13/10/20,17:23:00,Ewallet,6.0,0.21,126.0,26.46
1613,WALM030,Richardson,Home and lifestyle,52.0,1,22/07/20,20:15:00,Ewallet,6.0,0.48,52.0,24.96
1614,WALM005,Fort Worth,Fashion accessories,52.0,3,21/03/20,8:45:00,Ewallet,9.0,0.48,156.0,74.88
1615,WALM021,McAllen,Home and lifestyle,17.0,3,05/08/23,15:17:00,Ewallet,4.0,0.48,51.0,24.48
1616,WALM084,Schertz,Fashion accessories,55.0,1,20/04/23,19:48:00,Ewallet,8.0,0.33,55.0,18.15
1617,WALM051,New Braunfels,Home and lifestyle,52.0,1,14/02/22,17:08:00,Ewallet,7.0,0.48,52.0,24.96
1618,WALM083,Farmers Branch,Fashion accessories,72.0,3,26/06/23,22:53:00,Ewallet,8.0,0.33,216.0,71.28
1619,WALM040,Edinburg,Home and lifestyle,43.0,1,01/06/21,11:30:00,Ewallet,4.0,0.48,43.0,20.64
1620,WALM047,Flower Mound,Fashion accessories,29.0,1,28/05/23,15:12:00,Ewallet,7.0,0.48,29.0,13.92
1621,WALM085,Kerrville,Home and lifestyle,74.0,2,18/12/21,15:07:00,Ewallet,9.0,0.33,148.0,48.84
1622,WALM031,Lewisville,Fashion accessories,85.0,1,08/09/22,7:33:00,Ewallet,8.0,0.48,85.0,40.8
1623,WALM038,Sugar Land,Home and lifestyle,82.0,3,20/06/21,6:06:00,Ewallet,9.0,0.48,246.0,118.08
1624,WALM043,Baytown,Fashion accessories,33.0,3,16/02/20,17:57:00,Ewallet,6.0,0.48,99.0,47.52
1625,WALM083,Farmers Branch,Home and lifestyle,28.0,2,01/01/23,19:48:00,Ewallet,7.0,0.33,56.0,18.48
1626,WALM081,Friendswood,Fashion accessories,23.0,3,27/08/22,16:59:00,Ewallet,4.0,0.33,69.0,22.77
1627,WALM001,Houston,Home and lifestyle,63.0,1,09/09/20,18:39:00,Ewallet,4.0,0.36,63.0,22.68
1628,WALM008,Corpus Christi,Fashion accessories,64.0,3,20/05/20,11:38:00,Ewallet,8.0,0.48,192.0,92.16
1629,WALM012,Garland,Home and lifestyle,54.0,2,09/06/22,21:03:00,Ewallet,4.0,0.48,108.0,51.84
1630,WALM084,Schertz,Fashion accessories,48.0,3,21/02/20,11:58:00,Ewallet,7.0,0.33,144.0,47.52
1631,WALM078,Del Rio,Home and lifestyle,36.0,2,24/10/21,8:37:00,Ewallet,7.0,0.33,72.0,23.76
1632,WALM071,Lufkin,Fashion accessories,49.0,2,15/01/20,18:14:00,Ewallet,8.0,0.33,98.0,32.34
1633,WALM068,Burleson,Home and lifestyle,58.0,2,29/07/20,9:26:00,Ewallet,5.0,0.33,116.0,38.28
1634,WALM097,Alice,Fashion accessories,23.0,3,11/04/20,20:01:00,Ewallet,9.0,0.18,69.0,12.42
1635,WALM015,Grand Prairie,Home and lifestyle,47.0,1,09/04/23,20:10:00,Ewallet,9.0,0.48,47.0,22.56
1636,WALM015,Grand Prairie,Fashion accessories,37.0,3,12/08/23,11:12:00,Ewallet,6.0,0.48,111.0,53.28
1637,WALM029,Round Rock,Home and lifestyle,76.0,3,22/01/20,10:57:00,Ewallet,6.0,0.48,228.0,109.44
1638,WALM007,Arlington,Fashion accessories,48.0,1,01/03/21,20:40:00,Ewallet,4.0,0.48,48.0,23.04
1639,WALM018,Frisco,Home and lifestyle,27.0,2,07/08/22,16:31:00,Ewallet,6.0,0.48,54.0,25.92
1640,WALM043,Baytown,Fashion accessories,64.0,3,13/10/20,9:33:00,Ewallet,4.0,0.48,192.0,92.16
1641,WALM093,Angleton,Home and lifestyle,80.0,2,14/12/23,12:41:00,Ewallet,7.0,0.33,160.0,52.8
1642,WALM053,Conroe,Fashion accessories,76.0,2,31/12/21,7:01:00,Ewallet,9.0,0.57,152.0,86.64
1643,WALM050,Victoria,Home and lifestyle,29.0,1,10/01/23,9:25:00,Ewallet,7.0,0.48,29.0,13.92
1644,WALM091,Little Elm,Fashion accessories,17.0,1,02/02/21,14:12:00,Ewallet,8.0,0.33,17.0,5.61
1645,WALM084,Schertz,Home and lifestyle,63.0,2,01/03/21,22:36:00,Ewallet,8.0,0.33,126.0,41.58
1646,WALM008,Corpus Christi,Fashion accessories,65.0,3,25/06/22,15:51:00,Ewallet,4.0,0.48,195.0,93.6
1647,WALM006,El Paso,Home and lifestyle,29.0,1,31/10/23,9:38:00,Ewallet,8.0,0.48,29.0,13.92
1648,WALM020,Killeen,Fashion accessories,50.0,3,20/03/23,6:09:00,Ewallet,4.0,0.48,150.0,72.0
1649,WALM046,Temple,Home and lifestyle,52.0,1,26/11/21,16:31:00,Ewallet,6.0,0.48,52.0,24.96
1650,WALM089,Southlake,Fashion accessories,63.0,2,22/09/23,12:12:00,Ewallet,8.0,0.33,126.0,41.58
1651,WALM047,Flower Mound,Home and lifestyle,37.0,2,28/08/21,17:17:00,Ewallet,4.0,0.48,74.0,35.52
1652,WALM058,Port Arthur,Fashion accessories,34.0,3,01/10/21,15:26:00,Ewallet,9.0,0.33,102.0,33.66
1653,WALM039,Longview,Home and lifestyle,54.0,3,15/02/21,12:52:00,Ewallet,6.0,0.48,162.0,77.76
1654,WALM100,Canyon,Fashion accessories,65.0,2,13/08/23,8:52:00,Ewallet,4.0,0.18,130.0,23.4
1655,WALM035,San Angelo,Home and lifestyle,58.0,2,26/06/23,19:54:00,Ewallet,6.0,0.48,116.0,55.68
1656,WALM028,Odessa,Fashion accessories,58.0,1,12/09/20,16:50:00,Ewallet,5.0,0.48,58.0,27.84
1657,WALM014,Amarillo,Home and lifestyle,85.0,1,05/06/23,17:34:00,Ewallet,7.0,0.48,85.0,40.8
1658,WALM067,Haltom City,Fashion accessories,25.0,3,14/11/21,14:29:00,Ewallet,7.0,0.33,75.0,24.75
1659,WALM060,DeSoto,Home and lifestyle,26.0,1,08/06/21,22:06:00,Ewallet,5.0,0.33,26.0,8.58
1660,WALM030,Richardson,Fashion accessories,28.0,2,05/03/22,21:56:00,Ewallet,4.0,0.48,56.0,26.88
1661,WALM046,Temple,Home and lifestyle,75.0,1,11/12/22,21:51:00,Ewallet,7.0,0.48,75.0,36.0
1662,WALM100,Canyon,Fashion accessories,18.0,2,20/02/20,9:22:00,Ewallet,7.0,0.18,36.0,6.48
1663,WALM040,Edinburg,Home and lifestyle,30.0,1,21/04/23,10:01:00,Ewallet,8.0,0.48,30.0,14.4
1664,WALM018,Frisco,Fashion accessories,18.0,2,19/09/21,6:30:00,Ewallet,7.0,0.48,36.0,17.28
1665,WALM087,Waxahachie,Home and lifestyle,34.0,2,17/02/22,14:14:00,Ewallet,4.0,0.33,68.0,22.44
1666,WALM030,Richardson,Fashion accessories,59.0,1,09/02/23,12:45:00,Ewallet,8.0,0.48,59.0,28.32
1667,WALM041,Mission,Home and lifestyle,36.0,3,28/08/20,14:37:00,Ewallet,8.0,0.48,108.0,51.84
1668,WALM022,Mesquite,Fashion accessories,45.0,1,28/06/22,13:22:00,Ewallet,6.0,0.48,45.0,21.6
1669,WALM045,Missouri City,Home and lifestyle,23.0,1,26/04/22,18:42:00,Credit card,7.0,0.48,23.0,11.04
1670,WALM097,Alice,Fashion accessories,19.0,2,10/02/20,12:30:00,Ewallet,4.0,0.18,38.0,6.84
1671,WALM020,Killeen,Home and lifestyle,21.0,2,22/02/22,15:26:00,Ewallet,5.0,0.48,42.0,20.16
1672,WALM048,Harlingen,Fashion accessories,53.0,3,08/06/22,17:13:00,Ewallet,6.0,0.48,159.0,76.32
1673,WALM028,Odessa,Home and lifestyle,30.0,1,28/02/23,19:19:00,Ewallet,7.0,0.48,30.0,14.4
1674,WALM088,Cleburne,Fashion accessories,47.0,3,20/12/20,9:36:00,Ewallet,5.0,0.33,141.0,46.53
1675,WALM085,Kerrville,Home and lifestyle,20.0,1,14/11/23,18:37:00,Ewallet,6.0,0.33,20.0,6.6
1676,WALM036,Allen,Fashion accessories,24.0,3,17/08/23,6:17:00,Ewallet,9.0,0.48,72.0,34.56
1677,WALM094,Alamo,Home and lifestyle,49.0,2,22/09/23,10:18:00,Ewallet,8.0,0.33,98.0,32.34
1678,WALM010,Laredo,Fashion accessories,25.0,3,12/06/21,20:35:00,Ewallet,8.0,0.48,75.0,36.0
1679,WALM001,Houston,Home and lifestyle,80.0,1,10/07/22,19:11:00,Ewallet,8.0,0.36,80.0,28.8
1680,WALM060,DeSoto,Fashion accessories,23.0,3,09/04/20,9:18:00,Ewallet,5.0,0.33,69.0,22.77
1681,WALM040,Edinburg,Home and lifestyle,18.0,1,07/06/22,11:04:00,Ewallet,4.0,0.48,18.0,8.64
1682,WALM057,Euless,Fashion accessories,66.0,2,26/10/20,7:05:00,Ewallet,8.0,0.33,132.0,43.56
1683,WALM051,New Braunfels,Home and lifestyle,35.0,2,08/02/20,19:02:00,Ewallet,6.0,0.48,70.0,33.6
1684,WALM090,Brownwood,Fashion accessories,81.0,3,28/11/23,11:06:00,Ewallet,5.0,0.33,243.0,80.19
1685,WALM047,Flower Mound,Home and lifestyle,70.0,3,19/10/21,16:05:00,Ewallet,8.0,0.48,210.0,100.8
1686,WALM051,New Braunfels,Fashion accessories,24.0,3,24/10/22,11:48:00,Ewallet,8.0,0.48,72.0,34.56
1687,WALM048,Harlingen,Home and lifestyle,77.0,1,25/08/23,22:06:00,Ewallet,7.0,0.48,77.0,36.96
1688,WALM083,Farmers Branch,Fashion accessories,48.0,3,13/02/23,12:28:00,Ewallet,9.0,0.33,144.0,47.52
1689,WALM068,Burleson,Home and lifestyle,33.0,2,03/03/23,18:38:00,Ewallet,7.0,0.33,66.0,21.78
1690,WALM037,League City,Fashion accessories,59.0,3,12/12/23,21:15:00,Ewallet,5.0,0.48,177.0,84.96
1691,WALM061,Cedar Park,Home and lifestyle,84.0,1,17/03/22,18:24:00,Ewallet,9.0,0.33,84.0,27.72
1692,WALM095,Big Spring,Fashion accessories,58.0,1,21/06/21,17:12:00,Ewallet,6.0,0.33,58.0,19.14
1693,WALM002,Dallas,Home and lifestyle,59.0,3,07/02/23,9:59:00,Ewallet,5.0,0.36,177.0,63.72
1694,WALM063,Georgetown,Fashion accessories,54.0,2,05/08/20,17:17:00,Ewallet,9.0,0.33,108.0,35.64
1695,WALM062,Galveston,Home and lifestyle,85.0,2,19/03/22,15:10:00,Ewallet,8.0,0.33,170.0,56.1
1696,WALM076,Huntsville,Fashion accessories,85.0,1,28/07/20,20:12:00,Ewallet,8.0,0.33,85.0,28.05
1697,WALM052,Mansfield,Home and lifestyle,58.0,3,15/09/20,13:34:00,Ewallet,7.0,0.57,174.0,99.18
1698,WALM005,Fort Worth,Fashion accessories,47.0,1,25/10/21,6:38:00,Ewallet,5.0,0.48,47.0,22.56
1699,WALM052,Mansfield,Home and lifestyle,19.0,1,12/02/22,13:30:00,Ewallet,6.0,0.57,19.0,10.83
1700,WALM027,Abilene,Fashion accessories,70.0,3,18/11/21,10:19:00,Ewallet,9.0,0.48,210.0,100.8
1701,WALM036,Allen,Home and lifestyle,24.0,3,06/11/23,17:37:00,Ewallet,4.0,0.48,72.0,34.56
1702,WALM017,McKinney,Fashion accessories,47.0,1,29/07/23,19:01:00,Ewallet,7.0,0.48,47.0,22.56
1703,WALM036,Allen,Home and lifestyle,42.0,2,06/04/21,22:44:00,Ewallet,6.0,0.48,84.0,40.32
1704,WALM037,League City,Fashion accessories,17.0,1,01/03/23,17:20:00,Ewallet,4.0,0.48,17.0,8.16
1705,WALM024,Carrollton,Home and lifestyle,77.0,3,25/11/23,13:36:00,Ewallet,9.0,0.48,231.0,110.88
1706,WALM001,Houston,Fashion accessories,44.0,2,14/04/23,11:28:00,Ewallet,9.0,0.36,88.0,31.68
1707,WALM068,Burleson,Home and lifestyle,67.0,3,19/10/23,16:14:00,Ewallet,6.0,0.33,201.0,66.33
1708,WALM041,Mission,Fashion accessories,34.0,1,14/11/22,16:55:00,Ewallet,8.0,0.48,34.0,16.32
1709,WALM079,La Porte,Home and lifestyle,78.0,1,13/08/23,19:51:00,Ewallet,5.0,0.33,78.0,25.74
1710,WALM011,Lubbock,Fashion accessories,25.0,1,14/01/21,14:57:00,Ewallet,9.0,0.48,25.0,12.0
1711,WALM051,New Braunfels,Home and lifestyle,49.0,1,30/05/22,15:03:00,Ewallet,7.0,0.48,49.0,23.52
1712,WALM069,Rockwall,Fashion accessories,52.0,2,04/11/22,20:10:00,Ewallet,4.0,0.33,104.0,34.32
1713,WALM062,Galveston,Home and lifestyle,73.0,1,16/08/23,13:05:00,Ewallet,8.0,0.33,73.0,24.09
1714,WALM007,Arlington,Fashion accessories,26.0,2,17/05/22,22:40:00,Ewallet,5.0,0.48,52.0,24.96
1715,WALM037,League City,Home and lifestyle,52.0,2,26/01/21,8:14:00,Ewallet,6.0,0.48,104.0,49.92
1716,WALM024,Carrollton,Fashion accessories,39.0,3,28/03/23,17:08:00,Ewallet,6.0,0.48,117.0,56.16
1717,WALM006,El Paso,Home and lifestyle,50.0,3,21/09/23,6:35:00,Ewallet,6.0,0.48,150.0,72.0
1718,WALM006,El Paso,Fashion accessories,37.0,3,08/09/22,17:27:00,Ewallet,7.0,0.48,111.0,53.28
1719,WALM063,Georgetown,Home and lifestyle,59.0,3,02/07/23,9:24:00,Ewallet,9.0,0.33,177.0,58.41
1720,WALM069,Rockwall,Fashion accessories,53.0,2,02/07/20,12:54:00,Ewallet,7.0,0.33,106.0,34.98
1721,WALM020,Killeen,Home and lifestyle,64.0,3,17/04/21,13:53:00,Ewallet,7.0,0.48,192.0,92.16
1722,WALM017,McKinney,Fashion accessories,59.0,3,04/09/20,12:28:00,Ewallet,9.0,0.48,177.0,84.96
1723,WALM098,Mineral Wells,Home and lifestyle,68.0,1,15/02/20,11:16:00,Ewallet,5.0,0.18,68.0,12.24
1724,WALM069,Rockwall,Fashion accessories,55.0,2,14/05/22,21:50:00,Ewallet,7.0,0.33,110.0,36.3
1725,WALM098,Mineral Wells,Home and lifestyle,39.0,2,22/03/23,14:52:00,Ewallet,6.0,0.18,78.0,14.04
1726,WALM079,La Porte,Fashion accessories,82.0,1,22/03/22,17:06:00,Ewallet,8.0,0.33,82.0,27.06
1727,WALM059,Pflugerville,Home and lifestyle,61.0,3,30/12/22,21:45:00,Ewallet,8.0,0.33,183.0,60.39
1728,WALM022,Mesquite,Fashion accessories,28.0,3,04/07/23,18:34:00,Ewallet,9.0,0.48,84.0,40.32
1729,WALM022,Mesquite,Home and lifestyle,61.0,1,11/02/21,16:54:00,Ewallet,4.0,0.48,61.0,29.28
1730,WALM006,El Paso,Fashion accessories,84.0,1,21/04/21,21:52:00,Ewallet,9.0,0.48,84.0,40.32
1731,WALM017,McKinney,Home and lifestyle,58.0,1,20/12/21,13:57:00,Ewallet,8.0,0.48,58.0,27.84
1732,WALM015,Grand Prairie,Fashion accessories,41.0,1,01/04/22,11:04:00,Ewallet,4.0,0.48,41.0,19.68
1733,WALM053,Conroe,Home and lifestyle,20.0,1,15/10/20,21:37:00,Ewallet,5.0,0.57,20.0,11.4
1734,WALM033,Pearland,Fashion accessories,31.0,1,08/06/23,20:37:00,Ewallet,4.0,0.48,31.0,14.88
1735,WALM045,Missouri City,Home and lifestyle,85.0,2,03/10/22,8:19:00,Credit card,8.0,0.48,170.0,81.6
1736,WALM002,Dallas,Fashion accessories,54.0,1,14/10/21,7:43:00,Ewallet,5.0,0.36,54.0,19.44
1737,WALM071,Lufkin,Home and lifestyle,20.0,3,23/05/20,15:22:00,Ewallet,4.0,0.33,60.0,19.8
1738,WALM077,Coppell,Fashion accessories,43.0,3,27/11/20,6:05:00,Ewallet,6.0,0.33,129.0,42.57
1739,WALM071,Lufkin,Home and lifestyle,54.0,1,10/10/22,22:03:00,Ewallet,7.0,0.33,54.0,17.82
1740,WALM093,Angleton,Fashion accessories,51.0,3,09/10/22,18:02:00,Ewallet,7.0,0.33,153.0,50.49
1741,WALM005,Fort Worth,Home and lifestyle,45.0,3,11/08/21,9:06:00,Ewallet,9.0,0.48,135.0,64.8
1742,WALM019,Pasadena,Fashion accessories,40.0,1,19/01/23,12:07:00,Ewallet,6.0,0.48,40.0,19.2
1743,WALM083,Farmers Branch,Home and lifestyle,29.0,2,05/01/23,16:14:00,Ewallet,8.0,0.33,58.0,19.14
1744,WALM092,Lake Jackson,Fashion accessories,63.0,2,09/12/21,14:20:00,Ewallet,7.0,0.33,126.0,41.58
1745,WALM015,Grand Prairie,Home and lifestyle,41.0,1,10/08/21,13:54:00,Ewallet,9.0,0.48,41.0,19.68
1746,WALM005,Fort Worth,Fashion accessories,67.0,2,09/02/23,21:00:00,Ewallet,8.0,0.48,134.0,64.32
1747,WALM033,Pearland,Home and lifestyle,74.0,3,16/08/22,18:53:00,Ewallet,5.0,0.48,222.0,106.56
1748,WALM026,Denton,Fashion accessories,52.0,2,03/05/21,8:59:00,Ewallet,9.0,0.48,104.0,49.92
1749,WALM076,Huntsville,Home and lifestyle,57.0,1,17/09/20,14:27:00,Ewallet,9.0,0.33,57.0,18.81
1750,WALM052,Mansfield,Fashion accessories,30.0,3,27/07/20,13:12:00,Ewallet,9.0,0.57,90.0,51.3
1751,WALM096,Eagle Pass,Home and lifestyle,74.0,3,05/11/21,19:28:00,Ewallet,4.0,0.33,222.0,73.26
1752,WALM080,Nacogdoches,Fashion accessories,76.0,1,08/08/23,6:21:00,Ewallet,9.0,0.33,76.0,25.08
1753,WALM052,Mansfield,Home and lifestyle,47.0,3,06/10/20,6:54:00,Ewallet,8.0,0.57,141.0,80.37
1754,WALM071,Lufkin,Fashion accessories,26.0,3,27/02/23,6:04:00,Ewallet,9.0,0.33,78.0,25.74
1755,WALM047,Flower Mound,Home and lifestyle,25.0,1,22/05/22,8:37:00,Ewallet,9.0,0.48,25.0,12.0
1756,WALM040,Edinburg,Fashion accessories,73.0,1,05/05/20,16:07:00,Ewallet,9.0,0.48,73.0,35.04
1757,WALM081,Friendswood,Home and lifestyle,28.0,1,16/12/21,12:03:00,Ewallet,4.0,0.33,28.0,9.24
1758,WALM072,Lancaster,Fashion accessories,59.0,1,16/02/21,9:16:00,Ewallet,8.0,0.33,59.0,19.47
1759,WALM026,Denton,Home and lifestyle,68.0,2,18/01/22,11:38:00,Ewallet,8.0,0.48,136.0,65.28
1760,WALM093,Angleton,Fashion accessories,35.0,3,13/04/21,7:30:00,Ewallet,4.0,0.33,105.0,34.65
1761,WALM077,Coppell,Home and lifestyle,38.0,3,03/06/22,8:05:00,Ewallet,8.0,0.33,114.0,37.62
1762,WALM091,Little Elm,Fashion accessories,25.0,2,23/11/21,11:26:00,Ewallet,6.0,0.33,50.0,16.5
1763,WALM008,Corpus Christi,Home and lifestyle,47.0,2,12/07/21,14:18:00,Ewallet,4.0,0.48,94.0,45.12
1764,WALM092,Lake Jackson,Fashion accessories,34.0,2,18/10/22,19:54:00,Ewallet,6.0,0.33,68.0,22.44
1765,WALM079,La Porte,Home and lifestyle,70.0,2,14/04/20,10:23:00,Ewallet,4.0,0.33,140.0,46.2
1766,WALM085,Kerrville,Fashion accessories,75.0,2,28/02/20,9:19:00,Ewallet,8.0,0.33,150.0,49.5
1767,WALM083,Farmers Branch,Home and lifestyle,57.0,1,30/01/20,14:17:00,Ewallet,6.0,0.33,57.0,18.81
1768,WALM100,Canyon,Fashion accessories,83.0,1,08/12/20,21:26:00,Ewallet,6.0,0.18,83.0,14.94
1769,WALM021,McAllen,Home and lifestyle,21.0,1,04/03/21,13:31:00,Ewallet,4.0,0.48,21.0,10.08
1770,WALM016,Brownsville,Fashion accessories,61.0,2,29/11/23,20:59:00,Ewallet,9.0,0.48,122.0,58.56
1771,WALM037,League City,Home and lifestyle,38.0,2,02/02/23,13:11:00,Ewallet,7.0,0.48,76.0,36.48
1772,WALM053,Conroe,Fashion accessories,72.0,2,29/01/21,8:40:00,Ewallet,8.0,0.57,144.0,82.08
1773,WALM039,Longview,Home and lifestyle,67.0,3,14/06/23,17:10:00,Ewallet,7.0,0.48,201.0,96.48
1774,WALM068,Burleson,Fashion accessories,77.0,3,06/12/21,7:07:00,Ewallet,7.0,0.33,231.0,76.23
1775,WALM044,Pharr,Home and lifestyle,32.0,3,01/04/20,16:10:00,Ewallet,6.0,0.48,96.0,46.08
1776,WALM071,Lufkin,Fashion accessories,84.0,3,24/02/21,13:58:00,Ewallet,8.0,0.33,252.0,83.16
1777,WALM004,Austin,Home and lifestyle,73.0,3,30/07/21,21:22:00,Ewallet,7.0,0.48,219.0,105.12
1778,WALM083,Farmers Branch,Fashion accessories,71.0,3,29/12/21,17:31:00,Ewallet,5.0,0.33,213.0,70.29
1779,WALM044,Pharr,Home and lifestyle,42.0,1,02/04/23,13:13:00,Ewallet,6.0,0.48,42.0,20.16
1780,WALM042,Bryan,Fashion accessories,55.0,2,26/08/20,9:16:00,Ewallet,9.0,0.48,110.0,52.8
1781,WALM016,Brownsville,Home and lifestyle,68.0,1,10/12/21,18:50:00,Ewallet,7.0,0.48,68.0,32.64
1782,WALM059,Pflugerville,Fashion accessories,40.0,2,03/10/20,20:08:00,Ewallet,6.0,0.33,80.0,26.4
1783,WALM047,Flower Mound,Home and lifestyle,72.0,3,31/10/22,21:50:00,Ewallet,6.0,0.48,216.0,103.68
1784,WALM036,Allen,Fashion accessories,53.0,1,30/11/20,9:30:00,Ewallet,7.0,0.48,53.0,25.44
1785,WALM044,Pharr,Home and lifestyle,16.0,3,23/05/23,6:16:00,Ewallet,5.0,0.48,48.0,23.04
1786,WALM096,Eagle Pass,Fashion accessories,29.0,1,27/01/20,14:50:00,Ewallet,6.0,0.18,29.0,5.22
1787,WALM090,Brownwood,Home and lifestyle,24.0,1,14/03/23,17:14:00,Ewallet,7.0,0.33,24.0,7.92
1788,WALM097,Alice,Fashion accessories,43.0,1,30/10/23,12:15:00,Ewallet,8.0,0.18,43.0,7.74
1789,WALM008,Corpus Christi,Home and lifestyle,75.0,3,25/03/20,7:45:00,Ewallet,8.0,0.48,225.0,108.0
1790,WALM024,Carrollton,Fashion accessories,59.0,2,25/05/20,22:58:00,Ewallet,8.0,0.48,118.0,56.64
1791,WALM010,Laredo,Home and lifestyle,28.0,1,25/11/21,18:20:00,Ewallet,8.0,0.48,28.0,13.44
1792,WALM009,Plano,Fashion accessories,16.0,1,23/01/22,18:19:00,Ewallet,9.0,0.48,16.0,7.68
1793,WALM085,Kerrville,Home and lifestyle,19.0,1,04/06/22,20:16:00,Ewallet,5.0,0.33,19.0,6.27
1794,WALM024,Carrollton,Fashion accessories,75.0,2,11/07/21,8:01:00,Ewallet,6.0,0.48,150.0,72.0
1795,WALM079,La Porte,Home and lifestyle,27.0,3,26/08/20,11:24:00,Ewallet,7.0,0.33,81.0,26.73
1796,WALM096,Eagle Pass,Fashion accessories,75.0,3,06/05/22,14:27:00,Ewallet,6.0,0.18,225.0,40.5
1797,WALM091,Little Elm,Home and lifestyle,24.0,2,27/08/23,18:13:00,Ewallet,7.0,0.33,48.0,15.84
1798,WALM011,Lubbock,Fashion accessories,33.0,3,24/07/20,10:27:00,Ewallet,7.0,0.48,99.0,47.52
1799,WALM027,Abilene,Home and lifestyle,74.0,1,27/09/23,12:39:00,Ewallet,6.0,0.48,74.0,35.52
1800,WALM036,Allen,Fashion accessories,77.0,2,17/06/23,6:08:00,Ewallet,6.0,0.48,154.0,73.92
1801,WALM047,Flower Mound,Home and lifestyle,61.0,2,29/08/20,11:29:00,Ewallet,6.0,0.48,122.0,58.56
1802,WALM030,Richardson,Fashion accessories,28.0,3,18/01/23,10:03:00,Ewallet,8.0,0.48,84.0,40.32
1803,WALM006,El Paso,Home and lifestyle,45.0,3,21/12/20,9:43:00,Ewallet,6.0,0.48,135.0,64.8
1804,WALM042,Bryan,Fashion accessories,40.0,1,19/03/20,16:51:00,Ewallet,7.0,0.48,40.0,19.2
1805,WALM077,Coppell,Home and lifestyle,16.0,1,27/12/23,19:49:00,Ewallet,5.0,0.33,16.0,5.28
1806,WALM043,Baytown,Fashion accessories,44.0,2,12/08/21,12:26:00,Ewallet,7.0,0.48,88.0,42.24
1807,WALM062,Galveston,Home and lifestyle,49.0,1,14/03/23,10:44:00,Ewallet,9.0,0.33,49.0,16.17
1808,WALM024,Carrollton,Fashion accessories,74.0,3,22/06/21,7:04:00,Ewallet,8.0,0.48,222.0,106.56
1809,WALM008,Corpus Christi,Home and lifestyle,23.0,1,05/12/23,17:04:00,Ewallet,5.0,0.48,23.0,11.04
1810,WALM076,Huntsville,Fashion accessories,46.0,3,12/11/23,19:23:00,Ewallet,7.0,0.33,138.0,45.54
1811,WALM041,Mission,Home and lifestyle,47.0,3,09/05/21,18:54:00,Ewallet,7.0,0.48,141.0,67.68
1812,WALM081,Friendswood,Fashion accessories,58.0,1,02/07/20,19:15:00,Ewallet,5.0,0.33,58.0,19.14
1813,WALM044,Pharr,Home and lifestyle,77.0,1,01/06/22,8:04:00,Ewallet,8.0,0.48,77.0,36.96
1814,WALM047,Flower Mound,Fashion accessories,26.0,2,19/09/21,20:21:00,Ewallet,5.0,0.48,52.0,24.96
1815,WALM036,Allen,Home and lifestyle,24.0,1,09/10/23,6:11:00,Ewallet,8.0,0.48,24.0,11.52
1816,WALM097,Alice,Fashion accessories,46.0,2,20/04/23,7:10:00,Ewallet,6.0,0.18,92.0,16.56
1817,WALM076,Huntsville,Home and lifestyle,15.0,3,04/11/20,15:12:00,Ewallet,9.0,0.33,45.0,14.85
1818,WALM070,Hurst,Fashion accessories,27.0,1,01/06/21,10:14:00,Ewallet,4.0,0.33,27.0,8.91
1819,WALM031,Lewisville,Home and lifestyle,68.0,2,20/12/20,9:25:00,Ewallet,6.0,0.48,136.0,65.28
1820,WALM009,Plano,Fashion accessories,64.0,2,16/03/21,13:36:00,Ewallet,5.0,0.48,128.0,61.44
1821,WALM091,Little Elm,Home and lifestyle,40.0,3,10/03/21,8:54:00,Ewallet,7.0,0.33,120.0,39.6
1822,WALM048,Harlingen,Fashion accessories,15.0,3,20/04/21,16:05:00,Ewallet,4.0,0.48,45.0,21.6
1823,WALM042,Bryan,Home and lifestyle,73.0,3,08/02/23,17:16:00,Ewallet,5.0,0.48,219.0,105.12
1824,WALM097,Alice,Fashion accessories,45.0,2,25/05/21,19:00:00,Ewallet,8.0,0.18,90.0,16.2
1825,WALM005,Fort Worth,Home and lifestyle,44.0,3,26/02/22,18:32:00,Ewallet,9.0,0.48,132.0,63.36
1826,WALM016,Brownsville,Fashion accessories,56.0,2,28/07/23,16:20:00,Ewallet,8.0,0.48,112.0,53.76
1827,WALM026,Denton,Home and lifestyle,17.0,1,11/01/20,6:59:00,Ewallet,5.0,0.48,17.0,8.16
1828,WALM002,Dallas,Fashion accessories,38.0,3,25/06/22,18:43:00,Ewallet,7.0,0.36,114.0,41.04
1829,WALM063,Georgetown,Home and lifestyle,73.0,3,25/12/21,7:31:00,Ewallet,7.0,0.33,219.0,72.27
1830,WALM001,Houston,Fashion accessories,30.0,1,27/01/20,19:13:00,Ewallet,5.0,0.36,30.0,10.8
1831,WALM008,Corpus Christi,Home and lifestyle,76.0,1,20/01/22,15:44:00,Ewallet,4.0,0.48,76.0,36.48
1832,WALM053,Conroe,Fashion accessories,75.0,2,17/11/23,20:39:00,Ewallet,9.0,0.57,150.0,85.5
1833,WALM076,Huntsville,Home and lifestyle,42.0,1,04/03/20,7:03:00,Ewallet,5.0,0.33,42.0,13.86
1834,WALM027,Abilene,Fashion accessories,81.0,3,17/01/23,9:32:00,Ewallet,8.0,0.48,243.0,116.64
1835,WALM034,College Station,Home and lifestyle,39.0,3,27/01/21,8:56:00,Ewallet,9.0,0.48,117.0,56.16
1836,WALM072,Lancaster,Fashion accessories,70.0,2,19/09/20,8:48:00,Ewallet,8.0,0.33,140.0,46.2
1837,WALM083,Farmers Branch,Home and lifestyle,33.0,2,29/08/22,13:30:00,Ewallet,9.0,0.33,66.0,21.78
1838,WALM016,Brownsville,Fashion accessories,46.0,1,21/05/20,20:26:00,Ewallet,7.0,0.48,46.0,22.08
1839,WALM019,Pasadena,Home and lifestyle,28.0,2,07/09/20,16:06:00,Ewallet,7.0,0.48,56.0,26.88
1840,WALM080,Nacogdoches,Fashion accessories,80.0,2,22/02/20,22:13:00,Ewallet,8.0,0.33,160.0,52.8
1841,WALM015,Grand Prairie,Home and lifestyle,24.0,2,28/07/23,11:58:00,Ewallet,6.0,0.48,48.0,23.04
1842,WALM058,Port Arthur,Fashion accessories,59.0,3,04/04/20,6:34:00,Ewallet,9.0,0.33,177.0,58.41
1843,WALM066,Grapevine,Home and lifestyle,72.0,2,13/07/23,13:09:00,Ewallet,4.0,0.33,144.0,47.52
1844,WALM081,Friendswood,Fashion accessories,36.0,2,26/07/21,16:36:00,Ewallet,7.0,0.33,72.0,23.76
1845,WALM028,Odessa,Home and lifestyle,62.0,2,06/03/22,13:31:00,Ewallet,9.0,0.48,124.0,59.52
1846,WALM090,Brownwood,Fashion accessories,79.0,1,29/09/23,9:44:00,Ewallet,8.0,0.33,79.0,26.07
1847,WALM036,Allen,Home and lifestyle,61.0,1,24/01/20,9:08:00,Ewallet,4.0,0.48,61.0,29.28
1848,WALM031,Lewisville,Fashion accessories,75.0,3,04/08/22,16:28:00,Ewallet,6.0,0.48,225.0,108.0
1849,WALM034,College Station,Home and lifestyle,33.0,1,12/11/21,22:55:00,Ewallet,6.0,0.48,33.0,15.84
1850,WALM043,Baytown,Fashion accessories,67.0,2,13/01/21,6:45:00,Ewallet,6.0,0.48,134.0,64.32
1851,WALM019,Pasadena,Home and lifestyle,72.0,3,20/08/23,8:49:00,Ewallet,4.0,0.48,216.0,103.68
1852,WALM080,Nacogdoches,Fashion accessories,75.0,1,14/11/23,8:15:00,Ewallet,7.0,0.33,75.0,24.75
1853,WALM043,Baytown,Home and lifestyle,22.0,2,23/09/22,20:10:00,Ewallet,6.0,0.48,44.0,21.12
1854,WALM051,New Braunfels,Fashion accessories,30.0,2,01/02/22,15:12:00,Ewallet,9.0,0.48,60.0,28.8
1855,WALM015,Grand Prairie,Home and lifestyle,63.0,1,10/07/20,22:14:00,Ewallet,8.0,0.48,63.0,30.24
1856,WALM064,Bedford,Fashion accessories,35.0,1,02/07/22,18:03:00,Ewallet,6.0,0.33,35.0,11.55
1857,WALM042,Bryan,Home and lifestyle,38.0,2,19/10/22,19:37:00,Ewallet,6.0,0.48,76.0,36.48
1858,WALM010,Laredo,Fashion accessories,17.0,2,27/09/20,17:46:00,Ewallet,6.0,0.48,34.0,16.32
1859,WALM081,Friendswood,Home and lifestyle,57.0,1,12/11/23,19:04:00,Ewallet,6.0,0.33,57.0,18.81
1860,WALM061,Cedar Park,Fashion accessories,18.0,2,27/04/20,17:58:00,Ewallet,5.0,0.33,36.0,11.88
1861,WALM052,Mansfield,Home and lifestyle,57.0,1,26/09/22,7:55:00,Ewallet,6.0,0.57,57.0,32.49
1862,WALM098,Mineral Wells,Fashion accessories,18.0,2,12/09/20,19:24:00,Ewallet,6.0,0.18,36.0,6.48
1863,WALM001,Houston,Home and lifestyle,68.0,1,10/06/20,19:09:00,Ewallet,9.0,0.36,68.0,24.48
1864,WALM024,Carrollton,Fashion accessories,80.0,1,24/09/23,17:47:00,Ewallet,8.0,0.48,80.0,38.4
1865,WALM045,Missouri City,Home and lifestyle,72.0,3,05/04/20,13:24:00,Credit card,9.0,0.48,216.0,103.68
1866,WALM057,Euless,Fashion accessories,63.0,3,21/05/23,10:05:00,Ewallet,4.0,0.33,189.0,62.37
1867,WALM092,Lake Jackson,Home and lifestyle,37.0,2,13/02/20,9:01:00,Ewallet,4.0,0.33,74.0,24.42
1868,WALM064,Bedford,Fashion accessories,23.0,2,12/05/22,12:08:00,Ewallet,8.0,0.33,46.0,15.18
1869,WALM041,Mission,Home and lifestyle,31.0,3,28/05/22,10:40:00,Ewallet,4.0,0.48,93.0,44.64
1870,WALM048,Harlingen,Fashion accessories,78.0,2,04/05/23,11:26:00,Ewallet,8.0,0.48,156.0,74.88
1871,WALM026,Denton,Home and lifestyle,63.0,2,21/06/21,21:18:00,Ewallet,5.0,0.48,126.0,60.48
1872,WALM067,Haltom City,Fashion accessories,40.0,2,10/05/23,9:26:00,Ewallet,7.0,0.33,80.0,26.4
1873,WALM013,Irving,Home and lifestyle,17.0,3,15/02/21,9:05:00,Ewallet,9.0,0.48,51.0,24.48
1874,WALM004,Austin,Fashion accessories,70.0,1,11/04/22,20:02:00,Ewallet,8.0,0.48,70.0,33.6
1875,WALM100,Canyon,Home and lifestyle,43.0,3,19/10/22,8:11:00,Ewallet,9.0,0.18,129.0,23.22
1876,WALM005,Fort Worth,Fashion accessories,37.0,3,26/08/23,19:21:00,Ewallet,7.0,0.48,111.0,53.28
1877,WALM020,Killeen,Home and lifestyle,43.0,1,16/12/23,10:50:00,Ewallet,4.0,0.48,43.0,20.64
1878,WALM030,Richardson,Fashion accessories,52.0,2,18/12/20,19:34:00,Ewallet,8.0,0.48,104.0,49.92
1879,WALM042,Bryan,Home and lifestyle,78.0,2,16/11/20,13:57:00,Ewallet,6.0,0.48,156.0,74.88
1880,WALM090,Brownwood,Fashion accessories,32.0,2,14/07/22,6:32:00,Ewallet,6.0,0.33,64.0,21.12
1881,WALM002,Dallas,Home and lifestyle,27.0,3,06/11/23,14:37:00,Ewallet,6.0,0.36,81.0,29.16
1882,WALM027,Abilene,Fashion accessories,26.0,2,07/05/21,14:02:00,Ewallet,5.0,0.48,52.0,24.96
1883,WALM028,Odessa,Home and lifestyle,54.0,2,18/03/22,21:01:00,Ewallet,9.0,0.48,108.0,51.84
1884,WALM043,Baytown,Fashion accessories,84.0,2,07/02/20,18:13:00,Ewallet,5.0,0.48,168.0,80.64
1885,WALM022,Mesquite,Home and lifestyle,31.0,3,01/09/20,17:22:00,Ewallet,5.0,0.48,93.0,44.64
1886,WALM096,Eagle Pass,Fashion accessories,31.0,3,17/09/22,11:16:00,Ewallet,8.0,0.18,93.0,16.74
1887,WALM040,Edinburg,Home and lifestyle,80.0,3,16/09/21,11:19:00,Ewallet,5.0,0.48,240.0,115.2
1888,WALM097,Alice,Fashion accessories,33.0,2,18/09/20,22:10:00,Ewallet,9.0,0.18,66.0,11.88
1889,WALM040,Edinburg,Home and lifestyle,21.0,2,17/08/23,15:38:00,Ewallet,8.0,0.48,42.0,20.16
1890,WALM018,Frisco,Fashion accessories,45.0,3,28/03/22,9:25:00,Ewallet,4.0,0.48,135.0,64.8
1891,WALM097,Alice,Home and lifestyle,60.0,1,20/04/21,20:19:00,Ewallet,6.0,0.18,60.0,10.8
1892,WALM022,Mesquite,Fashion accessories,24.0,1,28/12/22,7:05:00,Ewallet,6.0,0.48,24.0,11.52
1924,WALM077,Coppell,Fashion accessories,72.0,3,29/08/23,16:13:00,Ewallet,8.0,0.33,216.0,71.28
1925,WALM037,League City,Home and lifestyle,71.0,2,14/03/21,8:00:00,Ewallet,9.0,0.48,142.0,68.16
1926,WALM081,Friendswood,Fashion accessories,69.0,3,27/03/20,14:56:00,Ewallet,8.0,0.33,207.0,68.31
1927,WALM028,Odessa,Home and lifestyle,49.0,3,13/10/22,6:07:00,Ewallet,4.0,0.48,147.0,70.56
1928,WALM033,Pearland,Fashion accessories,25.0,1,26/10/21,6:49:00,Ewallet,9.0,0.48,25.0,12.0
1929,WALM039,Longview,Home and lifestyle,41.0,1,03/03/21,9:07:00,Ewallet,4.0,0.48,41.0,19.68
1930,WALM033,Pearland,Fashion accessories,68.0,3,19/09/22,9:19:00,Ewallet,5.0,0.48,204.0,97.92
1931,WALM088,Cleburne,Home and lifestyle,39.0,1,15/02/23,21:04:00,Ewallet,6.0,0.33,39.0,12.87
1932,WALM020,Killeen,Fashion accessories,63.0,3,29/11/22,16:09:00,Ewallet,6.0,0.48,189.0,90.72
1933,WALM085,Kerrville,Home and lifestyle,75.0,1,28/05/23,20:11:00,Ewallet,6.0,0.33,75.0,24.75
1934,WALM005,Fort Worth,Fashion accessories,57.0,3,09/08/23,12:03:00,Ewallet,8.0,0.48,171.0,82.08
1935,WALM004,Austin,Home and lifestyle,62.0,2,26/10/23,7:52:00,Ewallet,5.0,0.48,124.0,59.52
1936,WALM072,Lancaster,Fashion accessories,19.0,2,12/01/23,10:38:00,Ewallet,6.0,0.33,38.0,12.54
1937,WALM020,Killeen,Home and lifestyle,63.0,3,30/07/21,18:46:00,Ewallet,8.0,0.48,189.0,90.72
1938,WALM063,Georgetown,Fashion accessories,36.0,3,25/02/23,6:51:00,Ewallet,5.0,0.33,108.0,35.64
1939,WALM024,Carrollton,Home and lifestyle,55.0,3,18/09/22,7:30:00,Ewallet,7.0,0.48,165.0,79.2
1940,WALM009,Plano,Fashion accessories,48.0,3,20/08/22,16:04:00,Ewallet,8.0,0.48,144.0,69.12
1941,WALM078,Del Rio,Home and lifestyle,74.0,3,18/03/21,17:32:00,Ewallet,5.0,0.33,222.0,73.26
1942,WALM005,Fort Worth,Fashion accessories,45.0,1,20/07/20,19:40:00,Ewallet,6.0,0.48,45.0,21.6
1943,WALM030,Richardson,Home and lifestyle,72.0,1,25/01/23,21:14:00,Ewallet,7.0,0.48,72.0,34.56
1944,WALM012,Garland,Fashion accessories,65.0,3,09/07/20,21:01:00,Ewallet,6.0,0.48,195.0,93.6
1945,WALM057,Euless,Home and lifestyle,34.0,1,30/07/21,8:25:00,Ewallet,6.0,0.33,34.0,11.22
1946,WALM036,Allen,Fashion accessories,40.0,2,04/12/21,23:00:00,Ewallet,8.0,0.48,80.0,38.4
1947,WALM033,Pearland,Home and lifestyle,24.0,1,07/04/22,7:10:00,Ewallet,7.0,0.48,24.0,11.52
1948,WALM062,Galveston,Fashion accessories,68.0,2,20/09/20,9:54:00,Ewallet,8.0,0.33,136.0,44.88
1949,WALM013,Irving,Home and lifestyle,22.0,1,28/12/23,7:30:00,Ewallet,6.0,0.48,22.0,10.56
1950,WALM012,Garland,Fashion accessories,40.0,2,12/10/22,19:03:00,Ewallet,4.0,0.48,80.0,38.4
1951,WALM006,El Paso,Home and lifestyle,44.0,3,24/03/21,17:40:00,Ewallet,4.0,0.48,132.0,63.36
1952,WALM001,Houston,Fashion accessories,38.0,3,06/05/20,13:23:00,Ewallet,4.0,0.36,114.0,41.04
1953,WALM083,Farmers Branch,Home and lifestyle,78.0,1,30/07/20,13:18:00,Ewallet,7.0,0.33,78.0,25.74
1954,WALM015,Grand Prairie,Fashion accessories,75.0,2,23/05/23,7:06:00,Ewallet,7.0,0.48,150.0,72.0
1955,WALM010,Laredo,Home and lifestyle,55.0,1,24/09/21,19:01:00,Ewallet,6.0,0.48,55.0,26.4
1956,WALM069,Rockwall,Fashion accessories,42.0,2,02/01/20,15:05:00,Ewallet,6.0,0.33,84.0,27.72
1957,WALM063,Georgetown,Home and lifestyle,22.0,3,20/07/22,10:36:00,Ewallet,9.0,0.33,66.0,21.78
1958,WALM045,Missouri City,Fashion accessories,35.0,3,20/04/23,11:57:00,Credit card,4.0,0.48,105.0,50.4
1959,WALM002,Dallas,Home and lifestyle,58.0,2,17/08/23,16:12:00,Ewallet,9.0,0.36,116.0,41.76
1960,WALM053,Conroe,Fashion accessories,66.0,3,29/08/21,12:29:00,Ewallet,6.0,0.57,198.0,112.86
1961,WALM017,McKinney,Home and lifestyle,66.0,3,05/11/23,20:46:00,Ewallet,6.0,0.48,198.0,95.04
1962,WALM008,Corpus Christi,Fashion accessories,43.0,1,11/12/23,10:50:00,Ewallet,8.0,0.48,43.0,20.64
1963,WALM026,Denton,Home and lifestyle,53.0,2,14/08/23,6:47:00,Ewallet,9.0,0.48,106.0,50.88
1964,WALM080,Nacogdoches,Fashion accessories,47.0,3,18/09/21,22:33:00,Ewallet,5.0,0.33,141.0,46.53
1965,WALM012,Garland,Home and lifestyle,78.0,1,18/12/22,6:45:00,Ewallet,7.0,0.48,78.0,37.44
1966,WALM043,Baytown,Fashion accessories,34.0,2,23/05/20,12:21:00,Ewallet,6.0,0.48,68.0,32.64
1967,WALM002,Dallas,Home and lifestyle,45.0,3,05/08/21,20:25:00,Ewallet,9.0,0.36,135.0,48.6
1968,WALM063,Georgetown,Fashion accessories,41.0,1,25/10/22,6:26:00,Ewallet,4.0,0.33,41.0,13.53
1969,WALM042,Bryan,Home and lifestyle,58.0,1,23/02/23,12:28:00,Ewallet,6.0,0.48,58.0,27.84
1970,WALM052,Mansfield,Fashion accessories,75.0,3,25/07/23,9:12:00,Ewallet,5.0,0.57,225.0,128.25
1971,WALM096,Eagle Pass,Home and lifestyle,66.0,1,06/10/20,19:30:00,Ewallet,7.0,0.33,66.0,21.78
1972,WALM069,Rockwall,Fashion accessories,62.0,3,15/06/21,19:15:00,Ewallet,4.0,0.33,186.0,61.38
1973,WALM066,Grapevine,Home and lifestyle,80.0,1,24/10/20,7:27:00,Ewallet,6.0,0.33,80.0,26.4
1974,WALM043,Baytown,Fashion accessories,58.0,1,26/05/20,9:50:00,Ewallet,7.0,0.48,58.0,27.84
1975,WALM027,Abilene,Home and lifestyle,52.0,3,01/12/23,21:41:00,Ewallet,6.0,0.48,156.0,74.88
1976,WALM080,Nacogdoches,Fashion accessories,44.0,2,30/11/22,18:29:00,Ewallet,8.0,0.33,88.0,29.04
1977,WALM078,Del Rio,Home and lifestyle,70.0,1,25/12/20,14:54:00,Ewallet,4.0,0.33,70.0,23.1
1978,WALM018,Frisco,Fashion accessories,31.0,2,30/04/23,22:17:00,Ewallet,7.0,0.48,62.0,29.76
1979,WALM060,DeSoto,Home and lifestyle,46.0,2,08/02/20,12:25:00,Ewallet,5.0,0.33,92.0,30.36
1980,WALM077,Coppell,Fashion accessories,15.0,3,15/09/20,9:50:00,Ewallet,6.0,0.33,45.0,14.85
1981,WALM005,Fort Worth,Home and lifestyle,50.0,1,04/03/20,17:18:00,Ewallet,7.0,0.48,50.0,24.0
1982,WALM026,Denton,Fashion accessories,52.0,3,02/05/23,19:45:00,Ewallet,8.0,0.48,156.0,74.88
1983,WALM016,Brownsville,Home and lifestyle,26.0,2,13/10/20,16:43:00,Ewallet,4.0,0.48,52.0,24.96
1984,WALM067,Haltom City,Fashion accessories,80.0,1,01/12/21,10:09:00,Ewallet,8.0,0.33,80.0,26.4
1985,WALM049,North Richland Hills,Home and lifestyle,58.0,1,10/05/23,14:47:00,Ewallet,4.0,0.48,58.0,27.84
1986,WALM088,Cleburne,Fashion accessories,83.0,3,18/05/23,8:38:00,Ewallet,6.0,0.33,249.0,82.17
1987,WALM098,Mineral Wells,Home and lifestyle,52.0,1,29/10/23,20:15:00,Ewallet,8.0,0.18,52.0,9.36
1988,WALM016,Brownsville,Fashion accessories,64.0,1,25/08/20,13:05:00,Ewallet,7.0,0.48,64.0,30.72
1989,WALM088,Cleburne,Home and lifestyle,55.0,1,26/05/23,14:54:00,Ewallet,8.0,0.33,55.0,18.15
1990,WALM033,Pearland,Fashion accessories,29.0,2,28/02/21,9:22:00,Ewallet,9.0,0.48,58.0,27.84
1991,WALM036,Allen,Home and lifestyle,66.0,3,30/06/23,19:17:00,Ewallet,8.0,0.48,198.0,95.04
1992,WALM067,Haltom City,Fashion accessories,20.0,2,03/08/20,20:38:00,Ewallet,7.0,0.33,40.0,13.2
1993,WALM015,Grand Prairie,Home and lifestyle,41.0,3,03/04/20,14:03:00,Ewallet,7.0,0.48,123.0,59.04
1994,WALM044,Pharr,Fashion accessories,19.0,1,10/01/22,6:19:00,Ewallet,6.0,0.48,19.0,9.12
1995,WALM004,Austin,Home and lifestyle,52.0,2,20/06/22,7:34:00,Ewallet,9.0,0.48,104.0,49.92
1996,WALM037,League City,Fashion accessories,38.0,3,24/01/20,7:33:00,Ewallet,5.0,0.48,114.0,54.72
1997,WALM070,Hurst,Home and lifestyle,65.0,3,17/04/21,8:09:00,Ewallet,8.0,0.33,195.0,64.35
1998,WALM016,Brownsville,Fashion accessories,36.0,1,14/08/20,16:02:00,Ewallet,7.0,0.48,36.0,17.28
1999,WALM002,Dallas,Home and lifestyle,82.0,3,17/12/23,9:24:00,Ewallet,4.0,0.36,246.0,88.56
2000,WALM004,Austin,Fashion accessories,75.0,1,07/08/21,12:03:00,Ewallet,9.0,0.48,75.0,36.0
2001,WALM011,Lubbock,Home and lifestyle,41.0,1,16/03/20,16:06:00,Ewallet,7.0,0.48,41.0,19.68
2002,WALM095,Big Spring,Fashion accessories,31.0,2,23/12/22,6:47:00,Ewallet,8.0,0.33,62.0,20.46
2003,WALM066,Grapevine,Home and lifestyle,62.0,3,24/07/23,22:29:00,Ewallet,6.0,0.33,186.0,61.38
2004,WALM005,Fort Worth,Fashion accessories,26.0,2,02/11/20,14:51:00,Ewallet,5.0,0.48,52.0,24.96
2005,WALM053,Conroe,Home and lifestyle,39.0,1,24/10/22,18:21:00,Ewallet,7.0,0.57,39.0,22.23
2006,WALM094,Alamo,Fashion accessories,44.0,3,03/03/20,8:50:00,Ewallet,8.0,0.33,132.0,43.56
2007,WALM034,College Station,Home and lifestyle,61.0,1,08/07/22,10:27:00,Ewallet,9.0,0.48,61.0,29.28
2008,WALM093,Angleton,Fashion accessories,37.0,1,20/02/20,7:35:00,Ewallet,7.0,0.33,37.0,12.21
2009,WALM008,Corpus Christi,Home and lifestyle,65.0,2,24/01/23,21:45:00,Ewallet,7.0,0.48,130.0,62.4
2010,WALM011,Lubbock,Fashion accessories,17.0,2,21/10/22,15:23:00,Ewallet,8.0,0.48,34.0,16.32
2011,WALM053,Conroe,Home and lifestyle,71.0,2,03/01/22,21:53:00,Ewallet,6.0,0.57,142.0,80.94
2012,WALM088,Cleburne,Fashion accessories,84.0,2,04/10/23,21:21:00,Ewallet,6.0,0.33,168.0,55.44
2013,WALM024,Carrollton,Home and lifestyle,80.0,3,16/09/21,19:10:00,Ewallet,7.0,0.48,240.0,115.2
2014,WALM041,Mission,Fashion accessories,58.0,1,01/02/22,6:47:00,Ewallet,9.0,0.48,58.0,27.84
2015,WALM006,El Paso,Home and lifestyle,30.0,2,02/04/20,17:20:00,Ewallet,7.0,0.48,60.0,28.8
2016,WALM036,Allen,Fashion accessories,58.0,3,03/12/23,18:24:00,Ewallet,4.0,0.48,174.0,83.52
2017,WALM030,Richardson,Home and lifestyle,19.0,3,01/03/21,17:52:00,Ewallet,7.0,0.48,57.0,27.36
2018,WALM090,Brownwood,Fashion accessories,66.0,2,08/09/21,20:18:00,Ewallet,9.0,0.33,132.0,43.56
2019,WALM031,Lewisville,Home and lifestyle,41.0,1,06/07/21,11:42:00,Ewallet,7.0,0.48,41.0,19.68
2020,WALM018,Frisco,Fashion accessories,18.0,2,24/01/21,22:01:00,Ewallet,4.0,0.48,36.0,17.28
2021,WALM043,Baytown,Home and lifestyle,46.0,3,20/01/21,22:16:00,Ewallet,7.0,0.48,138.0,66.24
2022,WALM079,La Porte,Fashion accessories,64.0,1,27/11/23,16:43:00,Ewallet,9.0,0.33,64.0,21.12
2023,WALM064,Bedford,Home and lifestyle,34.0,2,05/08/20,7:46:00,Ewallet,9.0,0.33,68.0,22.44
2024,WALM040,Edinburg,Fashion accessories,77.0,3,16/05/23,20:30:00,Ewallet,9.0,0.48,231.0,110.88
2025,WALM011,Lubbock,Home and lifestyle,17.0,2,22/05/20,9:08:00,Ewallet,8.0,0.48,34.0,16.32
2026,WALM098,Mineral Wells,Fashion accessories,49.0,2,17/04/21,16:51:00,Ewallet,6.0,0.18,98.0,17.64
2027,WALM097,Alice,Home and lifestyle,85.0,2,24/04/21,16:30:00,Ewallet,4.0,0.18,170.0,30.6
2028,WALM071,Lufkin,Fashion accessories,36.0,3,09/07/23,11:20:00,Ewallet,6.0,0.33,108.0,35.64
2029,WALM063,Georgetown,Home and lifestyle,84.0,2,10/08/23,15:26:00,Ewallet,5.0,0.33,168.0,55.44
2030,WALM014,Amarillo,Fashion accessories,51.0,1,27/04/21,10:44:00,Ewallet,7.0,0.48,51.0,24.48
2031,WALM040,Edinburg,Home and lifestyle,52.0,2,02/06/23,6:54:00,Ewallet,9.0,0.48,104.0,49.92
2032,WALM078,Del Rio,Fashion accessories,48.0,2,15/04/22,13:34:00,Ewallet,9.0,0.33,96.0,31.68
2033,WALM100,Canyon,Home and lifestyle,50.0,2,10/12/21,20:36:00,Ewallet,6.0,0.18,100.0,18.0
2034,WALM090,Brownwood,Fashion accessories,51.0,1,05/01/22,21:08:00,Ewallet,4.0,0.33,51.0,16.83
2035,WALM007,Arlington,Home and lifestyle,15.0,1,01/11/20,6:09:00,Ewallet,7.0,0.48,15.0,7.2
2036,WALM077,Coppell,Fashion accessories,52.0,3,18/02/23,21:18:00,Ewallet,7.0,0.33,156.0,51.48
2037,WALM078,Del Rio,Home and lifestyle,49.0,3,30/06/22,9:31:00,Ewallet,6.0,0.33,147.0,48.51
2038,WALM021,McAllen,Fashion accessories,72.0,2,24/10/23,15:20:00,Ewallet,4.0,0.48,144.0,69.12
2039,WALM020,Killeen,Home and lifestyle,82.0,2,31/08/21,16:56:00,Ewallet,7.0,0.48,164.0,78.72
2040,WALM063,Georgetown,Fashion accessories,74.0,2,22/09/23,6:30:00,Ewallet,4.0,0.33,148.0,48.84
2041,WALM047,Flower Mound,Home and lifestyle,25.0,2,22/05/21,13:59:00,Ewallet,6.0,0.48,50.0,24.0
2042,WALM036,Allen,Fashion accessories,77.0,2,13/07/20,13:04:00,Ewallet,5.0,0.48,154.0,73.92
2043,WALM080,Nacogdoches,Home and lifestyle,73.0,3,01/05/20,15:12:00,Ewallet,7.0,0.33,219.0,72.27
2044,WALM004,Austin,Fashion accessories,85.0,1,11/07/21,13:08:00,Ewallet,6.0,0.48,85.0,40.8
2045,WALM014,Amarillo,Home and lifestyle,79.0,3,24/12/23,7:34:00,Ewallet,9.0,0.48,237.0,113.76
2046,WALM072,Lancaster,Fashion accessories,66.0,3,24/10/23,21:59:00,Ewallet,7.0,0.33,198.0,65.34
2047,WALM011,Lubbock,Home and lifestyle,18.0,1,26/06/22,17:34:00,Ewallet,9.0,0.48,18.0,8.64
2048,WALM018,Frisco,Fashion accessories,40.0,2,28/07/21,19:08:00,Ewallet,4.0,0.48,80.0,38.4
2049,WALM097,Alice,Home and lifestyle,74.0,3,21/10/20,18:44:00,Ewallet,9.0,0.18,222.0,39.96
2050,WALM085,Kerrville,Fashion accessories,58.0,1,22/01/21,13:58:00,Ewallet,7.0,0.33,58.0,19.14
2051,WALM093,Angleton,Home and lifestyle,53.0,2,23/07/22,14:33:00,Ewallet,5.0,0.33,106.0,34.98
2052,WALM057,Euless,Fashion accessories,15.0,3,03/09/23,9:28:00,Ewallet,7.0,0.33,45.0,14.85
2053,WALM090,Brownwood,Home and lifestyle,42.0,3,04/08/22,16:10:00,Ewallet,7.0,0.33,126.0,41.58
2054,WALM064,Bedford,Fashion accessories,46.0,1,04/03/22,7:29:00,Ewallet,8.0,0.33,46.0,15.18
2055,WALM033,Pearland,Home and lifestyle,22.0,3,14/06/22,6:34:00,Ewallet,8.0,0.48,66.0,31.68
2056,WALM011,Lubbock,Fashion accessories,38.0,2,25/10/22,12:17:00,Ewallet,7.0,0.48,76.0,36.48
2057,WALM026,Denton,Home and lifestyle,59.0,2,19/06/22,7:00:00,Ewallet,4.0,0.48,118.0,56.64
2058,WALM079,La Porte,Fashion accessories,83.0,3,01/12/21,13:02:00,Ewallet,9.0,0.33,249.0,82.17
2059,WALM009,Plano,Home and lifestyle,19.0,3,27/11/21,13:50:00,Ewallet,8.0,0.48,57.0,27.36
2060,WALM081,Friendswood,Fashion accessories,77.0,3,24/07/20,21:13:00,Ewallet,5.0,0.33,231.0,76.23
2061,WALM040,Edinburg,Home and lifestyle,49.0,1,22/10/22,7:44:00,Ewallet,6.0,0.48,49.0,23.52
2062,WALM012,Garland,Fashion accessories,47.0,2,25/02/21,14:36:00,Ewallet,8.0,0.48,94.0,45.12
2063,WALM068,Burleson,Home and lifestyle,58.0,3,04/04/23,12:52:00,Ewallet,8.0,0.33,174.0,57.42
2064,WALM013,Irving,Fashion accessories,28.0,1,17/08/21,15:52:00,Ewallet,7.0,0.48,28.0,13.44
2065,WALM014,Amarillo,Home and lifestyle,28.0,3,15/04/20,11:26:00,Ewallet,9.0,0.48,84.0,40.32
2066,WALM049,North Richland Hills,Fashion accessories,43.0,2,26/10/23,21:35:00,Ewallet,5.0,0.48,86.0,41.28
2067,WALM057,Euless,Home and lifestyle,70.0,1,02/10/21,22:58:00,Ewallet,7.0,0.33,70.0,23.1
2068,WALM041,Mission,Fashion accessories,48.0,3,06/02/22,14:29:00,Ewallet,8.0,0.48,144.0,69.12
2069,WALM037,League City,Home and lifestyle,84.0,2,19/09/21,12:53:00,Ewallet,7.0,0.48,168.0,80.64
2070,WALM077,Coppell,Fashion accessories,80.0,3,25/11/21,6:59:00,Ewallet,6.0,0.33,240.0,79.2
2071,WALM040,Edinburg,Home and lifestyle,78.0,2,14/01/23,13:25:00,Ewallet,5.0,0.48,156.0,74.88
2072,WALM034,College Station,Fashion accessories,25.0,2,15/07/23,19:52:00,Ewallet,8.0,0.48,50.0,24.0
2073,WALM072,Lancaster,Home and lifestyle,30.0,3,18/01/21,16:37:00,Ewallet,8.0,0.33,90.0,29.7
2074,WALM062,Galveston,Fashion accessories,62.0,2,19/09/20,15:02:00,Ewallet,8.0,0.33,124.0,40.92
2075,WALM010,Laredo,Home and lifestyle,81.0,2,15/06/22,17:54:00,Ewallet,6.0,0.48,162.0,77.76
2076,WALM083,Farmers Branch,Fashion accessories,42.0,2,15/11/22,15:58:00,Ewallet,9.0,0.33,84.0,27.72
2077,WALM002,Dallas,Home and lifestyle,54.0,1,06/04/22,17:28:00,Ewallet,8.0,0.36,54.0,19.44
2078,WALM058,Port Arthur,Fashion accessories,44.0,1,18/09/23,22:50:00,Ewallet,8.0,0.33,44.0,14.52
2079,WALM023,Midland,Home and lifestyle,29.0,1,30/01/23,12:18:00,Ewallet,9.0,0.48,29.0,13.92
2080,WALM041,Mission,Fashion accessories,82.0,2,17/06/22,18:29:00,Ewallet,4.0,0.48,164.0,78.72
2081,WALM090,Brownwood,Home and lifestyle,33.0,2,07/12/21,19:29:00,Ewallet,6.0,0.33,66.0,21.78
2082,WALM076,Huntsville,Fashion accessories,15.0,3,06/04/20,17:28:00,Ewallet,5.0,0.33,45.0,14.85
2083,WALM040,Edinburg,Home and lifestyle,70.0,3,24/10/23,18:50:00,Ewallet,6.0,0.48,210.0,100.8
2084,WALM042,Bryan,Fashion accessories,18.0,3,29/12/20,22:18:00,Ewallet,6.0,0.48,54.0,25.92
2085,WALM059,Pflugerville,Home and lifestyle,33.0,1,23/08/21,14:06:00,Ewallet,5.0,0.33,33.0,10.89
2086,WALM030,Richardson,Fashion accessories,25.0,2,03/06/20,15:47:00,Ewallet,6.0,0.48,50.0,24.0
2087,WALM071,Lufkin,Home and lifestyle,78.0,1,23/06/23,14:29:00,Ewallet,7.0,0.33,78.0,25.74
2088,WALM069,Rockwall,Fashion accessories,69.0,2,27/12/21,17:38:00,Ewallet,6.0,0.33,138.0,45.54
2089,WALM028,Odessa,Home and lifestyle,64.0,1,26/12/22,11:59:00,Ewallet,7.0,0.48,64.0,30.72
2090,WALM015,Grand Prairie,Fashion accessories,34.0,3,29/12/23,15:25:00,Ewallet,6.0,0.48,102.0,48.96
2091,WALM022,Mesquite,Home and lifestyle,49.0,2,31/10/21,18:06:00,Ewallet,9.0,0.48,98.0,47.04
2092,WALM021,McAllen,Fashion accessories,26.0,3,20/07/21,22:55:00,Ewallet,9.0,0.48,78.0,37.44
2093,WALM007,Arlington,Home and lifestyle,65.0,3,10/05/20,22:40:00,Ewallet,5.0,0.48,195.0,93.6
2094,WALM040,Edinburg,Fashion accessories,85.0,3,16/03/23,10:01:00,Ewallet,8.0,0.48,255.0,122.4
2095,WALM049,North Richland Hills,Home and lifestyle,63.0,2,26/08/23,6:34:00,Ewallet,9.0,0.48,126.0,60.48
2096,WALM092,Lake Jackson,Fashion accessories,81.0,3,06/06/23,15:53:00,Ewallet,9.0,0.33,243.0,80.19
2097,WALM039,Longview,Home and lifestyle,81.0,1,12/08/20,20:12:00,Ewallet,6.0,0.48,81.0,38.88
2098,WALM067,Haltom City,Fashion accessories,46.0,3,27/07/22,7:41:00,Ewallet,7.0,0.33,138.0,45.54
2099,WALM013,Irving,Home and lifestyle,27.0,1,01/10/22,11:09:00,Ewallet,4.0,0.48,27.0,12.96
2100,WALM043,Baytown,Fashion accessories,51.0,3,02/04/23,12:53:00,Ewallet,9.0,0.48,153.0,73.44
2101,WALM048,Harlingen,Home and lifestyle,75.0,1,28/06/22,20:06:00,Ewallet,9.0,0.48,75.0,36.0
2102,WALM022,Mesquite,Fashion accessories,77.0,3,12/10/21,8:22:00,Ewallet,7.0,0.48,231.0,110.88
2103,WALM061,Cedar Park,Home and lifestyle,51.0,2,21/08/20,11:10:00,Ewallet,5.0,0.33,102.0,33.66
2104,WALM022,Mesquite,Fashion accessories,60.0,2,09/11/21,17:47:00,Ewallet,8.0,0.48,120.0,57.6
2105,WALM078,Del Rio,Home and lifestyle,80.0,2,06/06/20,19:49:00,Ewallet,4.0,0.33,160.0,52.8
2106,WALM018,Frisco,Fashion accessories,79.0,1,02/07/22,15:28:00,Ewallet,9.0,0.48,79.0,37.92
2107,WALM063,Georgetown,Home and lifestyle,42.0,1,10/02/23,12:06:00,Ewallet,7.0,0.33,42.0,13.86
2108,WALM081,Friendswood,Fashion accessories,42.0,2,26/11/23,6:38:00,Ewallet,8.0,0.33,84.0,27.72
2109,WALM080,Nacogdoches,Home and lifestyle,39.0,1,11/08/20,14:33:00,Ewallet,7.0,0.33,39.0,12.87
2110,WALM098,Mineral Wells,Fashion accessories,50.0,3,08/03/20,19:46:00,Ewallet,9.0,0.18,150.0,27.0
2111,WALM037,League City,Home and lifestyle,16.0,3,08/09/21,21:53:00,Ewallet,4.0,0.48,48.0,23.04
2112,WALM090,Brownwood,Fashion accessories,27.0,1,06/12/23,18:24:00,Ewallet,8.0,0.33,27.0,8.91
2113,WALM077,Coppell,Home and lifestyle,74.0,1,27/08/20,7:00:00,Ewallet,8.0,0.33,74.0,24.42
2114,WALM068,Burleson,Fashion accessories,67.0,2,04/07/21,16:59:00,Ewallet,6.0,0.33,134.0,44.22
2115,WALM039,Longview,Home and lifestyle,82.0,2,20/07/22,14:26:00,Ewallet,8.0,0.48,164.0,78.72
2116,WALM098,Mineral Wells,Fashion accessories,32.0,3,02/05/22,13:53:00,Ewallet,8.0,0.18,96.0,17.28
2117,WALM020,Killeen,Home and lifestyle,44.0,1,14/05/21,21:17:00,Ewallet,8.0,0.48,44.0,21.12
2118,WALM090,Brownwood,Fashion accessories,25.0,3,15/11/20,16:35:00,Ewallet,4.0,0.33,75.0,24.75
2119,WALM030,Richardson,Home and lifestyle,25.0,2,29/11/21,11:43:00,Ewallet,4.0,0.48,50.0,24.0
2120,WALM071,Lufkin,Fashion accessories,80.0,1,02/08/21,17:36:00,Ewallet,4.0,0.33,80.0,26.4
2121,WALM002,Dallas,Home and lifestyle,74.0,2,12/10/23,7:14:00,Ewallet,8.0,0.36,148.0,53.28
2122,WALM016,Brownsville,Fashion accessories,48.0,1,23/07/22,17:24:00,Ewallet,5.0,0.48,48.0,23.04
2123,WALM062,Galveston,Home and lifestyle,71.0,3,21/07/23,22:55:00,Ewallet,4.0,0.33,213.0,70.29
2124,WALM005,Fort Worth,Fashion accessories,15.0,1,16/06/22,17:22:00,Ewallet,7.0,0.48,15.0,7.2
2125,WALM027,Abilene,Home and lifestyle,35.0,1,09/01/20,18:46:00,Ewallet,6.0,0.48,35.0,16.8
2126,WALM085,Kerrville,Fashion accessories,51.0,2,12/03/22,19:18:00,Ewallet,9.0,0.33,102.0,33.66
2127,WALM012,Garland,Home and lifestyle,84.0,3,13/05/20,18:50:00,Ewallet,8.0,0.48,252.0,120.96
2128,WALM093,Angleton,Fashion accessories,43.0,1,31/12/21,16:10:00,Ewallet,6.0,0.33,43.0,14.19
2129,WALM010,Laredo,Home and lifestyle,72.0,3,11/02/21,17:35:00,Ewallet,5.0,0.48,216.0,103.68
2130,WALM091,Little Elm,Fashion accessories,53.0,1,27/06/21,17:11:00,Ewallet,4.0,0.33,53.0,17.49
2131,WALM023,Midland,Home and lifestyle,69.0,2,28/02/20,10:04:00,Ewallet,9.0,0.48,138.0,66.24
2132,WALM024,Carrollton,Fashion accessories,15.0,1,13/09/21,7:45:00,Ewallet,4.0,0.48,15.0,7.2
2133,WALM024,Carrollton,Home and lifestyle,65.0,2,22/06/22,21:04:00,Ewallet,8.0,0.48,130.0,62.4
2134,WALM040,Edinburg,Fashion accessories,25.0,2,01/07/23,6:03:00,Ewallet,6.0,0.48,50.0,24.0
2135,WALM081,Friendswood,Home and lifestyle,15.0,2,09/08/22,13:14:00,Ewallet,4.0,0.33,30.0,9.9
2136,WALM027,Abilene,Fashion accessories,22.0,1,21/04/22,21:18:00,Ewallet,4.0,0.48,22.0,10.56
2137,WALM023,Midland,Home and lifestyle,20.0,1,26/12/20,8:40:00,Ewallet,5.0,0.48,20.0,9.6
2138,WALM006,El Paso,Fashion accessories,54.0,3,28/02/23,19:29:00,Ewallet,5.0,0.48,162.0,77.76
2139,WALM098,Mineral Wells,Home and lifestyle,48.0,1,20/10/22,19:32:00,Ewallet,5.0,0.18,48.0,8.64
2140,WALM013,Irving,Fashion accessories,51.0,2,27/02/23,20:14:00,Ewallet,5.0,0.48,102.0,48.96
2141,WALM095,Big Spring,Home and lifestyle,50.0,3,28/02/22,22:40:00,Ewallet,7.0,0.33,150.0,49.5
2142,WALM053,Conroe,Fashion accessories,48.0,2,22/03/20,22:56:00,Ewallet,8.0,0.57,96.0,54.72
2143,WALM094,Alamo,Home and lifestyle,69.0,2,21/01/20,7:09:00,Ewallet,9.0,0.33,138.0,45.54
2144,WALM044,Pharr,Fashion accessories,69.0,3,10/10/20,9:41:00,Ewallet,7.0,0.48,207.0,99.36
2145,WALM080,Nacogdoches,Home and lifestyle,23.0,1,15/01/20,7:45:00,Ewallet,4.0,0.33,23.0,7.59
2146,WALM088,Cleburne,Fashion accessories,46.0,3,24/06/20,10:41:00,Ewallet,9.0,0.33,138.0,45.54
2147,WALM051,New Braunfels,Home and lifestyle,24.0,3,25/06/20,14:28:00,Ewallet,5.0,0.48,72.0,34.56
2148,WALM059,Pflugerville,Fashion accessories,25.0,1,14/06/20,6:37:00,Ewallet,6.0,0.33,25.0,8.25
2149,WALM020,Killeen,Home and lifestyle,80.0,3,29/10/21,13:30:00,Ewallet,9.0,0.48,240.0,115.2
2150,WALM007,Arlington,Fashion accessories,48.0,3,01/10/21,18:02:00,Ewallet,8.0,0.48,144.0,69.12
2151,WALM070,Hurst,Home and lifestyle,32.0,2,21/07/23,9:28:00,Ewallet,9.0,0.33,64.0,21.12
2152,WALM078,Del Rio,Fashion accessories,51.0,3,01/10/21,10:14:00,Ewallet,7.0,0.33,153.0,50.49
2153,WALM061,Cedar Park,Home and lifestyle,21.0,1,21/11/23,14:05:00,Ewallet,5.0,0.33,21.0,6.93
2154,WALM007,Arlington,Fashion accessories,44.0,1,12/05/23,18:23:00,Ewallet,4.0,0.48,44.0,21.12
2155,WALM039,Longview,Home and lifestyle,37.0,1,30/01/23,13:32:00,Ewallet,9.0,0.48,37.0,17.76
2156,WALM012,Garland,Fashion accessories,31.0,1,23/01/21,8:40:00,Ewallet,9.0,0.48,31.0,14.88
2157,WALM026,Denton,Home and lifestyle,47.0,2,14/07/23,16:57:00,Ewallet,8.0,0.48,94.0,45.12
2158,WALM015,Grand Prairie,Fashion accessories,39.0,2,04/08/22,19:03:00,Ewallet,6.0,0.48,78.0,37.44
2159,WALM076,Huntsville,Home and lifestyle,19.0,1,10/03/22,6:29:00,Ewallet,7.0,0.33,19.0,6.27
2160,WALM066,Grapevine,Fashion accessories,69.0,3,13/09/23,18:32:00,Ewallet,9.0,0.33,207.0,68.31
2161,WALM018,Frisco,Home and lifestyle,81.0,3,07/02/22,9:52:00,Ewallet,6.0,0.48,243.0,116.64
2162,WALM044,Pharr,Fashion accessories,25.0,3,19/03/20,8:29:00,Ewallet,6.0,0.48,75.0,36.0
2163,WALM085,Kerrville,Home and lifestyle,22.0,3,06/06/22,20:49:00,Ewallet,6.0,0.33,66.0,21.78
2164,WALM031,Lewisville,Fashion accessories,55.0,3,24/10/23,20:20:00,Ewallet,8.0,0.48,165.0,79.2
2165,WALM037,League City,Home and lifestyle,42.0,3,28/12/21,21:55:00,Ewallet,6.0,0.48,126.0,60.48
2166,WALM023,Midland,Fashion accessories,39.0,1,07/03/20,10:12:00,Ewallet,6.0,0.48,39.0,18.72
2167,WALM005,Fort Worth,Home and lifestyle,40.0,2,30/01/20,17:52:00,Ewallet,8.0,0.48,80.0,38.4
2168,WALM014,Amarillo,Fashion accessories,21.0,2,04/09/22,19:14:00,Ewallet,8.0,0.48,42.0,20.16
2169,WALM027,Abilene,Home and lifestyle,72.0,3,05/12/22,9:26:00,Ewallet,5.0,0.48,216.0,103.68
2170,WALM026,Denton,Fashion accessories,23.0,3,19/04/20,18:34:00,Ewallet,4.0,0.48,69.0,33.12
2171,WALM090,Brownwood,Home and lifestyle,62.0,2,02/02/22,18:32:00,Ewallet,6.0,0.33,124.0,40.92
2172,WALM015,Grand Prairie,Fashion accessories,51.0,1,15/09/22,10:11:00,Ewallet,9.0,0.48,51.0,24.48
2173,WALM015,Grand Prairie,Home and lifestyle,26.0,1,05/05/20,10:50:00,Ewallet,6.0,0.48,26.0,12.48
2174,WALM043,Baytown,Fashion accessories,32.0,1,29/12/23,9:18:00,Ewallet,4.0,0.48,32.0,15.36
2175,WALM037,League City,Home and lifestyle,43.0,1,05/07/21,6:05:00,Ewallet,5.0,0.48,43.0,20.64
2176,WALM081,Friendswood,Fashion accessories,19.0,2,19/06/21,11:46:00,Ewallet,4.0,0.33,38.0,12.54
2177,WALM001,Houston,Home and lifestyle,63.0,3,11/02/21,9:54:00,Ewallet,9.0,0.36,189.0,68.04
2178,WALM015,Grand Prairie,Fashion accessories,69.0,3,02/09/23,12:11:00,Ewallet,6.0,0.48,207.0,99.36
2179,WALM001,Houston,Home and lifestyle,37.0,1,11/09/23,13:10:00,Ewallet,4.0,0.36,37.0,13.32
2180,WALM060,DeSoto,Fashion accessories,60.0,1,20/02/20,12:57:00,Ewallet,7.0,0.33,60.0,19.8
2181,WALM015,Grand Prairie,Home and lifestyle,46.0,2,15/06/20,9:25:00,Ewallet,4.0,0.48,92.0,44.16
2182,WALM013,Irving,Fashion accessories,32.0,3,19/10/21,9:00:00,Ewallet,7.0,0.48,96.0,46.08
2183,WALM071,Lufkin,Home and lifestyle,24.0,3,20/02/22,12:56:00,Ewallet,7.0,0.33,72.0,23.76
2184,WALM039,Longview,Fashion accessories,33.0,3,16/03/21,15:45:00,Ewallet,8.0,0.48,99.0,47.52
2185,WALM076,Huntsville,Home and lifestyle,57.0,2,24/07/20,17:47:00,Ewallet,5.0,0.33,114.0,37.62
2186,WALM049,North Richland Hills,Fashion accessories,49.0,2,05/10/22,16:13:00,Ewallet,8.0,0.48,98.0,47.04
2187,WALM060,DeSoto,Home and lifestyle,59.0,3,30/05/20,6:50:00,Ewallet,6.0,0.33,177.0,58.41
2188,WALM071,Lufkin,Fashion accessories,57.0,1,21/06/23,6:16:00,Ewallet,5.0,0.33,57.0,18.81
2189,WALM100,Canyon,Home and lifestyle,58.0,1,29/03/23,9:44:00,Ewallet,8.0,0.18,58.0,10.44
2190,WALM070,Hurst,Fashion accessories,17.0,1,01/05/22,20:24:00,Ewallet,8.0,0.33,17.0,5.61
2191,WALM076,Huntsville,Home and lifestyle,48.0,2,18/12/20,13:34:00,Ewallet,4.0,0.33,96.0,31.68
2192,WALM053,Conroe,Fashion accessories,54.0,1,23/11/23,19:51:00,Ewallet,8.0,0.57,54.0,30.78
2193,WALM031,Lewisville,Home and lifestyle,32.0,2,25/05/20,20:09:00,Ewallet,5.0,0.48,64.0,30.72
2194,WALM017,McKinney,Fashion accessories,42.0,3,08/05/23,7:48:00,Ewallet,4.0,0.48,126.0,60.48
2195,WALM017,McKinney,Home and lifestyle,61.0,1,02/08/20,16:00:00,Ewallet,4.0,0.48,61.0,29.28
2196,WALM085,Kerrville,Fashion accessories,77.0,1,19/11/20,8:39:00,Ewallet,7.0,0.33,77.0,25.41
2197,WALM063,Georgetown,Home and lifestyle,44.0,2,06/12/21,7:37:00,Ewallet,6.0,0.33,88.0,29.04
2198,WALM068,Burleson,Fashion accessories,80.0,3,26/01/23,20:51:00,Ewallet,4.0,0.33,240.0,79.2
2199,WALM020,Killeen,Home and lifestyle,50.0,1,04/11/20,15:10:00,Ewallet,9.0,0.48,50.0,24.0
2200,WALM061,Cedar Park,Fashion accessories,32.0,1,03/03/20,6:47:00,Ewallet,9.0,0.33,32.0,10.56
2201,WALM100,Canyon,Home and lifestyle,65.0,2,05/08/22,16:18:00,Ewallet,5.0,0.18,130.0,23.4
2202,WALM060,DeSoto,Fashion accessories,84.0,2,26/11/21,15:55:00,Ewallet,9.0,0.33,168.0,55.44
2203,WALM022,Mesquite,Home and lifestyle,78.0,1,12/06/20,21:06:00,Ewallet,8.0,0.48,78.0,37.44
2204,WALM047,Flower Mound,Fashion accessories,50.0,1,01/12/20,10:59:00,Ewallet,8.0,0.48,50.0,24.0
2205,WALM022,Mesquite,Home and lifestyle,46.0,2,26/04/23,18:28:00,Ewallet,7.0,0.48,92.0,44.16
2206,WALM045,Missouri City,Fashion accessories,67.0,3,01/02/22,6:41:00,Credit card,6.0,0.48,201.0,96.48
2207,WALM060,DeSoto,Home and lifestyle,45.0,2,15/10/20,14:42:00,Ewallet,4.0,0.33,90.0,29.7
2208,WALM080,Nacogdoches,Fashion accessories,59.0,3,21/04/22,21:58:00,Ewallet,7.0,0.33,177.0,58.41
2209,WALM043,Baytown,Home and lifestyle,21.0,3,21/06/20,18:48:00,Ewallet,5.0,0.48,63.0,30.24
2210,WALM070,Hurst,Fashion accessories,16.0,3,15/07/23,6:49:00,Ewallet,7.0,0.33,48.0,15.84
2211,WALM042,Bryan,Home and lifestyle,51.0,2,08/01/23,10:57:00,Ewallet,9.0,0.48,102.0,48.96
2212,WALM017,McKinney,Fashion accessories,77.0,1,03/08/20,8:11:00,Ewallet,8.0,0.48,77.0,36.96
2213,WALM049,North Richland Hills,Home and lifestyle,82.0,2,28/03/23,15:58:00,Ewallet,8.0,0.48,164.0,78.72
2214,WALM015,Grand Prairie,Fashion accessories,56.0,3,31/08/22,16:09:00,Ewallet,8.0,0.48,168.0,80.64
2215,WALM071,Lufkin,Home and lifestyle,63.0,3,23/06/22,13:54:00,Ewallet,9.0,0.33,189.0,62.37
2216,WALM034,College Station,Fashion accessories,84.0,3,20/08/23,21:07:00,Ewallet,9.0,0.48,252.0,120.96
2217,WALM034,College Station,Home and lifestyle,43.0,3,17/01/23,18:01:00,Ewallet,5.0,0.48,129.0,61.92
2218,WALM070,Hurst,Fashion accessories,69.0,2,12/02/21,21:51:00,Ewallet,5.0,0.33,138.0,45.54
2219,WALM049,North Richland Hills,Home and lifestyle,50.0,3,07/06/23,17:04:00,Ewallet,4.0,0.48,150.0,72.0
2220,WALM024,Carrollton,Fashion accessories,60.0,1,19/06/21,11:47:00,Ewallet,6.0,0.48,60.0,28.8
2221,WALM045,Missouri City,Home and lifestyle,66.0,3,24/01/23,15:40:00,Credit card,9.0,0.48,198.0,95.04
2222,WALM006,El Paso,Fashion accessories,54.0,3,20/07/20,17:16:00,Ewallet,9.0,0.48,162.0,77.76
2223,WALM066,Grapevine,Home and lifestyle,37.0,3,28/02/23,10:16:00,Ewallet,6.0,0.33,111.0,36.63
2224,WALM067,Haltom City,Fashion accessories,68.0,1,15/06/20,20:59:00,Ewallet,5.0,0.33,68.0,22.44
2225,WALM066,Grapevine,Home and lifestyle,46.0,1,19/02/21,9:15:00,Ewallet,9.0,0.33,46.0,15.18
2226,WALM044,Pharr,Fashion accessories,39.0,3,19/03/20,8:37:00,Ewallet,8.0,0.48,117.0,56.16
2227,WALM036,Allen,Home and lifestyle,37.0,1,26/03/21,19:28:00,Ewallet,7.0,0.48,37.0,17.76
2228,WALM091,Little Elm,Fashion accessories,80.0,2,15/06/20,19:02:00,Ewallet,6.0,0.33,160.0,52.8
2229,WALM077,Coppell,Home and lifestyle,37.0,1,02/01/21,17:53:00,Ewallet,9.0,0.33,37.0,12.21
2230,WALM080,Nacogdoches,Fashion accessories,70.0,2,06/07/23,14:35:00,Ewallet,7.0,0.33,140.0,46.2
2231,WALM011,Lubbock,Home and lifestyle,62.0,3,05/04/22,9:57:00,Ewallet,9.0,0.48,186.0,89.28
2232,WALM091,Little Elm,Fashion accessories,38.0,2,12/04/23,16:18:00,Ewallet,6.0,0.33,76.0,25.08
2233,WALM011,Lubbock,Home and lifestyle,59.0,2,17/10/23,15:06:00,Ewallet,4.0,0.48,118.0,56.64
2234,WALM078,Del Rio,Fashion accessories,19.0,1,03/12/21,17:47:00,Ewallet,8.0,0.33,19.0,6.27
2235,WALM079,La Porte,Home and lifestyle,57.0,1,03/01/20,10:53:00,Ewallet,9.0,0.33,57.0,18.81
2236,WALM059,Pflugerville,Fashion accessories,82.0,3,27/07/20,16:09:00,Ewallet,8.0,0.33,246.0,81.18
2237,WALM019,Pasadena,Home and lifestyle,39.0,3,05/12/21,15:29:00,Ewallet,7.0,0.48,117.0,56.16
2238,WALM052,Mansfield,Fashion accessories,56.0,1,07/12/23,16:15:00,Ewallet,4.0,0.57,56.0,31.92
2239,WALM098,Mineral Wells,Home and lifestyle,75.0,2,30/05/22,7:34:00,Ewallet,8.0,0.18,150.0,27.0
2240,WALM036,Allen,Fashion accessories,16.0,1,25/06/21,15:09:00,Ewallet,8.0,0.48,16.0,7.68
2241,WALM031,Lewisville,Home and lifestyle,24.0,2,25/03/21,7:57:00,Ewallet,5.0,0.48,48.0,23.04
2242,WALM013,Irving,Fashion accessories,74.0,2,02/04/23,18:52:00,Ewallet,9.0,0.48,148.0,71.04
2243,WALM057,Euless,Home and lifestyle,19.0,1,29/12/21,6:43:00,Ewallet,4.0,0.33,19.0,6.27
2244,WALM012,Garland,Fashion accessories,29.0,2,14/04/23,11:25:00,Ewallet,5.0,0.48,58.0,27.84
2245,WALM022,Mesquite,Home and lifestyle,41.0,3,31/07/21,13:13:00,Ewallet,6.0,0.48,123.0,59.04
2246,WALM008,Corpus Christi,Fashion accessories,59.0,1,02/12/20,21:19:00,Ewallet,5.0,0.48,59.0,28.32
2247,WALM094,Alamo,Home and lifestyle,80.0,3,26/10/23,17:46:00,Ewallet,9.0,0.33,240.0,79.2
2248,WALM021,McAllen,Fashion accessories,51.0,3,28/07/20,6:48:00,Ewallet,6.0,0.48,153.0,73.44
2249,WALM066,Grapevine,Home and lifestyle,34.0,3,12/01/20,7:36:00,Ewallet,7.0,0.33,102.0,33.66
2250,WALM081,Friendswood,Fashion accessories,54.0,1,02/10/22,7:17:00,Ewallet,9.0,0.33,54.0,17.82
2251,WALM096,Eagle Pass,Home and lifestyle,56.0,2,11/11/23,15:21:00,Ewallet,4.0,0.33,112.0,36.96
2252,WALM090,Brownwood,Fashion accessories,80.0,3,06/11/23,21:16:00,Ewallet,9.0,0.33,240.0,79.2
2253,WALM067,Haltom City,Home and lifestyle,19.0,2,27/05/22,11:36:00,Ewallet,5.0,0.33,38.0,12.54
2254,WALM058,Port Arthur,Fashion accessories,19.0,2,08/02/20,16:35:00,Ewallet,5.0,0.33,38.0,12.54
2255,WALM010,Laredo,Home and lifestyle,31.0,3,12/02/21,14:43:00,Ewallet,5.0,0.48,93.0,44.64
2256,WALM024,Carrollton,Fashion accessories,73.0,3,01/11/22,11:42:00,Ewallet,7.0,0.48,219.0,105.12
2257,WALM005,Fort Worth,Home and lifestyle,63.0,3,15/11/20,11:10:00,Ewallet,4.0,0.48,189.0,90.72
2258,WALM049,North Richland Hills,Fashion accessories,35.0,2,16/04/20,9:36:00,Ewallet,6.0,0.48,70.0,33.6
2259,WALM018,Frisco,Home and lifestyle,56.0,2,29/11/22,16:17:00,Ewallet,7.0,0.48,112.0,53.76
2260,WALM051,New Braunfels,Fashion accessories,29.0,3,23/06/21,12:33:00,Ewallet,4.0,0.48,87.0,41.76
2261,WALM088,Cleburne,Home and lifestyle,38.0,1,22/10/20,20:47:00,Ewallet,6.0,0.33,38.0,12.54
2262,WALM100,Canyon,Fashion accessories,44.0,1,19/10/22,13:44:00,Ewallet,9.0,0.18,44.0,7.92
2263,WALM080,Nacogdoches,Home and lifestyle,73.0,3,14/01/22,17:56:00,Ewallet,4.0,0.33,219.0,72.27
2264,WALM049,North Richland Hills,Fashion accessories,33.0,1,02/01/20,15:06:00,Ewallet,8.0,0.48,33.0,15.84
2265,WALM047,Flower Mound,Home and lifestyle,54.0,1,03/12/23,21:16:00,Ewallet,8.0,0.48,54.0,25.92
2266,WALM085,Kerrville,Fashion accessories,24.0,1,14/01/21,22:33:00,Ewallet,4.0,0.33,24.0,7.92
2267,WALM070,Hurst,Home and lifestyle,31.0,3,01/01/21,14:37:00,Ewallet,9.0,0.33,93.0,30.69
2268,WALM015,Grand Prairie,Fashion accessories,76.0,2,03/10/23,19:21:00,Ewallet,6.0,0.48,152.0,72.96
2269,WALM015,Grand Prairie,Home and lifestyle,23.0,1,10/10/21,22:51:00,Ewallet,4.0,0.48,23.0,11.04
2270,WALM044,Pharr,Fashion accessories,27.0,2,04/09/21,20:34:00,Ewallet,9.0,0.48,54.0,25.92
2271,WALM043,Baytown,Home and lifestyle,46.0,2,02/06/20,10:23:00,Ewallet,7.0,0.48,92.0,44.16
2272,WALM044,Pharr,Fashion accessories,51.0,1,16/10/21,13:11:00,Ewallet,6.0,0.48,51.0,24.48
2273,WALM078,Del Rio,Home and lifestyle,70.0,3,13/02/23,21:50:00,Ewallet,4.0,0.33,210.0,69.3
2274,WALM019,Pasadena,Fashion accessories,49.0,3,18/11/22,6:39:00,Ewallet,4.0,0.48,147.0,70.56
2275,WALM010,Laredo,Home and lifestyle,72.0,1,01/01/23,8:17:00,Ewallet,6.0,0.48,72.0,34.56
2276,WALM019,Pasadena,Fashion accessories,18.0,1,05/12/20,14:45:00,Ewallet,9.0,0.48,18.0,8.64
2277,WALM081,Friendswood,Home and lifestyle,44.0,3,18/09/20,16:18:00,Ewallet,4.0,0.33,132.0,43.56
2278,WALM012,Garland,Fashion accessories,75.0,3,08/05/21,12:45:00,Ewallet,4.0,0.48,225.0,108.0
2279,WALM090,Brownwood,Home and lifestyle,55.0,3,11/12/20,11:34:00,Ewallet,6.0,0.33,165.0,54.45
2280,WALM062,Galveston,Fashion accessories,82.0,2,22/08/21,12:26:00,Ewallet,4.0,0.33,164.0,54.12
2281,WALM078,Del Rio,Home and lifestyle,70.0,3,16/10/20,18:30:00,Ewallet,4.0,0.33,210.0,69.3
2282,WALM069,Rockwall,Fashion accessories,65.0,2,27/07/20,22:38:00,Ewallet,6.0,0.33,130.0,42.9
2283,WALM051,New Braunfels,Home and lifestyle,72.0,2,07/04/23,18:52:00,Ewallet,7.0,0.48,144.0,69.12
2284,WALM026,Denton,Fashion accessories,28.0,3,21/08/21,9:54:00,Ewallet,9.0,0.48,84.0,40.32
2285,WALM016,Brownsville,Home and lifestyle,26.0,3,05/07/21,11:52:00,Ewallet,6.0,0.48,78.0,37.44
2286,WALM066,Grapevine,Fashion accessories,85.0,2,31/03/23,17:25:00,Ewallet,4.0,0.33,170.0,56.1
2287,WALM067,Haltom City,Home and lifestyle,46.0,1,20/01/21,8:45:00,Ewallet,9.0,0.33,46.0,15.18
2288,WALM008,Corpus Christi,Fashion accessories,66.0,1,05/03/21,13:51:00,Ewallet,9.0,0.48,66.0,31.68
2289,WALM067,Haltom City,Home and lifestyle,72.0,2,23/01/20,10:48:00,Ewallet,6.0,0.33,144.0,47.52
2290,WALM062,Galveston,Fashion accessories,74.0,3,06/08/21,19:52:00,Ewallet,8.0,0.33,222.0,73.26
2291,WALM097,Alice,Home and lifestyle,22.0,1,13/03/20,6:08:00,Ewallet,6.0,0.18,22.0,3.96
2292,WALM036,Allen,Fashion accessories,22.0,3,07/10/21,17:48:00,Ewallet,7.0,0.48,66.0,31.68
2293,WALM100,Canyon,Home and lifestyle,67.0,1,15/02/23,17:46:00,Ewallet,8.0,0.18,67.0,12.06
2294,WALM060,DeSoto,Fashion accessories,73.0,1,04/03/23,20:02:00,Ewallet,4.0,0.33,73.0,24.09
2295,WALM095,Big Spring,Home and lifestyle,39.0,2,18/12/22,11:03:00,Ewallet,5.0,0.33,78.0,25.74
2296,WALM060,DeSoto,Fashion accessories,47.0,1,19/12/21,8:16:00,Ewallet,7.0,0.33,47.0,15.51
2297,WALM057,Euless,Home and lifestyle,82.0,1,21/08/22,12:44:00,Ewallet,5.0,0.33,82.0,27.06
2298,WALM048,Harlingen,Fashion accessories,72.0,1,01/08/22,15:55:00,Ewallet,5.0,0.48,72.0,34.56
2299,WALM091,Little Elm,Home and lifestyle,33.0,3,03/01/23,8:14:00,Ewallet,4.0,0.33,99.0,32.67
2300,WALM045,Missouri City,Fashion accessories,58.0,2,09/04/21,15:35:00,Credit card,4.0,0.48,116.0,55.68
2301,WALM085,Kerrville,Home and lifestyle,72.0,3,31/10/21,19:31:00,Ewallet,7.0,0.33,216.0,71.28
2302,WALM090,Brownwood,Fashion accessories,84.0,1,16/11/23,22:38:00,Ewallet,7.0,0.33,84.0,27.72
2303,WALM093,Angleton,Home and lifestyle,56.0,2,02/11/22,18:14:00,Ewallet,5.0,0.33,112.0,36.96
2304,WALM010,Laredo,Fashion accessories,31.0,1,08/05/23,13:33:00,Ewallet,7.0,0.48,31.0,14.88
2305,WALM024,Carrollton,Home and lifestyle,18.0,3,31/12/22,8:05:00,Ewallet,9.0,0.48,54.0,25.92
2306,WALM036,Allen,Fashion accessories,22.0,1,21/02/20,7:52:00,Ewallet,4.0,0.48,22.0,10.56
2307,WALM012,Garland,Home and lifestyle,21.0,3,28/03/21,12:29:00,Ewallet,6.0,0.48,63.0,30.24
2308,WALM085,Kerrville,Fashion accessories,80.0,3,13/04/20,13:49:00,Ewallet,9.0,0.33,240.0,79.2
2309,WALM011,Lubbock,Home and lifestyle,23.0,3,21/12/20,16:05:00,Ewallet,6.0,0.48,69.0,33.12
2310,WALM028,Odessa,Fashion accessories,69.0,1,26/03/20,20:24:00,Ewallet,9.0,0.48,69.0,33.12
2311,WALM016,Brownsville,Home and lifestyle,47.0,1,20/03/23,22:10:00,Ewallet,7.0,0.48,47.0,22.56
2312,WALM033,Pearland,Fashion accessories,81.0,3,01/05/21,8:05:00,Ewallet,4.0,0.48,243.0,116.64
2313,WALM004,Austin,Home and lifestyle,61.0,3,17/05/21,12:30:00,Ewallet,4.0,0.48,183.0,87.84
2314,WALM063,Georgetown,Fashion accessories,27.0,2,16/12/23,7:04:00,Ewallet,5.0,0.33,54.0,17.82
2315,WALM095,Big Spring,Home and lifestyle,63.0,2,30/05/21,8:54:00,Ewallet,7.0,0.33,126.0,41.58
2316,WALM053,Conroe,Fashion accessories,26.0,1,04/11/22,13:07:00,Ewallet,6.0,0.57,26.0,14.82
2317,WALM044,Pharr,Home and lifestyle,33.0,3,04/03/21,12:41:00,Ewallet,4.0,0.48,99.0,47.52
2318,WALM028,Odessa,Fashion accessories,34.0,3,25/03/23,14:36:00,Ewallet,4.0,0.48,102.0,48.96
2319,WALM077,Coppell,Home and lifestyle,29.0,3,01/05/21,19:38:00,Ewallet,4.0,0.33,87.0,28.71
2320,WALM076,Huntsville,Fashion accessories,58.0,1,03/01/23,6:54:00,Ewallet,5.0,0.33,58.0,19.14
2321,WALM096,Eagle Pass,Home and lifestyle,69.0,2,27/06/22,22:02:00,Ewallet,7.0,0.33,138.0,45.54
2322,WALM052,Mansfield,Fashion accessories,54.0,2,19/12/23,17:16:00,Ewallet,5.0,0.57,108.0,61.56
2323,WALM100,Canyon,Home and lifestyle,81.0,2,28/10/23,7:43:00,Ewallet,8.0,0.18,162.0,29.16
2324,WALM096,Eagle Pass,Fashion accessories,64.0,1,15/12/21,14:14:00,Ewallet,8.0,0.18,64.0,11.52
2325,WALM080,Nacogdoches,Home and lifestyle,29.0,2,08/02/23,7:32:00,Ewallet,9.0,0.33,58.0,19.14
2326,WALM024,Carrollton,Fashion accessories,53.0,1,24/02/21,21:46:00,Ewallet,9.0,0.48,53.0,25.44
2327,WALM085,Kerrville,Home and lifestyle,54.0,2,18/12/20,8:48:00,Ewallet,8.0,0.33,108.0,35.64
2328,WALM004,Austin,Fashion accessories,17.0,1,27/08/21,7:46:00,Ewallet,8.0,0.48,17.0,8.16
2329,WALM100,Canyon,Home and lifestyle,82.0,1,23/09/21,18:38:00,Ewallet,6.0,0.18,82.0,14.76
2330,WALM049,North Richland Hills,Fashion accessories,74.0,3,15/11/22,6:33:00,Ewallet,4.0,0.48,222.0,106.56
2331,WALM100,Canyon,Home and lifestyle,49.0,1,01/06/22,7:38:00,Ewallet,5.0,0.18,49.0,8.82
2332,WALM080,Nacogdoches,Fashion accessories,19.0,3,10/01/23,9:15:00,Ewallet,8.0,0.33,57.0,18.81
2333,WALM039,Longview,Home and lifestyle,21.0,2,01/03/23,10:51:00,Ewallet,7.0,0.48,42.0,20.16
2334,WALM091,Little Elm,Fashion accessories,53.0,2,03/04/23,18:56:00,Ewallet,7.0,0.33,106.0,34.98
2335,WALM018,Frisco,Home and lifestyle,17.0,3,17/01/22,8:41:00,Ewallet,7.0,0.48,51.0,24.48
2336,WALM091,Little Elm,Fashion accessories,41.0,3,12/04/20,8:54:00,Ewallet,5.0,0.33,123.0,40.59
2337,WALM005,Fort Worth,Home and lifestyle,66.0,3,05/10/22,18:51:00,Ewallet,8.0,0.48,198.0,95.04
2338,WALM064,Bedford,Fashion accessories,45.0,2,01/12/22,19:05:00,Ewallet,8.0,0.33,90.0,29.7
2339,WALM078,Del Rio,Home and lifestyle,23.0,1,02/09/22,14:10:00,Ewallet,7.0,0.33,23.0,7.59
2340,WALM091,Little Elm,Fashion accessories,48.0,1,29/11/22,11:17:00,Ewallet,6.0,0.33,48.0,15.84
2341,WALM072,Lancaster,Home and lifestyle,73.0,3,27/01/23,18:19:00,Ewallet,5.0,0.33,219.0,72.27
2342,WALM001,Houston,Fashion accessories,22.0,2,23/12/21,22:04:00,Ewallet,9.0,0.36,44.0,15.84
2343,WALM096,Eagle Pass,Home and lifestyle,25.0,1,13/09/20,15:23:00,Ewallet,4.0,0.33,25.0,8.25
2344,WALM060,DeSoto,Fashion accessories,27.0,2,30/12/20,13:21:00,Ewallet,9.0,0.33,54.0,17.82
2345,WALM041,Mission,Home and lifestyle,52.0,2,14/03/20,8:32:00,Ewallet,8.0,0.48,104.0,49.92
2346,WALM014,Amarillo,Fashion accessories,44.0,3,30/03/22,21:27:00,Ewallet,5.0,0.48,132.0,63.36
2347,WALM043,Baytown,Home and lifestyle,55.0,1,23/04/22,14:39:00,Ewallet,6.0,0.48,55.0,26.4
2348,WALM027,Abilene,Fashion accessories,23.0,2,14/01/22,12:18:00,Ewallet,6.0,0.48,46.0,22.08
2349,WALM007,Arlington,Home and lifestyle,82.0,1,31/07/22,19:43:00,Ewallet,9.0,0.48,82.0,39.36
2350,WALM028,Odessa,Fashion accessories,44.0,3,26/02/22,13:32:00,Ewallet,9.0,0.48,132.0,63.36
2351,WALM043,Baytown,Home and lifestyle,77.0,1,08/01/22,21:40:00,Ewallet,7.0,0.48,77.0,36.96
2352,WALM026,Denton,Fashion accessories,43.0,1,28/10/23,8:29:00,Ewallet,5.0,0.48,43.0,20.64
2353,WALM008,Corpus Christi,Home and lifestyle,83.0,2,24/04/20,13:15:00,Ewallet,9.0,0.48,166.0,79.68
2354,WALM080,Nacogdoches,Fashion accessories,77.0,3,14/05/22,13:41:00,Ewallet,9.0,0.33,231.0,76.23
2355,WALM008,Corpus Christi,Home and lifestyle,63.0,3,19/06/23,12:10:00,Ewallet,7.0,0.48,189.0,90.72
2356,WALM093,Angleton,Fashion accessories,83.0,1,18/01/22,7:52:00,Ewallet,7.0,0.33,83.0,27.39
2357,WALM019,Pasadena,Home and lifestyle,43.0,1,03/04/21,20:52:00,Ewallet,6.0,0.48,43.0,20.64
2358,WALM057,Euless,Fashion accessories,30.0,1,31/05/21,12:06:00,Ewallet,4.0,0.33,30.0,9.9
2359,WALM027,Abilene,Home and lifestyle,67.0,3,11/12/23,18:55:00,Ewallet,4.0,0.48,201.0,96.48
2360,WALM036,Allen,Fashion accessories,68.0,2,06/02/20,20:23:00,Ewallet,7.0,0.48,136.0,65.28
2361,WALM076,Huntsville,Home and lifestyle,23.0,2,23/10/20,21:52:00,Ewallet,9.0,0.33,46.0,15.18
2362,WALM011,Lubbock,Fashion accessories,23.0,3,25/08/22,16:21:00,Ewallet,7.0,0.48,69.0,33.12
2363,WALM040,Edinburg,Home and lifestyle,25.0,1,18/04/23,10:06:00,Ewallet,4.0,0.48,25.0,12.0
2364,WALM007,Arlington,Fashion accessories,26.0,3,28/02/22,18:46:00,Ewallet,9.0,0.48,78.0,37.44
2365,WALM005,Fort Worth,Home and lifestyle,73.0,1,12/05/21,20:24:00,Ewallet,9.0,0.48,73.0,35.04
2366,WALM044,Pharr,Fashion accessories,23.0,2,02/07/21,16:48:00,Ewallet,8.0,0.48,46.0,22.08
2367,WALM021,McAllen,Home and lifestyle,82.0,3,23/02/21,9:33:00,Ewallet,4.0,0.48,246.0,118.08
2368,WALM063,Georgetown,Fashion accessories,34.0,1,06/09/22,18:09:00,Ewallet,9.0,0.33,34.0,11.22
2369,WALM076,Huntsville,Home and lifestyle,53.0,1,30/08/23,15:39:00,Ewallet,7.0,0.33,53.0,17.49
2370,WALM020,Killeen,Fashion accessories,40.0,3,07/06/20,21:25:00,Ewallet,5.0,0.48,120.0,57.6
2371,WALM005,Fort Worth,Home and lifestyle,57.0,1,28/06/23,12:39:00,Ewallet,7.0,0.48,57.0,27.36
2372,WALM019,Pasadena,Fashion accessories,23.0,2,11/05/23,21:18:00,Ewallet,5.0,0.48,46.0,22.08
2373,WALM051,New Braunfels,Home and lifestyle,36.0,2,17/07/20,13:25:00,Ewallet,9.0,0.48,72.0,34.56
2374,WALM023,Midland,Fashion accessories,41.0,2,14/05/22,18:09:00,Ewallet,6.0,0.48,82.0,39.36
2375,WALM006,El Paso,Home and lifestyle,26.0,1,01/12/22,11:06:00,Ewallet,5.0,0.48,26.0,12.48
2376,WALM002,Dallas,Fashion accessories,57.0,1,14/06/22,18:12:00,Ewallet,4.0,0.36,57.0,20.52
2377,WALM081,Friendswood,Home and lifestyle,38.0,2,19/04/21,17:04:00,Ewallet,9.0,0.33,76.0,25.08
2378,WALM070,Hurst,Fashion accessories,44.0,1,26/05/20,14:53:00,Ewallet,4.0,0.33,44.0,14.52
2379,WALM006,El Paso,Home and lifestyle,54.0,1,29/11/23,15:53:00,Ewallet,7.0,0.48,54.0,25.92
2380,WALM033,Pearland,Fashion accessories,46.0,1,19/09/20,7:12:00,Ewallet,5.0,0.48,46.0,22.08
2381,WALM079,La Porte,Home and lifestyle,54.0,1,13/01/22,9:36:00,Ewallet,4.0,0.33,54.0,17.82
2382,WALM007,Arlington,Fashion accessories,24.0,1,08/12/20,16:56:00,Ewallet,6.0,0.48,24.0,11.52
2383,WALM059,Pflugerville,Home and lifestyle,53.0,2,26/04/22,16:40:00,Ewallet,9.0,0.33,106.0,34.98
2384,WALM010,Laredo,Fashion accessories,64.0,3,13/08/20,12:57:00,Ewallet,9.0,0.48,192.0,92.16
2385,WALM098,Mineral Wells,Home and lifestyle,75.0,1,14/02/22,11:20:00,Ewallet,6.0,0.18,75.0,13.5
2386,WALM079,La Porte,Fashion accessories,43.0,3,25/04/23,8:01:00,Ewallet,9.0,0.33,129.0,42.57
2387,WALM052,Mansfield,Home and lifestyle,68.0,3,06/03/21,11:24:00,Ewallet,9.0,0.57,204.0,116.28
2388,WALM052,Mansfield,Fashion accessories,80.0,1,25/04/21,6:33:00,Ewallet,4.0,0.57,80.0,45.6
2389,WALM088,Cleburne,Home and lifestyle,17.0,3,05/03/21,8:12:00,Ewallet,9.0,0.33,51.0,16.83
2390,WALM070,Hurst,Fashion accessories,29.0,1,14/05/23,9:17:00,Ewallet,5.0,0.33,29.0,9.57
2391,WALM071,Lufkin,Home and lifestyle,45.0,1,28/07/22,14:41:00,Ewallet,8.0,0.33,45.0,14.85
2392,WALM052,Mansfield,Fashion accessories,67.0,1,26/11/20,9:08:00,Ewallet,7.0,0.57,67.0,38.19
2393,WALM066,Grapevine,Home and lifestyle,62.0,3,23/06/21,15:46:00,Ewallet,8.0,0.33,186.0,61.38
2394,WALM036,Allen,Fashion accessories,26.0,2,03/01/22,7:23:00,Ewallet,8.0,0.48,52.0,24.96
2395,WALM031,Lewisville,Home and lifestyle,28.0,3,22/04/22,13:05:00,Ewallet,7.0,0.48,84.0,40.32
2396,WALM052,Mansfield,Fashion accessories,84.0,1,19/12/21,11:11:00,Ewallet,7.0,0.57,84.0,47.88
2397,WALM100,Canyon,Home and lifestyle,36.0,1,16/08/21,18:00:00,Ewallet,6.0,0.18,36.0,6.48
2398,WALM078,Del Rio,Fashion accessories,57.0,1,09/05/21,14:47:00,Ewallet,4.0,0.33,57.0,18.81
2399,WALM013,Irving,Home and lifestyle,49.0,3,02/03/20,17:31:00,Ewallet,6.0,0.48,147.0,70.56
2400,WALM020,Killeen,Fashion accessories,61.0,1,17/01/20,8:49:00,Ewallet,4.0,0.48,61.0,29.28
2401,WALM071,Lufkin,Home and lifestyle,65.0,1,22/09/22,13:45:00,Ewallet,6.0,0.33,65.0,21.45
2402,WALM060,DeSoto,Fashion accessories,73.0,3,20/10/23,7:40:00,Ewallet,7.0,0.33,219.0,72.27
2403,WALM047,Flower Mound,Home and lifestyle,38.0,1,05/12/23,10:47:00,Ewallet,9.0,0.48,38.0,18.24
2404,WALM092,Lake Jackson,Fashion accessories,85.0,2,02/12/21,7:09:00,Ewallet,5.0,0.33,170.0,56.1
2405,WALM098,Mineral Wells,Home and lifestyle,74.0,3,07/01/21,14:53:00,Ewallet,5.0,0.18,222.0,39.96
2406,WALM013,Irving,Fashion accessories,16.0,1,14/11/20,12:08:00,Ewallet,6.0,0.48,16.0,7.68
2407,WALM023,Midland,Home and lifestyle,17.0,2,02/06/21,20:13:00,Ewallet,4.0,0.48,34.0,16.32
2408,WALM004,Austin,Fashion accessories,33.0,2,04/04/21,7:10:00,Ewallet,8.0,0.48,66.0,31.68
2409,WALM077,Coppell,Home and lifestyle,47.0,1,22/04/23,14:21:00,Ewallet,6.0,0.33,47.0,15.51
2410,WALM047,Flower Mound,Fashion accessories,29.0,3,29/05/22,19:46:00,Ewallet,5.0,0.48,87.0,41.76
2411,WALM080,Nacogdoches,Home and lifestyle,68.0,1,26/07/21,20:15:00,Ewallet,6.0,0.33,68.0,22.44
2412,WALM013,Irving,Fashion accessories,32.0,3,26/05/23,8:57:00,Ewallet,5.0,0.48,96.0,46.08
2413,WALM037,League City,Home and lifestyle,38.0,3,22/04/21,15:36:00,Ewallet,9.0,0.48,114.0,54.72
2414,WALM095,Big Spring,Fashion accessories,82.0,3,02/06/23,14:47:00,Ewallet,5.0,0.33,246.0,81.18
2415,WALM028,Odessa,Home and lifestyle,15.0,1,21/01/22,18:59:00,Ewallet,4.0,0.48,15.0,7.2
2416,WALM014,Amarillo,Fashion accessories,28.0,3,27/06/22,11:04:00,Ewallet,8.0,0.48,84.0,40.32
2417,WALM022,Mesquite,Home and lifestyle,70.0,2,27/09/22,21:21:00,Ewallet,9.0,0.48,140.0,67.2
2418,WALM027,Abilene,Fashion accessories,71.0,3,20/05/23,18:31:00,Ewallet,8.0,0.48,213.0,102.24
2419,WALM064,Bedford,Home and lifestyle,82.0,2,08/07/21,8:39:00,Ewallet,4.0,0.33,164.0,54.12
2420,WALM052,Mansfield,Fashion accessories,75.0,3,16/02/21,22:00:00,Ewallet,6.0,0.57,225.0,128.25
2421,WALM083,Farmers Branch,Home and lifestyle,71.0,3,19/02/20,9:03:00,Ewallet,8.0,0.33,213.0,70.29
2422,WALM088,Cleburne,Fashion accessories,35.0,1,28/01/23,17:43:00,Ewallet,8.0,0.33,35.0,11.55
2423,WALM077,Coppell,Home and lifestyle,22.0,2,24/10/22,11:52:00,Ewallet,6.0,0.33,44.0,14.52
2424,WALM062,Galveston,Fashion accessories,70.0,1,20/01/23,9:02:00,Ewallet,4.0,0.33,70.0,23.1
2425,WALM010,Laredo,Home and lifestyle,62.0,2,20/08/23,14:19:00,Ewallet,8.0,0.48,124.0,59.52
2426,WALM085,Kerrville,Fashion accessories,18.0,1,09/07/21,13:17:00,Ewallet,8.0,0.33,18.0,5.94
2427,WALM027,Abilene,Home and lifestyle,27.0,2,30/05/22,18:27:00,Ewallet,9.0,0.48,54.0,25.92
2428,WALM034,College Station,Fashion accessories,82.0,1,07/09/22,22:43:00,Ewallet,4.0,0.48,82.0,39.36
2429,WALM015,Grand Prairie,Home and lifestyle,77.0,2,13/05/23,22:55:00,Ewallet,9.0,0.48,154.0,73.92
2430,WALM028,Odessa,Fashion accessories,31.0,2,14/03/20,19:28:00,Ewallet,4.0,0.48,62.0,29.76
2431,WALM017,McKinney,Home and lifestyle,84.0,2,18/05/23,14:47:00,Ewallet,9.0,0.48,168.0,80.64
2432,WALM052,Mansfield,Fashion accessories,39.0,2,15/04/20,10:50:00,Ewallet,9.0,0.57,78.0,44.46
2433,WALM083,Farmers Branch,Home and lifestyle,64.0,1,16/08/23,22:47:00,Ewallet,5.0,0.33,64.0,21.12
2434,WALM096,Eagle Pass,Fashion accessories,65.0,3,29/05/23,11:54:00,Ewallet,4.0,0.18,195.0,35.1
2435,WALM036,Allen,Home and lifestyle,73.0,1,05/09/23,7:07:00,Ewallet,4.0,0.48,73.0,35.04
2436,WALM064,Bedford,Fashion accessories,17.0,1,12/04/22,11:53:00,Ewallet,4.0,0.33,17.0,5.61
2437,WALM039,Longview,Home and lifestyle,37.0,1,01/10/23,11:43:00,Ewallet,8.0,0.48,37.0,17.76
2438,WALM097,Alice,Fashion accessories,65.0,3,18/04/21,10:57:00,Ewallet,9.0,0.18,195.0,35.1
2439,WALM047,Flower Mound,Home and lifestyle,67.0,2,24/04/23,20:46:00,Ewallet,5.0,0.48,134.0,64.32
2440,WALM036,Allen,Fashion accessories,21.0,2,10/03/23,19:48:00,Ewallet,5.0,0.48,42.0,20.16
2441,WALM071,Lufkin,Home and lifestyle,25.0,1,08/10/22,16:27:00,Ewallet,9.0,0.33,25.0,8.25
2442,WALM039,Longview,Fashion accessories,17.0,3,01/08/21,12:00:00,Ewallet,7.0,0.48,51.0,24.48
2443,WALM022,Mesquite,Home and lifestyle,81.0,1,11/10/20,8:20:00,Ewallet,8.0,0.48,81.0,38.88
2444,WALM005,Fort Worth,Fashion accessories,62.0,2,07/05/21,8:21:00,Ewallet,9.0,0.48,124.0,59.52
2445,WALM027,Abilene,Home and lifestyle,68.0,2,14/10/23,10:33:00,Ewallet,8.0,0.48,136.0,65.28
2446,WALM009,Plano,Fashion accessories,31.0,2,26/07/21,12:39:00,Ewallet,5.0,0.48,62.0,29.76
2447,WALM057,Euless,Home and lifestyle,38.0,1,10/10/21,11:41:00,Ewallet,4.0,0.33,38.0,12.54
2448,WALM027,Abilene,Fashion accessories,77.0,3,13/05/23,12:08:00,Ewallet,4.0,0.48,231.0,110.88
2449,WALM021,McAllen,Home and lifestyle,27.0,3,03/02/23,8:29:00,Ewallet,9.0,0.48,81.0,38.88
2450,WALM013,Irving,Fashion accessories,72.0,2,19/02/22,8:43:00,Ewallet,4.0,0.48,144.0,69.12
2451,WALM097,Alice,Home and lifestyle,39.0,2,08/04/21,20:44:00,Ewallet,6.0,0.18,78.0,14.04
2452,WALM013,Irving,Fashion accessories,68.0,1,27/07/20,22:20:00,Ewallet,8.0,0.48,68.0,32.64
2453,WALM041,Mission,Home and lifestyle,30.0,2,28/09/20,12:13:00,Ewallet,6.0,0.48,60.0,28.8
2454,WALM009,Plano,Fashion accessories,83.0,2,20/07/23,13:39:00,Ewallet,4.0,0.48,166.0,79.68
2455,WALM078,Del Rio,Home and lifestyle,17.0,1,15/10/20,8:55:00,Ewallet,5.0,0.33,17.0,5.61
2456,WALM088,Cleburne,Fashion accessories,80.0,1,13/10/20,17:10:00,Ewallet,9.0,0.33,80.0,26.4
2457,WALM049,North Richland Hills,Home and lifestyle,35.0,1,08/04/22,15:39:00,Ewallet,4.0,0.48,35.0,16.8
2458,WALM016,Brownsville,Fashion accessories,17.0,2,17/10/21,18:30:00,Ewallet,8.0,0.48,34.0,16.32
2459,WALM049,North Richland Hills,Home and lifestyle,46.0,1,16/07/23,20:29:00,Ewallet,6.0,0.48,46.0,22.08
2460,WALM068,Burleson,Fashion accessories,46.0,2,13/01/20,22:58:00,Ewallet,7.0,0.33,92.0,30.36
2461,WALM034,College Station,Home and lifestyle,71.0,1,28/07/21,22:28:00,Ewallet,7.0,0.48,71.0,34.08
2462,WALM094,Alamo,Fashion accessories,29.0,2,09/07/22,18:51:00,Ewallet,6.0,0.33,58.0,19.14
2463,WALM011,Lubbock,Home and lifestyle,59.0,3,29/11/20,20:23:00,Ewallet,4.0,0.48,177.0,84.96
2464,WALM076,Huntsville,Fashion accessories,36.0,1,10/06/20,7:13:00,Ewallet,9.0,0.33,36.0,11.88
2465,WALM009,Plano,Home and lifestyle,63.0,2,02/09/22,21:54:00,Ewallet,4.0,0.48,126.0,60.48
2466,WALM009,Plano,Fashion accessories,78.0,2,02/02/22,13:15:00,Ewallet,4.0,0.48,156.0,74.88
2467,WALM098,Mineral Wells,Home and lifestyle,44.0,2,27/07/20,14:21:00,Ewallet,9.0,0.18,88.0,15.84
2468,WALM017,McKinney,Fashion accessories,74.0,1,19/03/23,16:10:00,Ewallet,6.0,0.48,74.0,35.52
2469,WALM019,Pasadena,Home and lifestyle,70.0,1,30/05/21,6:34:00,Ewallet,5.0,0.48,70.0,33.6
2470,WALM063,Georgetown,Fashion accessories,36.0,1,20/04/22,13:14:00,Ewallet,5.0,0.33,36.0,11.88
2471,WALM007,Arlington,Home and lifestyle,84.0,1,21/06/22,17:06:00,Ewallet,8.0,0.48,84.0,40.32
2472,WALM062,Galveston,Fashion accessories,75.0,3,24/03/20,22:16:00,Ewallet,5.0,0.33,225.0,74.25
2473,WALM070,Hurst,Home and lifestyle,20.0,1,29/04/21,14:02:00,Ewallet,4.0,0.33,20.0,6.6
2474,WALM037,League City,Fashion accessories,51.0,1,09/12/22,13:03:00,Ewallet,6.0,0.48,51.0,24.48
2475,WALM001,Houston,Home and lifestyle,84.0,3,14/11/23,22:26:00,Ewallet,8.0,0.36,252.0,90.72
2476,WALM047,Flower Mound,Fashion accessories,25.0,2,02/02/22,6:14:00,Ewallet,9.0,0.48,50.0,24.0
2477,WALM090,Brownwood,Home and lifestyle,31.0,2,29/09/20,13:27:00,Ewallet,6.0,0.33,62.0,20.46
2478,WALM093,Angleton,Fashion accessories,74.0,1,24/01/21,16:09:00,Ewallet,7.0,0.33,74.0,24.42
2479,WALM015,Grand Prairie,Home and lifestyle,50.0,1,04/02/20,11:18:00,Ewallet,7.0,0.48,50.0,24.0
2480,WALM100,Canyon,Fashion accessories,66.0,2,02/12/23,11:47:00,Ewallet,6.0,0.18,132.0,23.76
2481,WALM004,Austin,Home and lifestyle,36.0,2,29/04/22,15:30:00,Ewallet,9.0,0.48,72.0,34.56
2482,WALM064,Bedford,Fashion accessories,27.0,1,19/03/22,12:10:00,Ewallet,7.0,0.33,27.0,8.91
2483,WALM002,Dallas,Home and lifestyle,60.0,1,02/03/23,21:28:00,Ewallet,6.0,0.36,60.0,21.6
2484,WALM010,Laredo,Fashion accessories,78.0,3,30/05/20,12:20:00,Ewallet,8.0,0.48,234.0,112.32
2485,WALM088,Cleburne,Home and lifestyle,27.0,3,21/11/20,11:17:00,Ewallet,7.0,0.33,81.0,26.73
2486,WALM019,Pasadena,Fashion accessories,71.0,2,03/04/21,8:05:00,Ewallet,4.0,0.48,142.0,68.16
2487,WALM010,Laredo,Home and lifestyle,65.0,3,19/07/23,20:38:00,Ewallet,5.0,0.48,195.0,93.6
2488,WALM042,Bryan,Fashion accessories,47.0,1,25/07/23,14:01:00,Ewallet,4.0,0.48,47.0,22.56
2489,WALM037,League City,Home and lifestyle,16.0,2,25/04/20,7:12:00,Ewallet,4.0,0.48,32.0,15.36
2490,WALM068,Burleson,Fashion accessories,65.0,3,30/07/23,8:25:00,Ewallet,9.0,0.33,195.0,64.35
2491,WALM012,Garland,Home and lifestyle,48.0,2,05/08/21,20:27:00,Ewallet,7.0,0.48,96.0,46.08
2492,WALM034,College Station,Fashion accessories,16.0,2,01/06/21,19:05:00,Ewallet,6.0,0.48,32.0,15.36
2493,WALM019,Pasadena,Home and lifestyle,23.0,3,16/10/23,12:36:00,Ewallet,9.0,0.48,69.0,33.12
2494,WALM024,Carrollton,Fashion accessories,77.0,3,17/11/20,8:26:00,Ewallet,5.0,0.48,231.0,110.88
2495,WALM051,New Braunfels,Home and lifestyle,60.0,2,03/02/23,8:00:00,Ewallet,7.0,0.48,120.0,57.6
2496,WALM018,Frisco,Fashion accessories,25.0,3,03/05/23,7:36:00,Ewallet,7.0,0.48,75.0,36.0
2497,WALM061,Cedar Park,Home and lifestyle,75.0,3,31/07/21,15:03:00,Ewallet,9.0,0.33,225.0,74.25
2498,WALM044,Pharr,Fashion accessories,80.0,2,26/12/21,16:16:00,Ewallet,4.0,0.48,160.0,76.8
2499,WALM011,Lubbock,Home and lifestyle,73.0,3,28/11/23,13:07:00,Ewallet,4.0,0.48,219.0,105.12
2500,WALM024,Carrollton,Fashion accessories,39.0,2,01/05/22,7:43:00,Ewallet,7.0,0.48,78.0,37.44
2501,WALM058,Port Arthur,Home and lifestyle,71.0,1,09/02/22,9:23:00,Ewallet,5.0,0.33,71.0,23.43
2502,WALM044,Pharr,Fashion accessories,69.0,3,28/02/21,15:54:00,Ewallet,9.0,0.48,207.0,99.36
2503,WALM081,Friendswood,Home and lifestyle,83.0,2,02/12/20,21:30:00,Ewallet,5.0,0.33,166.0,54.78
2504,WALM034,College Station,Fashion accessories,31.0,3,18/06/20,15:03:00,Ewallet,8.0,0.48,93.0,44.64
2505,WALM040,Edinburg,Home and lifestyle,82.0,1,07/05/23,9:52:00,Ewallet,8.0,0.48,82.0,39.36
2506,WALM072,Lancaster,Fashion accessories,66.0,2,09/06/20,11:10:00,Ewallet,4.0,0.33,132.0,43.56
2507,WALM024,Carrollton,Home and lifestyle,17.0,1,03/10/21,16:05:00,Ewallet,9.0,0.48,17.0,8.16
2508,WALM004,Austin,Fashion accessories,77.0,2,21/06/20,12:16:00,Ewallet,6.0,0.48,154.0,73.92
2509,WALM024,Carrollton,Home and lifestyle,27.0,3,16/07/23,11:38:00,Ewallet,6.0,0.48,81.0,38.88
2510,WALM030,Richardson,Fashion accessories,42.0,3,22/04/20,17:24:00,Ewallet,4.0,0.48,126.0,60.48
2511,WALM063,Georgetown,Home and lifestyle,75.0,1,25/12/21,6:37:00,Ewallet,9.0,0.33,75.0,24.75
2512,WALM067,Haltom City,Fashion accessories,66.0,2,17/02/21,9:45:00,Ewallet,4.0,0.33,132.0,43.56
2513,WALM094,Alamo,Home and lifestyle,64.0,1,18/11/20,17:55:00,Ewallet,8.0,0.33,64.0,21.12
2514,WALM100,Canyon,Fashion accessories,79.0,2,11/05/20,12:44:00,Ewallet,7.0,0.18,158.0,28.44
2515,WALM069,Rockwall,Home and lifestyle,81.0,2,03/08/20,8:45:00,Ewallet,4.0,0.33,162.0,53.46
2516,WALM015,Grand Prairie,Fashion accessories,20.0,3,13/02/23,16:45:00,Ewallet,6.0,0.48,60.0,28.8
2517,WALM012,Garland,Home and lifestyle,81.0,1,26/07/20,20:02:00,Ewallet,4.0,0.48,81.0,38.88
2518,WALM092,Lake Jackson,Fashion accessories,29.0,1,06/06/21,12:12:00,Ewallet,4.0,0.33,29.0,9.57
2519,WALM005,Fort Worth,Home and lifestyle,77.0,3,28/10/20,8:33:00,Ewallet,7.0,0.48,231.0,110.88
2520,WALM023,Midland,Fashion accessories,61.0,1,01/03/22,7:21:00,Ewallet,8.0,0.48,61.0,29.28
2521,WALM006,El Paso,Home and lifestyle,64.0,1,01/04/21,15:42:00,Ewallet,9.0,0.48,64.0,30.72
2522,WALM080,Nacogdoches,Fashion accessories,72.0,1,19/01/23,10:18:00,Ewallet,5.0,0.33,72.0,23.76
2523,WALM001,Houston,Home and lifestyle,49.0,1,24/04/21,9:47:00,Ewallet,9.0,0.36,49.0,17.64
2524,WALM083,Farmers Branch,Fashion accessories,54.0,2,05/11/21,22:09:00,Ewallet,4.0,0.33,108.0,35.64
2525,WALM097,Alice,Home and lifestyle,39.0,2,15/08/20,12:19:00,Ewallet,8.0,0.18,78.0,14.04
2526,WALM026,Denton,Fashion accessories,55.0,3,28/09/21,12:18:00,Ewallet,9.0,0.48,165.0,79.2
2527,WALM019,Pasadena,Home and lifestyle,27.0,3,21/08/22,14:34:00,Ewallet,4.0,0.48,81.0,38.88
2528,WALM042,Bryan,Fashion accessories,77.0,2,07/01/20,21:57:00,Ewallet,9.0,0.48,154.0,73.92
2529,WALM061,Cedar Park,Home and lifestyle,71.0,2,02/03/23,9:50:00,Ewallet,9.0,0.33,142.0,46.86
2530,WALM059,Pflugerville,Fashion accessories,39.0,3,13/01/21,20:15:00,Ewallet,8.0,0.33,117.0,38.61
2531,WALM047,Flower Mound,Home and lifestyle,31.0,1,01/09/20,7:53:00,Ewallet,5.0,0.48,31.0,14.88
2532,WALM092,Lake Jackson,Fashion accessories,74.0,1,28/03/23,12:45:00,Ewallet,9.0,0.33,74.0,24.42
2533,WALM064,Bedford,Home and lifestyle,44.0,1,28/05/23,17:46:00,Ewallet,8.0,0.33,44.0,14.52
2534,WALM098,Mineral Wells,Fashion accessories,58.0,2,12/03/23,14:19:00,Ewallet,4.0,0.18,116.0,20.88
2535,WALM080,Nacogdoches,Home and lifestyle,50.0,1,15/04/23,11:42:00,Ewallet,6.0,0.33,50.0,16.5
2536,WALM078,Del Rio,Fashion accessories,50.0,2,14/09/20,12:33:00,Ewallet,5.0,0.33,100.0,33.0
2537,WALM045,Missouri City,Home and lifestyle,30.0,1,21/11/22,17:46:00,Credit card,9.0,0.48,30.0,14.4
2538,WALM088,Cleburne,Fashion accessories,73.0,3,18/03/21,17:55:00,Ewallet,6.0,0.33,219.0,72.27
2539,WALM042,Bryan,Home and lifestyle,81.0,3,21/08/23,6:45:00,Ewallet,5.0,0.48,243.0,116.64
2540,WALM043,Baytown,Fashion accessories,61.0,1,15/11/22,15:41:00,Ewallet,7.0,0.48,61.0,29.28
2541,WALM028,Odessa,Home and lifestyle,50.0,2,28/03/21,7:14:00,Ewallet,9.0,0.48,100.0,48.0
2542,WALM017,McKinney,Fashion accessories,70.0,3,14/01/21,14:37:00,Ewallet,7.0,0.48,210.0,100.8
2543,WALM069,Rockwall,Home and lifestyle,17.0,2,25/09/20,22:13:00,Ewallet,4.0,0.33,34.0,11.22
2544,WALM026,Denton,Fashion accessories,68.0,3,01/10/23,14:39:00,Ewallet,7.0,0.48,204.0,97.92
2545,WALM037,League City,Home and lifestyle,22.0,3,22/06/20,16:19:00,Ewallet,6.0,0.48,66.0,31.68
2546,WALM040,Edinburg,Fashion accessories,41.0,3,03/04/20,19:51:00,Ewallet,4.0,0.48,123.0,59.04
2547,WALM080,Nacogdoches,Home and lifestyle,39.0,2,23/04/21,6:51:00,Ewallet,4.0,0.33,78.0,25.74
2548,WALM052,Mansfield,Fashion accessories,37.0,2,18/05/21,20:43:00,Ewallet,6.0,0.57,74.0,42.18
2549,WALM043,Baytown,Home and lifestyle,65.0,1,12/12/23,16:51:00,Ewallet,6.0,0.48,65.0,31.2
2550,WALM001,Houston,Fashion accessories,35.0,1,30/05/20,14:27:00,Ewallet,4.0,0.36,35.0,12.6
2551,WALM006,El Paso,Home and lifestyle,35.0,3,26/12/23,11:22:00,Ewallet,6.0,0.48,105.0,50.4
2552,WALM094,Alamo,Fashion accessories,34.0,1,04/04/20,13:54:00,Ewallet,7.0,0.33,34.0,11.22
2553,WALM095,Big Spring,Home and lifestyle,57.0,3,08/01/20,6:51:00,Ewallet,4.0,0.33,171.0,56.43
2554,WALM007,Arlington,Fashion accessories,76.0,3,16/12/23,10:03:00,Ewallet,9.0,0.48,228.0,109.44
2555,WALM041,Mission,Home and lifestyle,73.0,3,01/03/22,12:12:00,Ewallet,4.0,0.48,219.0,105.12
2556,WALM088,Cleburne,Fashion accessories,19.0,3,08/03/23,11:44:00,Ewallet,5.0,0.33,57.0,18.81
2557,WALM008,Corpus Christi,Home and lifestyle,35.0,2,06/06/22,21:25:00,Ewallet,9.0,0.48,70.0,33.6
2558,WALM010,Laredo,Fashion accessories,50.0,1,03/10/22,17:08:00,Ewallet,7.0,0.48,50.0,24.0
2559,WALM072,Lancaster,Home and lifestyle,36.0,3,04/02/21,21:03:00,Ewallet,8.0,0.33,108.0,35.64
2560,WALM047,Flower Mound,Fashion accessories,73.0,2,17/01/22,8:36:00,Ewallet,6.0,0.48,146.0,70.08
2561,WALM039,Longview,Home and lifestyle,16.0,3,03/04/22,18:18:00,Ewallet,7.0,0.48,48.0,23.04
2562,WALM021,McAllen,Fashion accessories,54.0,3,30/03/22,16:20:00,Ewallet,4.0,0.48,162.0,77.76
2563,WALM021,McAllen,Home and lifestyle,62.0,3,11/01/23,8:07:00,Ewallet,4.0,0.48,186.0,89.28
2564,WALM009,Plano,Fashion accessories,36.0,3,16/11/22,6:40:00,Ewallet,8.0,0.48,108.0,51.84
2565,WALM088,Cleburne,Home and lifestyle,57.0,1,25/08/23,6:52:00,Ewallet,9.0,0.33,57.0,18.81
2566,WALM048,Harlingen,Fashion accessories,28.0,1,10/10/22,20:43:00,Ewallet,9.0,0.48,28.0,13.44
2567,WALM070,Hurst,Home and lifestyle,54.0,2,01/10/20,21:45:00,Ewallet,9.0,0.33,108.0,35.64
2568,WALM052,Mansfield,Fashion accessories,30.0,2,11/01/23,14:02:00,Ewallet,8.0,0.57,60.0,34.2
2569,WALM021,McAllen,Home and lifestyle,26.0,1,10/11/22,7:12:00,Ewallet,6.0,0.48,26.0,12.48
2570,WALM076,Huntsville,Fashion accessories,52.0,1,16/02/21,9:59:00,Ewallet,9.0,0.33,52.0,17.16
2571,WALM015,Grand Prairie,Home and lifestyle,42.0,1,10/07/22,18:34:00,Ewallet,5.0,0.48,42.0,20.16
2572,WALM051,New Braunfels,Fashion accessories,67.0,2,27/04/23,15:02:00,Ewallet,4.0,0.57,134.0,76.38
2573,WALM030,Richardson,Home and lifestyle,30.0,3,18/03/21,20:38:00,Ewallet,4.0,0.48,90.0,43.2
2574,WALM011,Lubbock,Fashion accessories,17.0,2,06/07/20,6:05:00,Ewallet,7.0,0.48,34.0,16.32
2575,WALM031,Lewisville,Home and lifestyle,23.0,2,24/05/22,15:39:00,Ewallet,7.0,0.48,46.0,22.08
2576,WALM061,Cedar Park,Fashion accessories,57.0,2,01/06/23,9:19:00,Ewallet,6.0,0.33,114.0,37.62
2577,WALM060,DeSoto,Home and lifestyle,35.0,1,29/09/20,9:18:00,Ewallet,5.0,0.33,35.0,11.55
2578,WALM027,Abilene,Fashion accessories,57.0,1,04/07/22,6:05:00,Ewallet,6.0,0.48,57.0,27.36
2579,WALM096,Eagle Pass,Home and lifestyle,83.0,3,19/03/23,20:54:00,Ewallet,8.0,0.33,249.0,82.17
2580,WALM013,Irving,Fashion accessories,83.0,1,20/10/20,8:04:00,Ewallet,5.0,0.48,83.0,39.84
2581,WALM037,League City,Home and lifestyle,72.0,3,18/02/23,15:16:00,Ewallet,7.0,0.48,216.0,103.68
2582,WALM041,Mission,Fashion accessories,77.0,2,08/05/22,19:22:00,Ewallet,9.0,0.48,154.0,73.92
2583,WALM005,Fort Worth,Home and lifestyle,29.0,1,01/06/23,17:38:00,Ewallet,4.0,0.48,29.0,13.92
2584,WALM018,Frisco,Fashion accessories,16.0,2,23/06/22,22:38:00,Ewallet,6.0,0.48,32.0,15.36
2585,WALM058,Port Arthur,Home and lifestyle,38.0,1,09/07/21,8:29:00,Ewallet,8.0,0.33,38.0,12.54
2586,WALM020,Killeen,Fashion accessories,73.0,3,29/10/21,20:14:00,Ewallet,4.0,0.48,219.0,105.12
2587,WALM009,Plano,Home and lifestyle,22.0,1,05/02/22,11:13:00,Ewallet,6.0,0.48,22.0,10.56
2588,WALM064,Bedford,Fashion accessories,61.0,3,05/07/23,13:51:00,Ewallet,5.0,0.33,183.0,60.39
2589,WALM092,Lake Jackson,Home and lifestyle,54.0,2,23/09/23,12:57:00,Ewallet,5.0,0.33,108.0,35.64
2590,WALM005,Fort Worth,Fashion accessories,85.0,1,11/04/21,6:35:00,Ewallet,4.0,0.48,85.0,40.8
2591,WALM001,Houston,Home and lifestyle,16.0,2,15/06/23,11:19:00,Ewallet,9.0,0.36,32.0,11.52
2592,WALM011,Lubbock,Fashion accessories,44.0,2,20/09/23,16:14:00,Ewallet,9.0,0.48,88.0,42.24
2593,WALM048,Harlingen,Home and lifestyle,51.0,1,05/10/22,20:55:00,Ewallet,4.0,0.48,51.0,24.48
2594,WALM013,Irving,Fashion accessories,45.0,3,08/01/21,9:01:00,Ewallet,9.0,0.48,135.0,64.8
2595,WALM030,Richardson,Home and lifestyle,24.0,1,15/11/22,19:01:00,Ewallet,4.0,0.48,24.0,11.52
2596,WALM026,Denton,Fashion accessories,30.0,2,25/01/20,10:55:00,Ewallet,7.0,0.48,60.0,28.8
2597,WALM088,Cleburne,Home and lifestyle,72.0,2,23/05/22,9:27:00,Ewallet,7.0,0.33,144.0,47.52
2598,WALM094,Alamo,Fashion accessories,41.0,2,12/08/23,8:04:00,Ewallet,9.0,0.33,82.0,27.06
2599,WALM052,Mansfield,Home and lifestyle,79.0,1,22/09/23,9:10:00,Ewallet,9.0,0.57,79.0,45.03
2600,WALM043,Baytown,Fashion accessories,74.0,1,14/07/21,9:11:00,Ewallet,4.0,0.48,74.0,35.52
2601,WALM097,Alice,Home and lifestyle,74.0,1,15/03/21,10:30:00,Ewallet,4.0,0.18,74.0,13.32
2602,WALM015,Grand Prairie,Fashion accessories,25.0,1,16/08/23,6:36:00,Ewallet,4.0,0.48,25.0,12.0
2603,WALM024,Carrollton,Home and lifestyle,33.0,3,18/12/21,19:53:00,Ewallet,5.0,0.48,99.0,47.52
2604,WALM066,Grapevine,Fashion accessories,50.0,2,22/04/20,22:53:00,Ewallet,5.0,0.33,100.0,33.0
2605,WALM016,Brownsville,Home and lifestyle,80.0,3,19/03/21,11:04:00,Ewallet,8.0,0.48,240.0,115.2
2606,WALM085,Kerrville,Fashion accessories,23.0,2,18/07/20,14:14:00,Ewallet,8.0,0.33,46.0,15.18
2607,WALM020,Killeen,Home and lifestyle,33.0,3,14/07/22,13:46:00,Ewallet,6.0,0.48,99.0,47.52
2608,WALM085,Kerrville,Fashion accessories,41.0,2,27/10/22,16:58:00,Ewallet,9.0,0.33,82.0,27.06
2609,WALM093,Angleton,Home and lifestyle,80.0,2,27/11/23,18:41:00,Ewallet,6.0,0.33,160.0,52.8
2610,WALM027,Abilene,Fashion accessories,47.0,2,19/08/22,11:43:00,Ewallet,6.0,0.48,94.0,45.12
2611,WALM028,Odessa,Home and lifestyle,16.0,2,11/10/22,21:09:00,Ewallet,8.0,0.48,32.0,15.36
2612,WALM019,Pasadena,Fashion accessories,23.0,2,12/02/20,7:10:00,Ewallet,5.0,0.48,46.0,22.08
2613,WALM006,El Paso,Home and lifestyle,73.0,1,25/10/23,13:02:00,Ewallet,6.0,0.48,73.0,35.04
2614,WALM059,Pflugerville,Fashion accessories,66.0,2,16/02/23,15:49:00,Ewallet,9.0,0.33,132.0,43.56
2615,WALM064,Bedford,Home and lifestyle,63.0,1,30/05/23,20:00:00,Ewallet,6.0,0.33,63.0,20.79
2616,WALM006,El Paso,Fashion accessories,46.0,1,25/08/20,9:45:00,Ewallet,5.0,0.48,46.0,22.08
2617,WALM081,Friendswood,Home and lifestyle,43.0,2,05/01/21,16:17:00,Ewallet,6.0,0.33,86.0,28.38
2618,WALM018,Frisco,Fashion accessories,53.0,1,02/08/23,18:51:00,Ewallet,9.0,0.48,53.0,25.44
2619,WALM094,Alamo,Home and lifestyle,24.0,3,14/03/20,8:38:00,Ewallet,4.0,0.33,72.0,23.76
2620,WALM057,Euless,Fashion accessories,50.0,2,08/05/21,8:32:00,Ewallet,5.0,0.33,100.0,33.0
2621,WALM091,Little Elm,Home and lifestyle,85.0,3,21/05/20,7:18:00,Ewallet,6.0,0.33,255.0,84.15
2622,WALM007,Arlington,Fashion accessories,41.0,3,01/09/23,17:15:00,Ewallet,7.0,0.48,123.0,59.04
2623,WALM034,College Station,Home and lifestyle,69.0,2,15/05/22,16:39:00,Ewallet,7.0,0.48,138.0,66.24
2624,WALM095,Big Spring,Fashion accessories,59.0,3,23/07/20,11:45:00,Ewallet,6.0,0.33,177.0,58.41
2625,WALM081,Friendswood,Home and lifestyle,76.0,1,22/11/22,12:21:00,Ewallet,9.0,0.33,76.0,25.08
2626,WALM033,Pearland,Fashion accessories,30.0,3,05/06/21,20:32:00,Ewallet,9.0,0.48,90.0,43.2
2627,WALM049,North Richland Hills,Home and lifestyle,42.0,3,13/02/21,9:16:00,Ewallet,4.0,0.48,126.0,60.48
2628,WALM083,Farmers Branch,Fashion accessories,52.0,2,30/11/23,12:04:00,Ewallet,5.0,0.33,104.0,34.32
2629,WALM016,Brownsville,Home and lifestyle,74.0,2,13/12/23,19:51:00,Ewallet,8.0,0.48,148.0,71.04
2630,WALM043,Baytown,Fashion accessories,62.0,3,26/02/21,14:13:00,Ewallet,4.0,0.48,186.0,89.28
2631,WALM017,McKinney,Home and lifestyle,72.0,2,25/02/22,10:58:00,Ewallet,6.0,0.48,144.0,69.12
2632,WALM039,Longview,Fashion accessories,39.0,3,10/05/23,16:26:00,Ewallet,4.0,0.48,117.0,56.16
2633,WALM036,Allen,Home and lifestyle,55.0,1,15/07/22,17:23:00,Ewallet,4.0,0.48,55.0,26.4
2634,WALM057,Euless,Fashion accessories,55.0,3,14/12/23,17:21:00,Ewallet,4.0,0.33,165.0,54.45
2635,WALM062,Galveston,Home and lifestyle,35.0,3,02/11/21,12:53:00,Ewallet,5.0,0.33,105.0,34.65
2636,WALM034,College Station,Fashion accessories,76.0,2,28/04/21,8:52:00,Ewallet,7.0,0.48,152.0,72.96
2637,WALM018,Frisco,Home and lifestyle,39.0,3,07/03/23,10:22:00,Ewallet,8.0,0.48,117.0,56.16
2638,WALM070,Hurst,Fashion accessories,50.0,2,14/08/20,22:21:00,Ewallet,8.0,0.33,100.0,33.0
2639,WALM042,Bryan,Home and lifestyle,44.0,3,30/01/20,6:22:00,Ewallet,4.0,0.48,132.0,63.36
2640,WALM066,Grapevine,Fashion accessories,55.0,3,16/11/22,15:50:00,Ewallet,8.0,0.33,165.0,54.45
2641,WALM096,Eagle Pass,Home and lifestyle,31.0,3,07/10/21,12:40:00,Ewallet,7.0,0.33,93.0,30.69
2642,WALM070,Hurst,Fashion accessories,22.0,1,01/12/21,12:28:00,Ewallet,4.0,0.33,22.0,7.26
2643,WALM064,Bedford,Home and lifestyle,31.0,2,24/05/21,13:02:00,Ewallet,5.0,0.33,62.0,20.46
2644,WALM006,El Paso,Fashion accessories,36.0,3,13/07/20,16:38:00,Ewallet,9.0,0.48,108.0,51.84
2645,WALM016,Brownsville,Home and lifestyle,16.0,2,09/11/20,20:08:00,Ewallet,5.0,0.48,32.0,15.36
2646,WALM010,Laredo,Fashion accessories,38.0,2,25/04/23,21:49:00,Ewallet,7.0,0.48,76.0,36.48
2647,WALM047,Flower Mound,Home and lifestyle,76.0,1,29/11/22,14:19:00,Ewallet,5.0,0.48,76.0,36.48
2648,WALM030,Richardson,Fashion accessories,32.0,1,30/07/20,17:27:00,Ewallet,5.0,0.48,32.0,15.36
2649,WALM006,El Paso,Home and lifestyle,85.0,1,03/05/21,19:10:00,Ewallet,8.0,0.48,85.0,40.8
2650,WALM068,Burleson,Fashion accessories,32.0,1,05/04/23,9:00:00,Ewallet,6.0,0.33,32.0,10.56
2651,WALM010,Laredo,Home and lifestyle,33.0,1,07/12/20,14:11:00,Ewallet,5.0,0.48,33.0,15.84
2652,WALM097,Alice,Fashion accessories,33.0,3,19/06/22,17:09:00,Ewallet,6.0,0.18,99.0,17.82
2653,WALM016,Brownsville,Home and lifestyle,79.0,3,04/10/22,14:05:00,Ewallet,8.0,0.48,237.0,113.76
2654,WALM005,Fort Worth,Fashion accessories,80.0,2,21/06/23,12:51:00,Ewallet,9.0,0.48,160.0,76.8
2655,WALM048,Harlingen,Home and lifestyle,46.0,1,31/03/22,16:44:00,Ewallet,7.0,0.48,46.0,22.08
2656,WALM058,Port Arthur,Fashion accessories,27.0,2,09/02/23,10:26:00,Ewallet,5.0,0.33,54.0,17.82
2657,WALM083,Farmers Branch,Home and lifestyle,71.0,3,30/03/21,13:36:00,Ewallet,6.0,0.33,213.0,70.29
2658,WALM080,Nacogdoches,Fashion accessories,39.0,1,17/10/20,13:41:00,Ewallet,4.0,0.33,39.0,12.87
2659,WALM061,Cedar Park,Home and lifestyle,46.0,1,03/01/21,7:48:00,Ewallet,7.0,0.33,46.0,15.18
2660,WALM014,Amarillo,Fashion accessories,58.0,3,15/01/23,18:55:00,Ewallet,9.0,0.48,174.0,83.52
2661,WALM001,Houston,Home and lifestyle,39.0,1,31/12/21,12:03:00,Ewallet,6.0,0.36,39.0,14.04
2662,WALM079,La Porte,Fashion accessories,74.0,1,10/02/23,7:57:00,Ewallet,5.0,0.33,74.0,24.42
2663,WALM042,Bryan,Home and lifestyle,51.0,3,23/12/22,17:30:00,Ewallet,7.0,0.48,153.0,73.44
2664,WALM063,Georgetown,Fashion accessories,47.0,1,06/01/22,12:55:00,Ewallet,8.0,0.33,47.0,15.51
2665,WALM067,Haltom City,Home and lifestyle,31.0,3,23/07/22,18:22:00,Ewallet,4.0,0.33,93.0,30.69
2666,WALM027,Abilene,Fashion accessories,58.0,2,24/05/20,19:53:00,Ewallet,9.0,0.48,116.0,55.68
2667,WALM040,Edinburg,Home and lifestyle,78.0,2,05/11/21,22:54:00,Ewallet,6.0,0.48,156.0,74.88
2668,WALM011,Lubbock,Fashion accessories,50.0,1,30/09/22,19:44:00,Ewallet,5.0,0.48,50.0,24.0
2669,WALM063,Georgetown,Home and lifestyle,28.0,3,21/11/21,14:29:00,Ewallet,6.0,0.33,84.0,27.72
2670,WALM039,Longview,Fashion accessories,23.0,2,27/06/20,17:38:00,Ewallet,9.0,0.48,46.0,22.08
2671,WALM096,Eagle Pass,Home and lifestyle,73.0,2,19/12/21,9:20:00,Ewallet,8.0,0.33,146.0,48.18
2672,WALM012,Garland,Fashion accessories,41.0,2,18/10/20,7:17:00,Ewallet,6.0,0.48,82.0,39.36
2673,WALM066,Grapevine,Home and lifestyle,78.0,2,25/08/21,16:19:00,Ewallet,7.0,0.33,156.0,51.48
2674,WALM095,Big Spring,Fashion accessories,22.0,2,22/10/22,9:36:00,Ewallet,9.0,0.33,44.0,14.52
2675,WALM098,Mineral Wells,Home and lifestyle,60.0,3,27/12/22,20:49:00,Ewallet,5.0,0.18,180.0,32.4
2676,WALM037,League City,Fashion accessories,60.0,2,01/11/20,11:37:00,Ewallet,5.0,0.48,120.0,57.6
2677,WALM092,Lake Jackson,Home and lifestyle,21.0,3,10/12/23,15:31:00,Ewallet,4.0,0.33,63.0,20.79
2678,WALM020,Killeen,Fashion accessories,17.0,3,04/08/20,12:41:00,Ewallet,4.0,0.48,51.0,24.48
2679,WALM076,Huntsville,Home and lifestyle,56.0,2,08/05/20,19:08:00,Ewallet,4.0,0.33,112.0,36.96
2680,WALM036,Allen,Fashion accessories,21.0,2,17/10/21,12:08:00,Ewallet,9.0,0.48,42.0,20.16
2681,WALM059,Pflugerville,Home and lifestyle,19.0,2,01/05/20,6:25:00,Ewallet,9.0,0.33,38.0,12.54
2682,WALM062,Galveston,Fashion accessories,54.0,1,29/08/20,16:43:00,Ewallet,6.0,0.33,54.0,17.82
2683,WALM042,Bryan,Home and lifestyle,64.0,2,01/07/21,8:42:00,Ewallet,5.0,0.48,128.0,61.44
2684,WALM066,Grapevine,Fashion accessories,77.0,2,11/11/22,19:00:00,Ewallet,9.0,0.33,154.0,50.82
2685,WALM080,Nacogdoches,Home and lifestyle,33.0,1,06/04/21,18:05:00,Ewallet,8.0,0.33,33.0,10.89
2686,WALM017,McKinney,Fashion accessories,31.0,1,10/07/21,6:28:00,Ewallet,9.0,0.48,31.0,14.88
2687,WALM098,Mineral Wells,Home and lifestyle,75.0,3,19/12/21,15:35:00,Ewallet,4.0,0.18,225.0,40.5
2688,WALM020,Killeen,Fashion accessories,80.0,2,07/03/23,14:37:00,Ewallet,5.0,0.48,160.0,76.8
2689,WALM064,Bedford,Home and lifestyle,30.0,2,07/08/21,11:33:00,Ewallet,9.0,0.33,60.0,19.8
2690,WALM088,Cleburne,Fashion accessories,84.0,2,07/07/20,15:19:00,Ewallet,4.0,0.33,168.0,55.44
2691,WALM041,Mission,Home and lifestyle,36.0,3,06/12/21,19:51:00,Ewallet,8.0,0.48,108.0,51.84
2692,WALM027,Abilene,Fashion accessories,44.0,2,24/07/20,19:57:00,Ewallet,4.0,0.48,88.0,42.24
2693,WALM017,McKinney,Home and lifestyle,39.0,3,10/03/21,9:13:00,Ewallet,8.0,0.48,117.0,56.16
2694,WALM080,Nacogdoches,Fashion accessories,35.0,3,20/02/23,14:40:00,Ewallet,6.0,0.33,105.0,34.65
2695,WALM007,Arlington,Home and lifestyle,37.0,3,12/02/23,8:11:00,Ewallet,9.0,0.48,111.0,53.28
2696,WALM034,College Station,Fashion accessories,39.0,1,08/07/20,10:50:00,Ewallet,4.0,0.48,39.0,18.72
2697,WALM030,Richardson,Home and lifestyle,66.0,3,25/04/20,20:00:00,Ewallet,6.0,0.48,198.0,95.04
2698,WALM072,Lancaster,Fashion accessories,82.0,2,09/10/21,11:28:00,Ewallet,4.0,0.33,164.0,54.12
2699,WALM090,Brownwood,Home and lifestyle,81.0,3,24/02/22,19:15:00,Ewallet,6.0,0.33,243.0,80.19
2700,WALM060,DeSoto,Fashion accessories,41.0,3,09/12/23,17:22:00,Ewallet,5.0,0.33,123.0,40.59
2701,WALM026,Denton,Home and lifestyle,51.0,1,14/10/22,14:36:00,Ewallet,7.0,0.48,51.0,24.48
2702,WALM015,Grand Prairie,Fashion accessories,70.0,3,26/07/23,8:34:00,Ewallet,4.0,0.48,210.0,100.8
2703,WALM080,Nacogdoches,Home and lifestyle,53.0,1,17/07/21,12:50:00,Ewallet,4.0,0.33,53.0,17.49
2704,WALM006,El Paso,Fashion accessories,76.0,3,21/11/20,19:05:00,Ewallet,9.0,0.48,228.0,109.44
2705,WALM010,Laredo,Home and lifestyle,61.0,1,10/03/21,13:39:00,Ewallet,7.0,0.48,61.0,29.28
2706,WALM100,Canyon,Fashion accessories,82.0,2,15/06/23,9:07:00,Ewallet,4.0,0.18,164.0,29.52
2707,WALM085,Kerrville,Home and lifestyle,61.0,1,19/10/23,14:06:00,Ewallet,9.0,0.33,61.0,20.13
2708,WALM072,Lancaster,Fashion accessories,30.0,3,31/05/23,18:49:00,Ewallet,6.0,0.33,90.0,29.7
2709,WALM041,Mission,Home and lifestyle,67.0,3,28/01/20,6:11:00,Ewallet,6.0,0.48,201.0,96.48
2710,WALM097,Alice,Fashion accessories,52.0,3,29/08/22,20:50:00,Ewallet,5.0,0.18,156.0,28.08
2711,WALM048,Harlingen,Home and lifestyle,50.0,1,12/10/23,21:57:00,Ewallet,6.0,0.48,50.0,24.0
2712,WALM079,La Porte,Fashion accessories,38.0,2,13/10/21,17:56:00,Ewallet,8.0,0.33,76.0,25.08
2713,WALM057,Euless,Home and lifestyle,66.0,1,05/06/22,7:25:00,Ewallet,7.0,0.33,66.0,21.78
2714,WALM033,Pearland,Fashion accessories,39.0,3,22/01/22,20:05:00,Ewallet,5.0,0.48,117.0,56.16
2715,WALM009,Plano,Home and lifestyle,45.0,3,23/10/21,22:42:00,Ewallet,8.0,0.48,135.0,64.8
2716,WALM068,Burleson,Fashion accessories,41.0,1,02/07/23,22:52:00,Ewallet,8.0,0.33,41.0,13.53
2717,WALM088,Cleburne,Home and lifestyle,34.0,3,23/01/20,10:25:00,Ewallet,9.0,0.33,102.0,33.66
2718,WALM080,Nacogdoches,Fashion accessories,75.0,2,10/07/20,11:34:00,Ewallet,7.0,0.33,150.0,49.5
2719,WALM014,Amarillo,Home and lifestyle,42.0,1,31/07/23,18:59:00,Ewallet,7.0,0.48,42.0,20.16
2720,WALM010,Laredo,Fashion accessories,51.0,2,04/10/22,9:37:00,Ewallet,7.0,0.48,102.0,48.96
2721,WALM081,Friendswood,Home and lifestyle,69.0,2,18/02/21,10:27:00,Ewallet,8.0,0.33,138.0,45.54
2722,WALM022,Mesquite,Fashion accessories,60.0,2,08/02/21,15:24:00,Ewallet,7.0,0.48,120.0,57.6
2723,WALM053,Conroe,Home and lifestyle,30.0,3,12/12/21,10:55:00,Ewallet,7.0,0.57,90.0,51.3
2724,WALM063,Georgetown,Fashion accessories,21.0,2,08/06/22,9:01:00,Ewallet,4.0,0.33,42.0,13.86
2725,WALM024,Carrollton,Home and lifestyle,20.0,3,23/10/20,19:16:00,Ewallet,8.0,0.48,60.0,28.8
2726,WALM036,Allen,Fashion accessories,66.0,1,12/09/22,7:22:00,Ewallet,8.0,0.48,66.0,31.68
2727,WALM006,El Paso,Home and lifestyle,30.0,1,21/04/22,18:16:00,Ewallet,5.0,0.48,30.0,14.4
2728,WALM030,Richardson,Fashion accessories,57.0,2,08/01/21,17:05:00,Ewallet,6.0,0.48,114.0,54.72
2729,WALM076,Huntsville,Home and lifestyle,77.0,1,16/07/22,22:48:00,Ewallet,8.0,0.33,77.0,25.41
2730,WALM085,Kerrville,Fashion accessories,75.0,3,27/11/20,10:06:00,Ewallet,8.0,0.33,225.0,74.25
2731,WALM062,Galveston,Home and lifestyle,64.0,1,19/12/23,13:27:00,Ewallet,9.0,0.33,64.0,21.12
2732,WALM040,Edinburg,Fashion accessories,44.0,3,24/12/20,11:57:00,Ewallet,7.0,0.48,132.0,63.36
2733,WALM023,Midland,Home and lifestyle,16.0,2,19/06/21,14:34:00,Ewallet,8.0,0.48,32.0,15.36
2734,WALM016,Brownsville,Fashion accessories,69.0,2,02/12/21,18:18:00,Ewallet,9.0,0.48,138.0,66.24
2735,WALM005,Fort Worth,Home and lifestyle,85.0,3,21/07/22,16:40:00,Ewallet,7.0,0.48,255.0,122.4
2736,WALM004,Austin,Fashion accessories,48.0,1,24/06/22,14:38:00,Ewallet,7.0,0.48,48.0,23.04
2737,WALM006,El Paso,Home and lifestyle,67.0,2,01/08/20,12:56:00,Ewallet,4.0,0.48,134.0,64.32
2738,WALM052,Mansfield,Fashion accessories,83.0,2,01/01/21,21:28:00,Ewallet,5.0,0.57,166.0,94.62
2739,WALM076,Huntsville,Home and lifestyle,20.0,3,19/04/21,13:55:00,Ewallet,9.0,0.33,60.0,19.8
2740,WALM018,Frisco,Fashion accessories,71.0,3,27/05/22,11:29:00,Ewallet,4.0,0.48,213.0,102.24
2741,WALM005,Fort Worth,Home and lifestyle,47.0,2,15/07/22,7:13:00,Ewallet,5.0,0.48,94.0,45.12
2742,WALM015,Grand Prairie,Fashion accessories,52.0,1,14/08/20,12:17:00,Ewallet,9.0,0.48,52.0,24.96
2743,WALM037,League City,Home and lifestyle,30.0,2,27/10/20,14:33:00,Ewallet,7.0,0.48,60.0,28.8
2744,WALM007,Arlington,Fashion accessories,25.0,2,02/02/20,14:42:00,Ewallet,6.0,0.48,50.0,24.0
2745,WALM051,New Braunfels,Home and lifestyle,28.0,3,09/08/20,9:26:00,Ewallet,6.0,0.48,84.0,40.32
2746,WALM006,El Paso,Fashion accessories,28.0,2,30/05/23,17:14:00,Ewallet,5.0,0.48,56.0,26.88
2747,WALM016,Brownsville,Home and lifestyle,31.0,2,26/07/23,15:16:00,Ewallet,6.0,0.48,62.0,29.76
2748,WALM090,Brownwood,Fashion accessories,25.0,2,01/07/21,19:22:00,Ewallet,4.0,0.33,50.0,16.5
2749,WALM016,Brownsville,Home and lifestyle,41.0,2,03/03/23,19:45:00,Ewallet,7.0,0.48,82.0,39.36
2750,WALM042,Bryan,Fashion accessories,53.0,2,26/04/21,11:57:00,Ewallet,7.0,0.48,106.0,50.88
2751,WALM091,Little Elm,Home and lifestyle,68.0,1,01/10/20,15:38:00,Ewallet,7.0,0.33,68.0,22.44
2752,WALM044,Pharr,Fashion accessories,53.0,1,04/09/22,7:12:00,Ewallet,4.0,0.48,53.0,25.44
2753,WALM066,Grapevine,Home and lifestyle,76.0,2,22/12/23,16:05:00,Ewallet,4.0,0.33,152.0,50.16
2754,WALM007,Arlington,Fashion accessories,55.0,2,02/02/23,10:29:00,Ewallet,5.0,0.48,110.0,52.8
2755,WALM064,Bedford,Home and lifestyle,41.0,3,29/04/22,7:57:00,Ewallet,9.0,0.33,123.0,40.59
2756,WALM080,Nacogdoches,Fashion accessories,63.0,2,13/04/20,9:46:00,Ewallet,9.0,0.33,126.0,41.58
2757,WALM072,Lancaster,Home and lifestyle,74.0,3,08/11/22,6:07:00,Ewallet,9.0,0.33,222.0,73.26
2758,WALM044,Pharr,Fashion accessories,64.0,3,20/03/23,19:05:00,Ewallet,7.0,0.48,192.0,92.16
2759,WALM096,Eagle Pass,Home and lifestyle,40.0,1,11/10/22,8:28:00,Ewallet,7.0,0.33,40.0,13.2
2760,WALM004,Austin,Fashion accessories,82.0,2,06/08/20,20:55:00,Ewallet,9.0,0.48,164.0,78.72
2761,WALM069,Rockwall,Home and lifestyle,50.0,1,03/03/22,18:58:00,Ewallet,7.0,0.33,50.0,16.5
2762,WALM048,Harlingen,Fashion accessories,66.0,1,23/01/21,11:11:00,Ewallet,6.0,0.48,66.0,31.68
2763,WALM095,Big Spring,Home and lifestyle,55.0,2,07/04/22,17:25:00,Ewallet,4.0,0.33,110.0,36.3
2764,WALM078,Del Rio,Fashion accessories,83.0,3,06/12/23,7:08:00,Ewallet,5.0,0.33,249.0,82.17
2765,WALM085,Kerrville,Home and lifestyle,61.0,3,25/12/23,6:33:00,Ewallet,5.0,0.33,183.0,60.39
2766,WALM063,Georgetown,Fashion accessories,82.0,2,09/05/21,20:18:00,Ewallet,9.0,0.33,164.0,54.12
2767,WALM009,Plano,Home and lifestyle,47.0,3,03/01/21,20:38:00,Ewallet,4.0,0.48,141.0,67.68
2768,WALM002,Dallas,Fashion accessories,58.0,1,16/10/22,11:46:00,Ewallet,4.0,0.36,58.0,20.88
2769,WALM083,Farmers Branch,Home and lifestyle,69.0,2,29/07/20,6:57:00,Ewallet,4.0,0.33,138.0,45.54
2770,WALM096,Eagle Pass,Fashion accessories,82.0,3,10/06/22,10:51:00,Ewallet,6.0,0.18,246.0,44.28
2771,WALM013,Irving,Home and lifestyle,17.0,2,26/05/22,16:58:00,Ewallet,6.0,0.48,34.0,16.32
2772,WALM063,Georgetown,Fashion accessories,67.0,1,23/10/23,20:08:00,Ewallet,5.0,0.33,67.0,22.11
2773,WALM081,Friendswood,Home and lifestyle,80.0,1,03/07/21,12:17:00,Ewallet,5.0,0.33,80.0,26.4
2774,WALM043,Baytown,Fashion accessories,24.0,3,21/12/20,19:28:00,Ewallet,9.0,0.48,72.0,34.56
2775,WALM044,Pharr,Home and lifestyle,30.0,1,11/06/20,9:11:00,Ewallet,8.0,0.48,30.0,14.4
2776,WALM009,Plano,Fashion accessories,40.0,1,16/06/23,20:16:00,Ewallet,6.0,0.48,40.0,19.2
2777,WALM066,Grapevine,Home and lifestyle,71.0,3,21/04/21,10:07:00,Ewallet,8.0,0.33,213.0,70.29
2778,WALM044,Pharr,Fashion accessories,65.0,3,19/03/22,15:28:00,Ewallet,7.0,0.48,195.0,93.6
2779,WALM078,Del Rio,Home and lifestyle,73.0,1,10/02/20,15:02:00,Ewallet,8.0,0.33,73.0,24.09
2780,WALM071,Lufkin,Fashion accessories,74.0,2,27/04/23,8:05:00,Ewallet,5.0,0.33,148.0,48.84
2781,WALM028,Odessa,Home and lifestyle,62.0,2,24/09/22,16:08:00,Ewallet,6.0,0.48,124.0,59.52
2782,WALM021,McAllen,Fashion accessories,23.0,3,27/12/22,21:46:00,Ewallet,9.0,0.48,69.0,33.12
2783,WALM022,Mesquite,Home and lifestyle,34.0,3,07/03/22,18:17:00,Ewallet,5.0,0.48,102.0,48.96
2784,WALM064,Bedford,Fashion accessories,57.0,1,19/05/23,15:04:00,Ewallet,7.0,0.33,57.0,18.81
2785,WALM072,Lancaster,Home and lifestyle,27.0,1,22/09/21,16:08:00,Ewallet,6.0,0.33,27.0,8.91
2786,WALM088,Cleburne,Fashion accessories,36.0,2,27/03/20,21:16:00,Ewallet,9.0,0.33,72.0,23.76
2787,WALM078,Del Rio,Home and lifestyle,51.0,3,08/01/21,18:37:00,Ewallet,6.0,0.33,153.0,50.49
2788,WALM094,Alamo,Fashion accessories,19.0,1,10/05/23,17:16:00,Ewallet,8.0,0.33,19.0,6.27
2789,WALM097,Alice,Home and lifestyle,68.0,3,29/07/23,10:26:00,Ewallet,7.0,0.18,204.0,36.72
2790,WALM090,Brownwood,Fashion accessories,57.0,1,29/11/22,7:16:00,Ewallet,7.0,0.33,57.0,18.81
2791,WALM012,Garland,Home and lifestyle,70.0,3,22/05/23,22:03:00,Ewallet,4.0,0.48,210.0,100.8
2792,WALM014,Amarillo,Fashion accessories,52.0,1,19/08/23,21:42:00,Ewallet,5.0,0.48,52.0,24.96
2793,WALM008,Corpus Christi,Home and lifestyle,15.0,3,09/04/23,14:06:00,Ewallet,5.0,0.48,45.0,21.6
2794,WALM041,Mission,Fashion accessories,22.0,1,03/03/21,6:58:00,Ewallet,7.0,0.48,22.0,10.56
2795,WALM010,Laredo,Home and lifestyle,25.0,2,14/12/20,12:09:00,Ewallet,4.0,0.48,50.0,24.0
2796,WALM080,Nacogdoches,Fashion accessories,68.0,1,18/09/23,17:22:00,Ewallet,7.0,0.33,68.0,22.44
2797,WALM027,Abilene,Home and lifestyle,84.0,3,31/05/23,6:22:00,Ewallet,8.0,0.48,252.0,120.96
2798,WALM066,Grapevine,Fashion accessories,64.0,2,05/02/20,17:02:00,Ewallet,5.0,0.33,128.0,42.24
2799,WALM062,Galveston,Home and lifestyle,78.0,2,13/03/21,19:57:00,Ewallet,8.0,0.33,156.0,51.48
2800,WALM067,Haltom City,Fashion accessories,46.0,1,27/03/23,22:00:00,Ewallet,8.0,0.33,46.0,15.18
2801,WALM058,Port Arthur,Home and lifestyle,81.0,3,18/10/20,18:13:00,Ewallet,4.0,0.33,243.0,80.19
2802,WALM080,Nacogdoches,Fashion accessories,74.0,2,18/02/20,15:19:00,Ewallet,5.0,0.33,148.0,48.84
2803,WALM067,Haltom City,Home and lifestyle,77.0,3,24/01/20,14:14:00,Ewallet,7.0,0.33,231.0,76.23
2804,WALM043,Baytown,Fashion accessories,15.0,3,16/09/23,9:04:00,Ewallet,6.0,0.48,45.0,21.6
2805,WALM100,Canyon,Home and lifestyle,71.0,1,17/03/22,20:16:00,Ewallet,4.0,0.18,71.0,12.78
2806,WALM017,McKinney,Fashion accessories,66.0,2,02/11/20,19:04:00,Ewallet,5.0,0.48,132.0,63.36
2807,WALM076,Huntsville,Home and lifestyle,18.0,1,22/01/23,10:06:00,Ewallet,8.0,0.33,18.0,5.94
2808,WALM026,Denton,Fashion accessories,79.0,3,15/12/22,16:30:00,Ewallet,8.0,0.48,237.0,113.76
2809,WALM026,Denton,Home and lifestyle,61.0,1,09/06/23,18:07:00,Ewallet,6.0,0.48,61.0,29.28
2810,WALM078,Del Rio,Fashion accessories,70.0,1,02/03/21,11:08:00,Ewallet,4.0,0.33,70.0,23.1
2811,WALM059,Pflugerville,Home and lifestyle,57.0,2,25/08/22,9:17:00,Ewallet,9.0,0.33,114.0,37.62
2812,WALM070,Hurst,Fashion accessories,20.0,3,01/06/21,19:22:00,Ewallet,6.0,0.33,60.0,19.8
2813,WALM090,Brownwood,Home and lifestyle,77.0,1,24/02/21,21:50:00,Ewallet,6.0,0.33,77.0,25.41
2814,WALM085,Kerrville,Fashion accessories,73.0,2,23/04/22,20:39:00,Ewallet,6.0,0.33,146.0,48.18
2815,WALM097,Alice,Home and lifestyle,19.0,3,14/02/21,20:42:00,Ewallet,4.0,0.18,57.0,10.26
2816,WALM015,Grand Prairie,Fashion accessories,28.0,2,22/02/22,8:41:00,Ewallet,4.0,0.48,56.0,26.88
2817,WALM030,Richardson,Home and lifestyle,57.0,2,25/01/20,21:41:00,Ewallet,7.0,0.48,114.0,54.72
2818,WALM066,Grapevine,Fashion accessories,29.0,1,11/11/22,15:08:00,Ewallet,6.0,0.33,29.0,9.57
2819,WALM079,La Porte,Home and lifestyle,82.0,1,17/12/20,12:11:00,Ewallet,4.0,0.33,82.0,27.06
2820,WALM023,Midland,Electronic accessories,17.0,1,31/12/22,8:03:00,Ewallet,6.0,0.48,17.0,8.16
2821,WALM013,Irving,Electronic accessories,16.0,1,23/07/23,10:32:00,Ewallet,5.0,0.48,16.0,7.68
2822,WALM100,Canyon,Electronic accessories,52.0,2,01/11/20,6:50:00,Ewallet,5.0,0.18,104.0,18.72
2823,WALM098,Mineral Wells,Electronic accessories,51.0,1,11/11/23,22:48:00,Ewallet,8.0,0.18,51.0,9.18
2824,WALM061,Cedar Park,Electronic accessories,63.0,3,28/09/23,15:42:00,Ewallet,8.0,0.33,189.0,62.37
2825,WALM030,Richardson,Electronic accessories,58.0,3,26/01/22,22:08:00,Ewallet,7.0,0.48,174.0,83.52
2826,WALM016,Brownsville,Electronic accessories,47.0,3,07/08/23,22:20:00,Ewallet,6.0,0.48,141.0,67.68
2827,WALM095,Big Spring,Electronic accessories,75.0,2,12/02/21,12:31:00,Ewallet,8.0,0.33,150.0,49.5
2828,WALM026,Denton,Electronic accessories,15.0,2,10/02/20,10:16:00,Ewallet,9.0,0.48,30.0,14.4
2829,WALM019,Pasadena,Electronic accessories,21.0,2,12/08/21,6:36:00,Ewallet,8.0,0.48,42.0,20.16
2830,WALM061,Cedar Park,Electronic accessories,50.0,3,04/06/20,17:38:00,Ewallet,5.0,0.33,150.0,49.5
2831,WALM013,Irving,Electronic accessories,35.0,2,28/07/22,11:53:00,Ewallet,8.0,0.48,70.0,33.6
2832,WALM080,Nacogdoches,Electronic accessories,24.0,3,20/01/20,15:41:00,Ewallet,8.0,0.33,72.0,23.76
2833,WALM022,Mesquite,Electronic accessories,70.0,2,14/05/22,20:45:00,Ewallet,7.0,0.48,140.0,67.2
2834,WALM016,Brownsville,Electronic accessories,79.0,2,18/02/20,16:56:00,Ewallet,5.0,0.48,158.0,75.84
2835,WALM070,Hurst,Electronic accessories,79.0,2,16/02/23,22:53:00,Ewallet,5.0,0.33,158.0,52.14
2836,WALM072,Lancaster,Electronic accessories,21.0,2,16/06/22,15:05:00,Ewallet,9.0,0.33,42.0,13.86
2837,WALM030,Richardson,Electronic accessories,60.0,2,25/09/23,16:02:00,Ewallet,6.0,0.48,120.0,57.6
2838,WALM057,Euless,Electronic accessories,33.0,3,30/11/21,11:21:00,Ewallet,5.0,0.33,99.0,32.67
2839,WALM058,Port Arthur,Home and lifestyle,51.0,2,05/08/20,14:58:00,Ewallet,8.0,0.33,102.0,33.66
2840,WALM041,Mission,Fashion accessories,27.0,2,21/08/20,12:43:00,Ewallet,7.0,0.48,54.0,25.92
2841,WALM057,Euless,Home and lifestyle,68.0,3,04/01/21,7:12:00,Ewallet,5.0,0.33,204.0,67.32
2842,WALM040,Edinburg,Fashion accessories,48.0,1,21/12/23,10:33:00,Ewallet,9.0,0.48,48.0,23.04
2843,WALM053,Conroe,Home and lifestyle,25.0,1,14/12/21,14:37:00,Ewallet,5.0,0.57,25.0,14.25
2844,WALM037,League City,Fashion accessories,61.0,3,12/02/23,9:47:00,Ewallet,5.0,0.48,183.0,87.84
2845,WALM030,Richardson,Home and lifestyle,24.0,3,26/03/22,17:37:00,Ewallet,7.0,0.48,72.0,34.56
2846,WALM061,Cedar Park,Fashion accessories,70.0,2,05/10/23,7:50:00,Ewallet,4.0,0.33,140.0,46.2
2847,WALM036,Allen,Home and lifestyle,69.0,3,07/12/20,13:37:00,Ewallet,9.0,0.48,207.0,99.36
2848,WALM044,Pharr,Fashion accessories,63.0,1,05/06/21,9:44:00,Ewallet,5.0,0.48,63.0,30.24
2849,WALM078,Del Rio,Home and lifestyle,58.0,3,19/05/20,15:57:00,Ewallet,4.0,0.33,174.0,57.42
2850,WALM088,Cleburne,Fashion accessories,85.0,1,01/03/22,17:17:00,Ewallet,9.0,0.33,85.0,28.05
2851,WALM047,Flower Mound,Home and lifestyle,38.0,3,03/03/22,13:55:00,Ewallet,5.0,0.48,114.0,54.72
2852,WALM020,Killeen,Fashion accessories,44.0,1,07/08/20,21:08:00,Ewallet,6.0,0.48,44.0,21.12
2853,WALM066,Grapevine,Home and lifestyle,66.0,3,24/10/21,15:08:00,Ewallet,7.0,0.33,198.0,65.34
2854,WALM022,Mesquite,Fashion accessories,35.0,1,21/01/22,7:33:00,Ewallet,8.0,0.48,35.0,16.8
2855,WALM043,Baytown,Home and lifestyle,43.0,1,25/10/21,6:04:00,Ewallet,9.0,0.48,43.0,20.64
2856,WALM097,Alice,Fashion accessories,15.0,2,30/03/21,6:40:00,Ewallet,5.0,0.18,30.0,5.4
2857,WALM024,Carrollton,Home and lifestyle,31.0,1,01/03/22,12:33:00,Ewallet,4.0,0.48,31.0,14.88
2858,WALM022,Mesquite,Fashion accessories,29.0,3,27/06/22,20:07:00,Ewallet,5.0,0.48,87.0,41.76
2859,WALM008,Corpus Christi,Home and lifestyle,65.0,2,18/05/22,18:33:00,Ewallet,8.0,0.48,130.0,62.4
2860,WALM094,Alamo,Fashion accessories,33.0,2,12/10/20,16:30:00,Ewallet,9.0,0.33,66.0,21.78
2861,WALM092,Lake Jackson,Home and lifestyle,28.0,1,09/09/21,17:12:00,Ewallet,8.0,0.33,28.0,9.24
2862,WALM009,Plano,Fashion accessories,17.0,3,21/04/23,21:15:00,Ewallet,9.0,0.48,51.0,24.48
2863,WALM028,Odessa,Home and lifestyle,28.0,2,21/11/21,8:09:00,Ewallet,5.0,0.48,56.0,26.88
2864,WALM023,Midland,Fashion accessories,64.0,3,14/12/21,14:29:00,Ewallet,9.0,0.48,192.0,92.16
2865,WALM039,Longview,Home and lifestyle,84.0,3,26/08/23,13:59:00,Ewallet,6.0,0.48,252.0,120.96
2866,WALM053,Conroe,Fashion accessories,25.0,3,04/02/20,19:12:00,Ewallet,7.0,0.21,75.0,15.75
2867,WALM095,Big Spring,Home and lifestyle,57.0,1,01/03/20,20:58:00,Ewallet,6.0,0.33,57.0,18.81
2868,WALM048,Harlingen,Fashion accessories,76.0,3,15/02/21,21:48:00,Ewallet,8.0,0.48,228.0,109.44
2869,WALM061,Cedar Park,Home and lifestyle,53.0,1,29/12/22,7:40:00,Ewallet,5.0,0.33,53.0,17.49
2870,WALM005,Fort Worth,Fashion accessories,40.0,2,19/07/23,17:57:00,Ewallet,6.0,0.48,80.0,38.4
2871,WALM015,Grand Prairie,Home and lifestyle,36.0,2,27/08/20,16:09:00,Ewallet,9.0,0.48,72.0,34.56
2872,WALM085,Kerrville,Fashion accessories,69.0,3,03/05/22,18:17:00,Ewallet,9.0,0.33,207.0,68.31
2873,WALM049,North Richland Hills,Home and lifestyle,17.0,1,11/05/22,19:12:00,Ewallet,7.0,0.48,17.0,8.16
2874,WALM063,Georgetown,Fashion accessories,27.0,1,09/04/23,21:56:00,Ewallet,8.0,0.33,27.0,8.91
2875,WALM010,Laredo,Home and lifestyle,31.0,3,29/06/22,16:13:00,Ewallet,9.0,0.48,93.0,44.64
2876,WALM095,Big Spring,Fashion accessories,82.0,3,29/09/21,21:46:00,Ewallet,5.0,0.33,246.0,81.18
2877,WALM018,Frisco,Home and lifestyle,37.0,3,17/01/21,12:22:00,Ewallet,7.0,0.48,111.0,53.28
2878,WALM007,Arlington,Fashion accessories,69.0,1,04/03/21,13:18:00,Ewallet,6.0,0.48,69.0,33.12
2879,WALM030,Richardson,Home and lifestyle,36.0,3,25/12/23,19:26:00,Ewallet,4.0,0.48,108.0,51.84
2880,WALM045,Missouri City,Fashion accessories,33.0,1,15/03/21,15:08:00,Credit card,5.0,0.48,33.0,15.84
2881,WALM004,Austin,Home and lifestyle,73.0,1,21/05/20,21:22:00,Ewallet,7.0,0.48,73.0,35.04
2882,WALM017,McKinney,Fashion accessories,32.0,1,18/11/23,10:43:00,Ewallet,4.0,0.48,32.0,15.36
2883,WALM078,Del Rio,Home and lifestyle,19.0,2,09/06/21,22:36:00,Ewallet,5.0,0.33,38.0,12.54
2884,WALM016,Brownsville,Fashion accessories,77.0,3,02/07/22,18:50:00,Ewallet,6.0,0.48,231.0,110.88
2885,WALM033,Pearland,Home and lifestyle,78.0,1,14/08/20,20:53:00,Ewallet,7.0,0.48,78.0,37.44
2886,WALM091,Little Elm,Fashion accessories,62.0,3,26/04/20,7:43:00,Ewallet,5.0,0.33,186.0,61.38
2887,WALM028,Odessa,Home and lifestyle,85.0,2,26/02/20,19:58:00,Ewallet,9.0,0.48,170.0,81.6
2888,WALM051,New Braunfels,Fashion accessories,29.0,1,12/06/20,17:33:00,Ewallet,5.0,0.57,29.0,16.53
2889,WALM090,Brownwood,Home and lifestyle,80.0,3,23/12/23,11:19:00,Ewallet,8.0,0.33,240.0,79.2
2890,WALM049,North Richland Hills,Fashion accessories,17.0,3,25/11/22,17:01:00,Ewallet,5.0,0.48,51.0,24.48
2891,WALM096,Eagle Pass,Home and lifestyle,83.0,3,27/10/21,10:32:00,Ewallet,5.0,0.33,249.0,82.17
2892,WALM047,Flower Mound,Fashion accessories,37.0,1,29/06/22,12:48:00,Ewallet,7.0,0.48,37.0,17.76
2893,WALM058,Port Arthur,Home and lifestyle,34.0,2,30/04/22,12:21:00,Ewallet,7.0,0.33,68.0,22.44
2894,WALM078,Del Rio,Fashion accessories,69.0,3,01/05/21,8:50:00,Ewallet,5.0,0.33,207.0,68.31
2895,WALM092,Lake Jackson,Home and lifestyle,16.0,2,19/02/22,15:14:00,Ewallet,8.0,0.33,32.0,10.56
2896,WALM022,Mesquite,Fashion accessories,52.0,1,20/05/22,9:06:00,Ewallet,4.0,0.48,52.0,24.96
2897,WALM097,Alice,Home and lifestyle,16.0,1,01/10/21,8:25:00,Ewallet,8.0,0.18,16.0,2.88
2898,WALM019,Pasadena,Fashion accessories,81.0,3,17/09/21,6:57:00,Ewallet,6.0,0.48,243.0,116.64
2899,WALM042,Bryan,Home and lifestyle,15.0,2,25/06/22,20:50:00,Ewallet,6.0,0.48,30.0,14.4
2900,WALM083,Farmers Branch,Fashion accessories,40.0,3,02/10/21,19:05:00,Ewallet,9.0,0.33,120.0,39.6
2901,WALM092,Lake Jackson,Home and lifestyle,51.0,1,19/05/22,6:53:00,Ewallet,8.0,0.33,51.0,16.83
2902,WALM019,Pasadena,Fashion accessories,30.0,3,13/04/21,13:14:00,Ewallet,5.0,0.48,90.0,43.2
2903,WALM052,Mansfield,Home and lifestyle,48.0,3,20/11/20,16:18:00,Ewallet,6.0,0.57,144.0,82.08
2904,WALM098,Mineral Wells,Fashion accessories,36.0,3,30/05/22,16:36:00,Ewallet,6.0,0.18,108.0,19.44
2905,WALM001,Houston,Home and lifestyle,26.0,1,11/03/21,21:51:00,Ewallet,4.0,0.36,26.0,9.36
2906,WALM080,Nacogdoches,Fashion accessories,78.0,1,19/03/22,7:46:00,Ewallet,6.0,0.33,78.0,25.74
2907,WALM047,Flower Mound,Home and lifestyle,48.0,2,19/04/23,9:23:00,Ewallet,5.0,0.48,96.0,46.08
2908,WALM027,Abilene,Fashion accessories,23.0,3,02/05/22,15:12:00,Ewallet,4.0,0.48,69.0,33.12
2909,WALM052,Mansfield,Home and lifestyle,85.0,3,21/08/21,15:05:00,Ewallet,8.0,0.57,255.0,145.35
2910,WALM053,Conroe,Fashion accessories,48.0,2,25/08/23,11:44:00,Ewallet,8.0,0.21,96.0,20.16
2911,WALM070,Hurst,Home and lifestyle,45.0,2,26/05/22,6:24:00,Ewallet,8.0,0.33,90.0,29.7
2912,WALM049,North Richland Hills,Fashion accessories,73.0,2,06/10/23,22:17:00,Ewallet,9.0,0.48,146.0,70.08
2913,WALM049,North Richland Hills,Home and lifestyle,73.0,2,25/07/21,22:58:00,Ewallet,6.0,0.48,146.0,70.08
2914,WALM071,Lufkin,Fashion accessories,44.0,1,19/05/23,14:28:00,Ewallet,8.0,0.33,44.0,14.52
2915,WALM007,Arlington,Home and lifestyle,66.0,1,22/04/22,13:38:00,Ewallet,4.0,0.48,66.0,31.68
2916,WALM096,Eagle Pass,Fashion accessories,81.0,1,15/10/20,12:46:00,Ewallet,4.0,0.18,81.0,14.58
2917,WALM002,Dallas,Home and lifestyle,63.0,1,26/12/22,16:59:00,Ewallet,7.0,0.36,63.0,22.68
2918,WALM067,Haltom City,Fashion accessories,21.0,1,16/05/21,13:08:00,Ewallet,4.0,0.33,21.0,6.93
2919,WALM067,Haltom City,Home and lifestyle,80.0,3,26/06/22,11:30:00,Ewallet,4.0,0.33,240.0,79.2
2920,WALM098,Mineral Wells,Fashion accessories,67.0,2,26/07/21,18:13:00,Ewallet,8.0,0.18,134.0,24.12
2921,WALM026,Denton,Home and lifestyle,18.0,1,13/12/22,17:47:00,Ewallet,8.0,0.48,18.0,8.64
2922,WALM015,Grand Prairie,Fashion accessories,83.0,2,13/02/23,9:45:00,Ewallet,4.0,0.48,166.0,79.68
2923,WALM013,Irving,Home and lifestyle,64.0,3,06/04/22,16:02:00,Ewallet,5.0,0.48,192.0,92.16
2924,WALM045,Missouri City,Fashion accessories,52.0,1,04/07/21,18:02:00,Credit card,5.0,0.48,52.0,24.96
2925,WALM083,Farmers Branch,Home and lifestyle,84.0,3,28/10/21,22:07:00,Ewallet,9.0,0.33,252.0,83.16
2926,WALM033,Pearland,Fashion accessories,40.0,1,21/10/22,13:47:00,Ewallet,5.0,0.48,40.0,19.2
2927,WALM100,Canyon,Home and lifestyle,51.0,3,02/04/22,6:57:00,Ewallet,7.0,0.18,153.0,27.54
2928,WALM004,Austin,Fashion accessories,62.0,3,06/08/23,12:13:00,Ewallet,7.0,0.48,186.0,89.28
2929,WALM022,Mesquite,Home and lifestyle,57.0,2,16/07/21,8:36:00,Ewallet,8.0,0.48,114.0,54.72
2930,WALM047,Flower Mound,Fashion accessories,66.0,3,15/12/22,8:22:00,Ewallet,5.0,0.48,198.0,95.04
2931,WALM076,Huntsville,Home and lifestyle,71.0,2,09/08/22,11:10:00,Ewallet,6.0,0.33,142.0,46.86
2932,WALM010,Laredo,Fashion accessories,24.0,1,09/03/20,19:11:00,Ewallet,5.0,0.48,24.0,11.52
2933,WALM027,Abilene,Home and lifestyle,83.0,1,16/05/21,13:09:00,Ewallet,9.0,0.48,83.0,39.84
2934,WALM016,Brownsville,Fashion accessories,45.0,1,11/12/22,17:26:00,Ewallet,7.0,0.48,45.0,21.6
2935,WALM062,Galveston,Home and lifestyle,67.0,3,29/03/20,20:50:00,Ewallet,4.0,0.33,201.0,66.33
2936,WALM048,Harlingen,Fashion accessories,81.0,3,27/02/22,18:15:00,Ewallet,8.0,0.48,243.0,116.64
2937,WALM012,Garland,Home and lifestyle,61.0,3,25/11/23,14:25:00,Ewallet,5.0,0.48,183.0,87.84
2938,WALM059,Pflugerville,Fashion accessories,77.0,2,27/10/22,13:52:00,Ewallet,4.0,0.33,154.0,50.82
2939,WALM093,Angleton,Home and lifestyle,30.0,1,06/04/23,19:09:00,Ewallet,6.0,0.33,30.0,9.9
2940,WALM022,Mesquite,Fashion accessories,77.0,2,15/10/20,12:58:00,Ewallet,6.0,0.48,154.0,73.92
2941,WALM033,Pearland,Home and lifestyle,42.0,1,20/02/22,13:55:00,Ewallet,9.0,0.48,42.0,20.16
2942,WALM034,College Station,Fashion accessories,51.0,1,14/11/20,8:47:00,Ewallet,5.0,0.48,51.0,24.48
2943,WALM004,Austin,Home and lifestyle,83.0,2,09/01/22,7:20:00,Ewallet,9.0,0.48,166.0,79.68
2944,WALM100,Canyon,Fashion accessories,32.0,3,30/12/23,22:10:00,Ewallet,4.0,0.18,96.0,17.28
2945,WALM072,Lancaster,Home and lifestyle,26.0,1,26/07/21,15:33:00,Ewallet,5.0,0.33,26.0,8.58
2946,WALM024,Carrollton,Fashion accessories,23.0,1,18/02/23,13:03:00,Ewallet,6.0,0.48,23.0,11.04
2947,WALM040,Edinburg,Home and lifestyle,84.0,1,23/12/23,14:10:00,Ewallet,8.0,0.48,84.0,40.32
2948,WALM091,Little Elm,Fashion accessories,42.0,2,11/02/23,13:36:00,Ewallet,8.0,0.33,84.0,27.72
2949,WALM095,Big Spring,Home and lifestyle,33.0,3,01/03/20,14:25:00,Ewallet,8.0,0.33,99.0,32.67
2950,WALM006,El Paso,Fashion accessories,84.0,2,22/10/21,20:27:00,Ewallet,9.0,0.48,168.0,80.64
2951,WALM007,Arlington,Home and lifestyle,69.0,3,13/02/22,16:19:00,Ewallet,6.0,0.48,207.0,99.36
2952,WALM011,Lubbock,Fashion accessories,54.0,2,08/09/22,16:10:00,Ewallet,5.0,0.48,108.0,51.84
2953,WALM010,Laredo,Home and lifestyle,15.0,1,25/02/21,20:24:00,Ewallet,8.0,0.48,15.0,7.2
2954,WALM081,Friendswood,Fashion accessories,69.0,3,18/05/22,6:20:00,Ewallet,7.0,0.33,207.0,68.31
2955,WALM048,Harlingen,Home and lifestyle,30.0,3,29/09/23,8:35:00,Ewallet,9.0,0.48,90.0,43.2
2956,WALM045,Missouri City,Fashion accessories,48.0,1,15/02/20,10:00:00,Credit card,7.0,0.48,48.0,23.04
2957,WALM077,Coppell,Home and lifestyle,70.0,1,05/05/20,13:33:00,Ewallet,5.0,0.33,70.0,23.1
2958,WALM023,Midland,Fashion accessories,23.0,2,02/12/20,19:52:00,Ewallet,8.0,0.48,46.0,22.08
2959,WALM096,Eagle Pass,Home and lifestyle,64.0,3,01/12/23,6:48:00,Ewallet,5.0,0.33,192.0,63.36
2960,WALM079,La Porte,Fashion accessories,62.0,2,23/04/21,15:42:00,Ewallet,5.0,0.33,124.0,40.92
2961,WALM034,College Station,Home and lifestyle,43.0,3,20/02/22,22:19:00,Ewallet,4.0,0.48,129.0,61.92
2962,WALM049,North Richland Hills,Fashion accessories,64.0,1,03/05/21,15:27:00,Ewallet,7.0,0.48,64.0,30.72
2963,WALM083,Farmers Branch,Home and lifestyle,79.0,2,03/06/21,10:19:00,Ewallet,7.0,0.33,158.0,52.14
2964,WALM005,Fort Worth,Fashion accessories,50.0,1,01/10/22,21:25:00,Ewallet,6.0,0.48,50.0,24.0
2965,WALM018,Frisco,Home and lifestyle,58.0,1,26/12/21,20:38:00,Ewallet,7.0,0.48,58.0,27.84
2966,WALM011,Lubbock,Fashion accessories,41.0,3,28/03/20,7:41:00,Ewallet,5.0,0.48,123.0,59.04
2967,WALM020,Killeen,Home and lifestyle,15.0,3,20/09/21,22:42:00,Ewallet,5.0,0.48,45.0,21.6
2968,WALM047,Flower Mound,Fashion accessories,72.0,1,09/12/22,12:54:00,Ewallet,8.0,0.48,72.0,34.56
2969,WALM062,Galveston,Home and lifestyle,70.0,3,09/05/21,14:48:00,Ewallet,8.0,0.33,210.0,69.3
2970,WALM079,La Porte,Fashion accessories,42.0,3,29/10/23,13:32:00,Ewallet,4.0,0.33,126.0,41.58
2971,WALM028,Odessa,Home and lifestyle,41.0,2,01/09/21,22:09:00,Ewallet,7.0,0.48,82.0,39.36
2972,WALM085,Kerrville,Fashion accessories,18.0,1,27/02/20,13:12:00,Ewallet,6.0,0.33,18.0,5.94
2973,WALM020,Killeen,Home and lifestyle,20.0,2,14/06/21,6:40:00,Ewallet,5.0,0.48,40.0,19.2
2974,WALM009,Plano,Fashion accessories,57.0,2,18/07/22,18:21:00,Ewallet,5.0,0.48,114.0,54.72
2975,WALM009,Plano,Home and lifestyle,54.0,2,05/11/23,18:09:00,Ewallet,4.0,0.48,108.0,51.84
2976,WALM005,Fort Worth,Fashion accessories,45.0,2,19/11/21,10:36:00,Ewallet,4.0,0.48,90.0,43.2
2977,WALM015,Grand Prairie,Home and lifestyle,35.0,3,02/10/23,18:19:00,Ewallet,9.0,0.48,105.0,50.4
2978,WALM010,Laredo,Fashion accessories,63.0,2,08/01/21,14:00:00,Ewallet,7.0,0.48,126.0,60.48
2979,WALM017,McKinney,Home and lifestyle,82.0,2,05/10/21,6:47:00,Ewallet,7.0,0.48,164.0,78.72
2980,WALM063,Georgetown,Fashion accessories,31.0,3,07/09/23,17:20:00,Ewallet,8.0,0.33,93.0,30.69
2981,WALM059,Pflugerville,Home and lifestyle,59.0,3,28/02/22,22:11:00,Ewallet,8.0,0.33,177.0,58.41
2982,WALM063,Georgetown,Fashion accessories,27.0,3,13/09/20,23:00:00,Ewallet,5.0,0.33,81.0,26.73
2983,WALM041,Mission,Home and lifestyle,69.0,1,03/03/20,8:08:00,Ewallet,8.0,0.48,69.0,33.12
2984,WALM004,Austin,Fashion accessories,45.0,3,25/06/21,15:59:00,Ewallet,9.0,0.48,135.0,64.8
2985,WALM088,Cleburne,Home and lifestyle,50.0,3,14/09/22,12:58:00,Ewallet,8.0,0.33,150.0,49.5
2986,WALM060,DeSoto,Fashion accessories,29.0,3,04/03/22,17:07:00,Ewallet,6.0,0.33,87.0,28.71
2987,WALM064,Bedford,Home and lifestyle,32.0,3,09/10/22,13:50:00,Ewallet,8.0,0.33,96.0,31.68
2988,WALM078,Del Rio,Fashion accessories,41.0,2,28/04/20,6:04:00,Ewallet,6.0,0.33,82.0,27.06
2989,WALM062,Galveston,Home and lifestyle,76.0,2,04/07/21,21:07:00,Ewallet,8.0,0.33,152.0,50.16
2990,WALM090,Brownwood,Fashion accessories,58.0,3,29/04/22,15:54:00,Ewallet,4.0,0.33,174.0,57.42
2991,WALM021,McAllen,Home and lifestyle,28.0,3,18/10/21,18:57:00,Ewallet,8.0,0.48,84.0,40.32
2992,WALM016,Brownsville,Fashion accessories,55.0,3,09/02/23,12:27:00,Ewallet,6.0,0.48,165.0,79.2
2993,WALM042,Bryan,Home and lifestyle,42.0,2,30/03/20,10:57:00,Ewallet,6.0,0.48,84.0,40.32
2994,WALM006,El Paso,Fashion accessories,69.0,1,03/10/23,16:46:00,Ewallet,4.0,0.48,69.0,33.12
2995,WALM028,Odessa,Home and lifestyle,50.0,3,26/07/21,20:11:00,Ewallet,7.0,0.48,150.0,72.0
2996,WALM031,Lewisville,Fashion accessories,34.0,1,25/11/22,18:05:00,Ewallet,5.0,0.48,34.0,16.32
2997,WALM061,Cedar Park,Home and lifestyle,43.0,2,28/09/21,12:37:00,Ewallet,9.0,0.33,86.0,28.38
2998,WALM095,Big Spring,Fashion accessories,84.0,1,27/03/21,15:29:00,Ewallet,5.0,0.33,84.0,27.72
2999,WALM051,New Braunfels,Home and lifestyle,73.0,3,27/07/23,20:30:00,Ewallet,9.0,0.48,219.0,105.12
3000,WALM022,Mesquite,Fashion accessories,60.0,2,02/10/20,7:16:00,Ewallet,8.0,0.48,120.0,57.6
3001,WALM061,Cedar Park,Home and lifestyle,79.0,3,04/08/23,21:55:00,Ewallet,9.0,0.33,237.0,78.21
3002,WALM072,Lancaster,Fashion accessories,79.0,2,19/10/23,19:27:00,Ewallet,4.0,0.33,158.0,52.14
3003,WALM098,Mineral Wells,Home and lifestyle,29.0,3,03/09/22,17:48:00,Ewallet,6.0,0.18,87.0,15.66
3004,WALM088,Cleburne,Fashion accessories,33.0,3,19/04/22,22:50:00,Ewallet,8.0,0.33,99.0,32.67
3005,WALM094,Alamo,Home and lifestyle,17.0,2,06/12/22,12:19:00,Ewallet,5.0,0.33,34.0,11.22
3006,WALM076,Huntsville,Fashion accessories,83.0,3,15/06/23,19:34:00,Ewallet,8.0,0.33,249.0,82.17
3007,WALM008,Corpus Christi,Home and lifestyle,64.0,1,14/10/22,17:41:00,Ewallet,9.0,0.48,64.0,30.72
3008,WALM070,Hurst,Fashion accessories,69.0,3,30/11/21,17:18:00,Ewallet,4.0,0.33,207.0,68.31
3009,WALM009,Plano,Home and lifestyle,73.0,1,30/09/23,20:30:00,Ewallet,9.0,0.48,73.0,35.04
3010,WALM016,Brownsville,Fashion accessories,58.0,3,02/06/23,14:51:00,Ewallet,6.0,0.48,174.0,83.52
3011,WALM085,Kerrville,Home and lifestyle,67.0,1,24/02/20,10:37:00,Ewallet,9.0,0.33,67.0,22.11
3012,WALM019,Pasadena,Fashion accessories,76.0,2,13/08/23,17:28:00,Ewallet,7.0,0.48,152.0,72.96
3013,WALM060,DeSoto,Home and lifestyle,58.0,1,01/03/21,8:17:00,Ewallet,6.0,0.33,58.0,19.14
3014,WALM061,Cedar Park,Fashion accessories,66.0,3,27/04/20,14:02:00,Ewallet,6.0,0.33,198.0,65.34
3015,WALM001,Houston,Home and lifestyle,60.0,3,09/12/20,15:01:00,Ewallet,7.0,0.36,180.0,64.8
3016,WALM077,Coppell,Fashion accessories,42.0,1,19/08/21,22:06:00,Ewallet,4.0,0.33,42.0,13.86
3017,WALM043,Baytown,Home and lifestyle,35.0,1,25/03/21,9:49:00,Ewallet,6.0,0.48,35.0,16.8
3018,WALM076,Huntsville,Fashion accessories,67.0,2,03/02/23,7:59:00,Ewallet,6.0,0.33,134.0,44.22
3019,WALM067,Haltom City,Home and lifestyle,75.0,3,31/01/21,16:39:00,Ewallet,5.0,0.33,225.0,74.25
3020,WALM066,Grapevine,Fashion accessories,85.0,1,11/02/20,12:26:00,Ewallet,7.0,0.33,85.0,28.05
3021,WALM079,La Porte,Home and lifestyle,32.0,2,05/12/20,10:40:00,Ewallet,5.0,0.33,64.0,21.12
3022,WALM058,Port Arthur,Fashion accessories,27.0,3,23/02/23,7:16:00,Ewallet,4.0,0.33,81.0,26.73
3023,WALM011,Lubbock,Home and lifestyle,68.0,2,23/06/20,22:57:00,Ewallet,5.0,0.48,136.0,65.28
3024,WALM059,Pflugerville,Fashion accessories,42.0,2,24/08/23,9:19:00,Ewallet,9.0,0.33,84.0,27.72
3025,WALM017,McKinney,Home and lifestyle,35.0,3,17/08/22,12:13:00,Ewallet,8.0,0.48,105.0,50.4
3026,WALM079,La Porte,Fashion accessories,35.0,3,20/07/23,11:46:00,Ewallet,7.0,0.33,105.0,34.65
3027,WALM036,Allen,Home and lifestyle,85.0,3,21/02/23,6:10:00,Ewallet,6.0,0.48,255.0,122.4
3028,WALM018,Frisco,Fashion accessories,41.0,2,30/07/22,13:09:00,Ewallet,5.0,0.48,82.0,39.36
3029,WALM001,Houston,Home and lifestyle,59.0,3,25/01/22,7:36:00,Ewallet,7.0,0.36,177.0,63.72
3030,WALM044,Pharr,Fashion accessories,43.0,3,03/07/22,11:55:00,Ewallet,6.0,0.48,129.0,61.92
3031,WALM004,Austin,Home and lifestyle,46.0,1,14/07/20,22:35:00,Ewallet,6.0,0.48,46.0,22.08
3032,WALM023,Midland,Fashion accessories,71.0,2,06/06/23,16:25:00,Ewallet,6.0,0.48,142.0,68.16
3033,WALM053,Conroe,Home and lifestyle,85.0,1,12/09/23,10:16:00,Ewallet,8.0,0.57,85.0,48.45
3034,WALM002,Dallas,Fashion accessories,36.0,3,30/06/21,17:40:00,Ewallet,7.0,0.36,108.0,38.88
3035,WALM026,Denton,Home and lifestyle,84.0,2,15/04/20,18:49:00,Ewallet,9.0,0.48,168.0,80.64
3036,WALM064,Bedford,Fashion accessories,19.0,3,29/04/23,7:46:00,Ewallet,5.0,0.33,57.0,18.81
3037,WALM042,Bryan,Home and lifestyle,54.0,2,07/10/20,15:40:00,Ewallet,9.0,0.48,108.0,51.84
3038,WALM080,Nacogdoches,Fashion accessories,41.0,3,07/12/20,8:20:00,Ewallet,9.0,0.33,123.0,40.59
3039,WALM020,Killeen,Home and lifestyle,32.0,1,18/07/23,12:11:00,Ewallet,9.0,0.48,32.0,15.36
3040,WALM095,Big Spring,Fashion accessories,50.0,2,26/10/23,11:59:00,Ewallet,8.0,0.33,100.0,33.0
3041,WALM037,League City,Home and lifestyle,57.0,1,26/05/20,6:48:00,Ewallet,4.0,0.48,57.0,27.36
3042,WALM069,Rockwall,Fashion accessories,20.0,1,27/08/20,15:38:00,Ewallet,9.0,0.33,20.0,6.6
3043,WALM085,Kerrville,Home and lifestyle,83.0,1,19/03/20,9:44:00,Ewallet,9.0,0.33,83.0,27.39
3044,WALM048,Harlingen,Fashion accessories,54.0,1,01/11/20,7:57:00,Ewallet,4.0,0.48,54.0,25.92
3045,WALM024,Carrollton,Home and lifestyle,43.0,3,27/11/22,11:52:00,Ewallet,4.0,0.48,129.0,61.92
3046,WALM018,Frisco,Fashion accessories,35.0,3,05/08/21,16:17:00,Ewallet,9.0,0.48,105.0,50.4
3047,WALM061,Cedar Park,Home and lifestyle,59.0,3,14/08/21,20:25:00,Ewallet,7.0,0.33,177.0,58.41
3048,WALM063,Georgetown,Fashion accessories,42.0,3,09/12/21,18:09:00,Ewallet,6.0,0.33,126.0,41.58
3049,WALM096,Eagle Pass,Home and lifestyle,67.0,3,12/08/23,14:55:00,Ewallet,5.0,0.33,201.0,66.33
3050,WALM004,Austin,Fashion accessories,72.0,3,19/02/22,22:30:00,Ewallet,4.0,0.48,216.0,103.68
3051,WALM093,Angleton,Home and lifestyle,20.0,2,18/01/23,7:24:00,Ewallet,8.0,0.33,40.0,13.2
3052,WALM091,Little Elm,Fashion accessories,81.0,1,24/04/20,13:22:00,Ewallet,4.0,0.33,81.0,26.73
3053,WALM016,Brownsville,Home and lifestyle,62.0,3,30/05/23,6:24:00,Ewallet,5.0,0.48,186.0,89.28
3054,WALM069,Rockwall,Fashion accessories,56.0,1,23/01/20,21:01:00,Ewallet,7.0,0.33,56.0,18.48
3055,WALM006,El Paso,Home and lifestyle,16.0,3,18/11/22,20:47:00,Ewallet,9.0,0.48,48.0,23.04
3056,WALM023,Midland,Fashion accessories,22.0,3,11/09/23,9:00:00,Ewallet,5.0,0.48,66.0,31.68
3057,WALM013,Irving,Home and lifestyle,18.0,2,27/02/21,16:41:00,Ewallet,6.0,0.48,36.0,17.28
3058,WALM036,Allen,Fashion accessories,22.0,1,17/12/20,10:02:00,Ewallet,9.0,0.48,22.0,10.56
3059,WALM052,Mansfield,Home and lifestyle,62.0,3,23/03/22,19:08:00,Ewallet,8.0,0.57,186.0,106.02
3060,WALM052,Mansfield,Fashion accessories,21.0,1,24/07/23,9:07:00,Ewallet,6.0,0.57,21.0,11.97
3061,WALM005,Fort Worth,Home and lifestyle,43.0,3,01/07/20,12:42:00,Ewallet,6.0,0.48,129.0,61.92
3062,WALM078,Del Rio,Fashion accessories,15.0,1,14/01/21,13:17:00,Ewallet,9.0,0.33,15.0,4.95
3063,WALM049,North Richland Hills,Home and lifestyle,72.0,3,12/02/23,9:07:00,Ewallet,9.0,0.48,216.0,103.68
3064,WALM063,Georgetown,Fashion accessories,46.0,2,19/03/22,11:28:00,Ewallet,9.0,0.33,92.0,30.36
3065,WALM030,Richardson,Home and lifestyle,17.0,2,22/11/20,19:21:00,Ewallet,9.0,0.48,34.0,16.32
3066,WALM076,Huntsville,Fashion accessories,61.0,2,25/12/23,17:24:00,Ewallet,9.0,0.33,122.0,40.26
3067,WALM047,Flower Mound,Home and lifestyle,45.0,1,31/01/21,18:41:00,Ewallet,8.0,0.48,45.0,21.6
3068,WALM026,Denton,Fashion accessories,24.0,1,15/05/22,10:52:00,Ewallet,8.0,0.48,24.0,11.52
3069,WALM015,Grand Prairie,Home and lifestyle,82.0,2,27/11/20,6:36:00,Ewallet,7.0,0.48,164.0,78.72
3070,WALM027,Abilene,Fashion accessories,41.0,2,06/09/23,21:14:00,Ewallet,8.0,0.48,82.0,39.36
3071,WALM020,Killeen,Home and lifestyle,33.0,1,19/06/23,10:23:00,Ewallet,6.0,0.48,33.0,15.84
3072,WALM058,Port Arthur,Fashion accessories,80.0,2,09/09/20,13:00:00,Ewallet,9.0,0.33,160.0,52.8
3073,WALM031,Lewisville,Home and lifestyle,17.0,1,22/01/23,7:31:00,Ewallet,4.0,0.48,17.0,8.16
3074,WALM048,Harlingen,Fashion accessories,15.0,1,06/05/23,10:58:00,Ewallet,7.0,0.48,15.0,7.2
3075,WALM044,Pharr,Home and lifestyle,19.0,1,07/08/23,14:03:00,Ewallet,6.0,0.48,19.0,9.12
3076,WALM012,Garland,Fashion accessories,78.0,3,09/05/22,10:19:00,Ewallet,7.0,0.48,234.0,112.32
3077,WALM060,DeSoto,Home and lifestyle,68.0,2,22/07/22,14:15:00,Ewallet,5.0,0.33,136.0,44.88
3078,WALM047,Flower Mound,Fashion accessories,57.0,2,07/03/21,18:46:00,Ewallet,6.0,0.48,114.0,54.72
3079,WALM076,Huntsville,Home and lifestyle,73.0,3,30/05/22,12:48:00,Ewallet,7.0,0.33,219.0,72.27
3080,WALM098,Mineral Wells,Fashion accessories,74.0,1,25/11/22,17:10:00,Ewallet,5.0,0.18,74.0,13.32
3081,WALM007,Arlington,Home and lifestyle,40.0,1,20/04/20,16:57:00,Ewallet,5.0,0.48,40.0,19.2
3082,WALM059,Pflugerville,Fashion accessories,18.0,3,03/01/23,10:39:00,Ewallet,7.0,0.33,54.0,17.82
3083,WALM078,Del Rio,Home and lifestyle,30.0,2,01/09/21,8:12:00,Ewallet,9.0,0.33,60.0,19.8
3084,WALM083,Farmers Branch,Fashion accessories,33.0,3,08/09/22,17:19:00,Ewallet,5.0,0.33,99.0,32.67
3085,WALM017,McKinney,Home and lifestyle,17.0,3,16/04/23,17:02:00,Ewallet,6.0,0.48,51.0,24.48
3086,WALM011,Lubbock,Fashion accessories,73.0,1,13/05/21,6:25:00,Ewallet,9.0,0.48,73.0,35.04
3087,WALM077,Coppell,Home and lifestyle,21.0,3,01/01/20,14:23:00,Ewallet,9.0,0.33,63.0,20.79
3088,WALM041,Mission,Fashion accessories,27.0,2,20/01/20,13:25:00,Ewallet,9.0,0.48,54.0,25.92
3089,WALM022,Mesquite,Home and lifestyle,27.0,3,01/04/20,6:34:00,Ewallet,5.0,0.48,81.0,38.88
3090,WALM039,Longview,Fashion accessories,36.0,1,18/08/21,19:45:00,Ewallet,9.0,0.48,36.0,17.28
3091,WALM001,Houston,Home and lifestyle,47.0,1,25/07/23,10:22:00,Ewallet,4.0,0.36,47.0,16.92
3092,WALM085,Kerrville,Fashion accessories,68.0,3,21/06/22,19:49:00,Ewallet,9.0,0.33,204.0,67.32
3093,WALM067,Haltom City,Home and lifestyle,64.0,3,08/04/23,7:56:00,Ewallet,6.0,0.33,192.0,63.36
3094,WALM002,Dallas,Fashion accessories,71.0,3,23/01/22,10:41:00,Ewallet,6.0,0.36,213.0,76.68
3095,WALM093,Angleton,Home and lifestyle,84.0,3,03/09/22,18:43:00,Ewallet,7.0,0.33,252.0,83.16
3096,WALM001,Houston,Fashion accessories,29.0,3,19/11/22,19:26:00,Ewallet,4.0,0.36,87.0,31.32
3097,WALM060,DeSoto,Home and lifestyle,20.0,3,07/07/20,7:05:00,Ewallet,8.0,0.33,60.0,19.8
3098,WALM024,Carrollton,Fashion accessories,56.0,1,20/09/21,17:11:00,Ewallet,5.0,0.48,56.0,26.88
3099,WALM026,Denton,Home and lifestyle,47.0,2,27/11/23,13:36:00,Ewallet,5.0,0.48,94.0,45.12
3100,WALM083,Farmers Branch,Fashion accessories,62.0,2,20/07/20,14:52:00,Ewallet,7.0,0.33,124.0,40.92
3101,WALM093,Angleton,Home and lifestyle,21.0,3,26/01/23,7:44:00,Ewallet,9.0,0.33,63.0,20.79
3102,WALM042,Bryan,Fashion accessories,81.0,1,29/12/21,14:54:00,Ewallet,8.0,0.48,81.0,38.88
3103,WALM002,Dallas,Home and lifestyle,83.0,1,22/01/22,8:46:00,Ewallet,8.0,0.36,83.0,29.88
3104,WALM057,Euless,Fashion accessories,46.0,3,30/08/23,18:56:00,Ewallet,4.0,0.33,138.0,45.54
3105,WALM033,Pearland,Home and lifestyle,18.0,3,03/02/20,13:16:00,Ewallet,9.0,0.48,54.0,25.92
3106,WALM066,Grapevine,Fashion accessories,16.0,2,02/12/20,13:08:00,Ewallet,7.0,0.33,32.0,10.56
3107,WALM092,Lake Jackson,Home and lifestyle,18.0,1,01/07/22,9:46:00,Ewallet,8.0,0.33,18.0,5.94
3108,WALM022,Mesquite,Fashion accessories,78.0,3,06/05/20,18:01:00,Ewallet,5.0,0.48,234.0,112.32
3109,WALM005,Fort Worth,Home and lifestyle,31.0,2,02/07/22,13:28:00,Ewallet,5.0,0.48,62.0,29.76
3110,WALM039,Longview,Fashion accessories,15.0,1,07/01/23,10:30:00,Ewallet,9.0,0.48,15.0,7.2
3111,WALM004,Austin,Home and lifestyle,32.0,2,14/09/21,9:34:00,Ewallet,6.0,0.48,64.0,30.72
3112,WALM079,La Porte,Fashion accessories,37.0,3,09/11/23,22:01:00,Ewallet,5.0,0.33,111.0,36.63
3113,WALM085,Kerrville,Home and lifestyle,54.0,1,08/05/23,20:01:00,Ewallet,4.0,0.33,54.0,17.82
3114,WALM021,McAllen,Fashion accessories,74.0,1,22/04/21,10:03:00,Ewallet,6.0,0.48,74.0,35.52
3115,WALM001,Houston,Home and lifestyle,35.0,1,19/11/21,17:54:00,Ewallet,4.0,0.36,35.0,12.6
3116,WALM010,Laredo,Fashion accessories,68.0,3,28/06/23,19:49:00,Ewallet,7.0,0.48,204.0,97.92
3117,WALM037,League City,Home and lifestyle,28.0,1,18/11/20,19:49:00,Ewallet,7.0,0.48,28.0,13.44
3118,WALM062,Galveston,Fashion accessories,63.0,3,13/08/20,8:21:00,Ewallet,8.0,0.33,189.0,62.37
3119,WALM047,Flower Mound,Home and lifestyle,74.0,2,21/04/22,19:33:00,Ewallet,4.0,0.48,148.0,71.04
3120,WALM093,Angleton,Fashion accessories,55.0,2,10/09/21,20:42:00,Ewallet,7.0,0.33,110.0,36.3
3121,WALM005,Fort Worth,Home and lifestyle,18.0,3,15/02/21,22:27:00,Ewallet,9.0,0.48,54.0,25.92
3122,WALM045,Missouri City,Fashion accessories,56.0,3,21/10/22,15:11:00,Credit card,8.0,0.48,168.0,80.64
3123,WALM048,Harlingen,Home and lifestyle,15.0,2,07/12/21,6:51:00,Ewallet,8.0,0.48,30.0,14.4
3124,WALM098,Mineral Wells,Fashion accessories,49.0,2,08/11/21,10:07:00,Ewallet,6.0,0.18,98.0,17.64
3125,WALM068,Burleson,Home and lifestyle,50.0,2,02/03/21,9:22:00,Ewallet,4.0,0.33,100.0,33.0
3126,WALM011,Lubbock,Fashion accessories,52.0,3,23/12/20,15:09:00,Ewallet,8.0,0.48,156.0,74.88
3127,WALM008,Corpus Christi,Home and lifestyle,57.0,3,03/07/20,19:25:00,Ewallet,8.0,0.48,171.0,82.08
3128,WALM033,Pearland,Fashion accessories,21.0,1,07/03/20,19:10:00,Ewallet,8.0,0.48,21.0,10.08
3129,WALM007,Arlington,Home and lifestyle,40.0,1,20/03/22,11:34:00,Ewallet,8.0,0.48,40.0,19.2
3130,WALM079,La Porte,Fashion accessories,63.0,1,25/01/23,16:07:00,Ewallet,5.0,0.33,63.0,20.79
3131,WALM034,College Station,Home and lifestyle,27.0,1,17/04/21,13:00:00,Ewallet,4.0,0.48,27.0,12.96
3132,WALM005,Fort Worth,Fashion accessories,57.0,3,29/05/23,14:36:00,Ewallet,7.0,0.48,171.0,82.08
3133,WALM004,Austin,Home and lifestyle,82.0,3,26/06/20,12:45:00,Ewallet,6.0,0.48,246.0,118.08
3134,WALM040,Edinburg,Fashion accessories,85.0,2,29/08/20,21:39:00,Ewallet,4.0,0.48,170.0,81.6
3135,WALM096,Eagle Pass,Home and lifestyle,85.0,1,19/08/20,19:09:00,Ewallet,8.0,0.33,85.0,28.05
3136,WALM088,Cleburne,Fashion accessories,58.0,2,17/07/22,8:44:00,Ewallet,4.0,0.33,116.0,38.28
3137,WALM071,Lufkin,Home and lifestyle,36.0,3,12/06/22,13:08:00,Ewallet,6.0,0.33,108.0,35.64
3138,WALM060,DeSoto,Fashion accessories,43.0,2,18/09/21,10:18:00,Ewallet,6.0,0.33,86.0,28.38
3139,WALM017,McKinney,Home and lifestyle,45.0,3,07/10/23,6:39:00,Ewallet,6.0,0.48,135.0,64.8
3140,WALM053,Conroe,Fashion accessories,40.0,1,13/05/21,9:10:00,Ewallet,4.0,0.21,40.0,8.4
3141,WALM091,Little Elm,Home and lifestyle,49.0,2,01/03/22,12:25:00,Ewallet,6.0,0.33,98.0,32.34
3142,WALM004,Austin,Fashion accessories,67.0,2,10/02/20,7:49:00,Ewallet,6.0,0.48,134.0,64.32
3143,WALM042,Bryan,Home and lifestyle,25.0,3,10/09/21,18:20:00,Ewallet,6.0,0.48,75.0,36.0
3144,WALM092,Lake Jackson,Fashion accessories,61.0,3,22/05/22,16:15:00,Ewallet,6.0,0.33,183.0,60.39
3145,WALM045,Missouri City,Home and lifestyle,64.0,3,05/05/20,13:36:00,Credit card,8.0,0.48,192.0,92.16
3146,WALM053,Conroe,Fashion accessories,77.0,1,17/04/21,17:12:00,Ewallet,7.0,0.21,77.0,16.17
3147,WALM083,Farmers Branch,Home and lifestyle,85.0,2,13/02/21,22:58:00,Ewallet,8.0,0.33,170.0,56.1
3148,WALM001,Houston,Fashion accessories,54.0,1,07/04/20,19:20:00,Ewallet,5.0,0.36,54.0,19.44
3149,WALM094,Alamo,Home and lifestyle,60.0,1,22/10/21,13:06:00,Ewallet,6.0,0.33,60.0,19.8
3150,WALM023,Midland,Fashion accessories,78.0,3,27/04/23,16:52:00,Ewallet,9.0,0.48,234.0,112.32
3151,WALM051,New Braunfels,Home and lifestyle,64.0,1,26/09/23,12:03:00,Ewallet,8.0,0.48,64.0,30.72
3152,WALM019,Pasadena,Fashion accessories,63.0,2,30/09/22,19:15:00,Ewallet,7.0,0.48,126.0,60.48
3153,WALM011,Lubbock,Home and lifestyle,58.0,3,30/10/23,14:54:00,Ewallet,8.0,0.48,174.0,83.52
3154,WALM015,Grand Prairie,Fashion accessories,62.0,2,03/06/21,9:24:00,Ewallet,5.0,0.48,124.0,59.52
3155,WALM008,Corpus Christi,Home and lifestyle,52.0,3,08/05/21,21:07:00,Ewallet,6.0,0.48,156.0,74.88
3156,WALM049,North Richland Hills,Fashion accessories,43.0,3,18/12/20,8:38:00,Ewallet,5.0,0.48,129.0,61.92
3157,WALM040,Edinburg,Home and lifestyle,21.0,1,26/10/21,7:17:00,Ewallet,4.0,0.48,21.0,10.08
3158,WALM057,Euless,Fashion accessories,30.0,3,26/03/20,18:40:00,Ewallet,4.0,0.33,90.0,29.7
3159,WALM076,Huntsville,Home and lifestyle,47.0,3,12/08/21,19:16:00,Ewallet,8.0,0.33,141.0,46.53
3160,WALM053,Conroe,Fashion accessories,42.0,1,26/06/23,6:58:00,Ewallet,9.0,0.21,42.0,8.82
3161,WALM064,Bedford,Home and lifestyle,63.0,1,07/05/22,15:23:00,Ewallet,9.0,0.33,63.0,20.79
3162,WALM007,Arlington,Fashion accessories,51.0,2,27/07/23,9:53:00,Ewallet,8.0,0.48,102.0,48.96
3163,WALM061,Cedar Park,Home and lifestyle,54.0,3,30/09/21,6:49:00,Ewallet,5.0,0.33,162.0,53.46
3164,WALM100,Canyon,Fashion accessories,17.0,3,28/09/23,12:53:00,Ewallet,6.0,0.18,51.0,9.18
3165,WALM080,Nacogdoches,Home and lifestyle,51.0,2,28/06/20,21:27:00,Ewallet,6.0,0.33,102.0,33.66
3166,WALM071,Lufkin,Fashion accessories,30.0,2,07/09/22,18:19:00,Ewallet,8.0,0.33,60.0,19.8
3167,WALM047,Flower Mound,Home and lifestyle,33.0,2,15/06/23,10:00:00,Ewallet,7.0,0.48,66.0,31.68
3168,WALM052,Mansfield,Fashion accessories,43.0,1,01/05/21,9:15:00,Ewallet,7.0,0.57,43.0,24.51
3169,WALM015,Grand Prairie,Home and lifestyle,42.0,3,01/05/22,9:56:00,Ewallet,5.0,0.48,126.0,60.48
3170,WALM063,Georgetown,Fashion accessories,53.0,3,21/02/23,12:01:00,Ewallet,4.0,0.33,159.0,52.47
3171,WALM047,Flower Mound,Home and lifestyle,71.0,3,06/05/23,7:03:00,Ewallet,6.0,0.48,213.0,102.24
3172,WALM076,Huntsville,Fashion accessories,24.0,1,12/01/21,9:32:00,Ewallet,8.0,0.33,24.0,7.92
3173,WALM012,Garland,Home and lifestyle,72.0,3,30/03/21,21:38:00,Ewallet,4.0,0.48,216.0,103.68
3174,WALM071,Lufkin,Fashion accessories,37.0,2,05/01/22,6:28:00,Ewallet,4.0,0.33,74.0,24.42
3175,WALM059,Pflugerville,Home and lifestyle,44.0,3,01/07/21,13:33:00,Ewallet,6.0,0.33,132.0,43.56
3176,WALM026,Denton,Fashion accessories,41.0,3,25/06/23,21:37:00,Ewallet,5.0,0.48,123.0,59.04
3177,WALM018,Frisco,Home and lifestyle,18.0,2,10/10/22,18:24:00,Ewallet,6.0,0.48,36.0,17.28
3178,WALM096,Eagle Pass,Fashion accessories,53.0,2,26/06/21,17:52:00,Ewallet,9.0,0.18,106.0,19.08
3179,WALM062,Galveston,Home and lifestyle,80.0,1,04/10/23,15:10:00,Ewallet,6.0,0.33,80.0,26.4
3180,WALM049,North Richland Hills,Fashion accessories,36.0,1,27/10/21,10:38:00,Ewallet,6.0,0.48,36.0,17.28
3181,WALM027,Abilene,Home and lifestyle,82.0,1,03/01/21,14:34:00,Ewallet,4.0,0.48,82.0,39.36
3182,WALM057,Euless,Fashion accessories,69.0,2,25/03/20,22:24:00,Ewallet,6.0,0.33,138.0,45.54
3183,WALM039,Longview,Home and lifestyle,52.0,1,11/11/23,7:32:00,Ewallet,8.0,0.48,52.0,24.96
3184,WALM014,Amarillo,Fashion accessories,48.0,3,31/05/23,17:52:00,Ewallet,7.0,0.48,144.0,69.12
3185,WALM058,Port Arthur,Home and lifestyle,80.0,2,19/03/20,13:01:00,Ewallet,9.0,0.33,160.0,52.8
3186,WALM009,Plano,Fashion accessories,75.0,1,09/05/21,16:30:00,Ewallet,6.0,0.48,75.0,36.0
3187,WALM096,Eagle Pass,Home and lifestyle,50.0,1,27/10/22,20:53:00,Ewallet,6.0,0.33,50.0,16.5
3188,WALM081,Friendswood,Fashion accessories,37.0,3,27/05/20,21:37:00,Ewallet,9.0,0.33,111.0,36.63
3189,WALM004,Austin,Home and lifestyle,72.0,1,28/01/22,15:15:00,Ewallet,6.0,0.48,72.0,34.56
3190,WALM085,Kerrville,Fashion accessories,21.0,2,20/07/23,22:05:00,Ewallet,6.0,0.33,42.0,13.86
3191,WALM016,Brownsville,Home and lifestyle,60.0,1,05/09/23,7:28:00,Ewallet,5.0,0.48,60.0,28.8
3192,WALM057,Euless,Fashion accessories,23.0,3,04/11/20,16:14:00,Ewallet,5.0,0.33,69.0,22.77
3193,WALM005,Fort Worth,Home and lifestyle,35.0,3,15/09/22,7:31:00,Ewallet,9.0,0.48,105.0,50.4
3194,WALM022,Mesquite,Fashion accessories,48.0,3,11/12/23,18:01:00,Ewallet,4.0,0.48,144.0,69.12
3195,WALM028,Odessa,Home and lifestyle,56.0,2,09/06/22,8:03:00,Ewallet,6.0,0.48,112.0,53.76
3196,WALM015,Grand Prairie,Fashion accessories,20.0,2,10/12/21,12:08:00,Ewallet,5.0,0.48,40.0,19.2
3197,WALM085,Kerrville,Home and lifestyle,51.0,3,03/04/22,19:26:00,Ewallet,7.0,0.33,153.0,50.49
3198,WALM063,Georgetown,Fashion accessories,47.0,1,05/01/20,8:21:00,Ewallet,9.0,0.33,47.0,15.51
3199,WALM022,Mesquite,Home and lifestyle,41.0,3,22/11/23,7:13:00,Ewallet,5.0,0.48,123.0,59.04
3200,WALM096,Eagle Pass,Fashion accessories,82.0,1,02/08/21,16:50:00,Ewallet,9.0,0.18,82.0,14.76
3201,WALM017,McKinney,Home and lifestyle,30.0,3,28/09/20,18:31:00,Ewallet,5.0,0.48,90.0,43.2
3202,WALM019,Pasadena,Fashion accessories,67.0,1,27/11/20,11:56:00,Ewallet,9.0,0.48,67.0,32.16
3203,WALM097,Alice,Home and lifestyle,34.0,1,22/11/21,22:27:00,Ewallet,8.0,0.18,34.0,6.12
3204,WALM021,McAllen,Fashion accessories,80.0,1,14/10/20,14:14:00,Ewallet,8.0,0.48,80.0,38.4
3205,WALM043,Baytown,Home and lifestyle,22.0,1,12/12/20,20:46:00,Ewallet,4.0,0.48,22.0,10.56
3206,WALM053,Conroe,Fashion accessories,47.0,3,07/10/23,10:56:00,Ewallet,6.0,0.21,141.0,29.61
3207,WALM018,Frisco,Home and lifestyle,51.0,1,10/03/21,17:45:00,Ewallet,7.0,0.48,51.0,24.48
3208,WALM030,Richardson,Fashion accessories,58.0,1,09/07/22,8:26:00,Ewallet,4.0,0.48,58.0,27.84
3209,WALM063,Georgetown,Home and lifestyle,32.0,2,30/10/21,16:31:00,Ewallet,6.0,0.33,64.0,21.12
3210,WALM043,Baytown,Fashion accessories,30.0,1,12/06/20,19:18:00,Ewallet,6.0,0.48,30.0,14.4
3211,WALM097,Alice,Home and lifestyle,37.0,1,25/08/20,17:38:00,Ewallet,4.0,0.18,37.0,6.66
3212,WALM078,Del Rio,Fashion accessories,53.0,3,22/01/22,9:14:00,Ewallet,7.0,0.33,159.0,52.47
3213,WALM043,Baytown,Home and lifestyle,56.0,2,18/02/20,11:22:00,Ewallet,8.0,0.48,112.0,53.76
3214,WALM077,Coppell,Fashion accessories,72.0,2,17/10/21,7:48:00,Ewallet,6.0,0.33,144.0,47.52
3215,WALM100,Canyon,Home and lifestyle,60.0,1,27/11/23,8:20:00,Ewallet,4.0,0.18,60.0,10.8
3216,WALM018,Frisco,Fashion accessories,40.0,1,12/09/21,16:39:00,Ewallet,6.0,0.48,40.0,19.2
3217,WALM012,Garland,Home and lifestyle,19.0,3,11/09/20,18:16:00,Ewallet,4.0,0.48,57.0,27.36
3218,WALM095,Big Spring,Fashion accessories,66.0,2,26/08/22,7:18:00,Ewallet,6.0,0.33,132.0,43.56
3219,WALM028,Odessa,Home and lifestyle,54.0,1,18/12/21,22:42:00,Ewallet,5.0,0.48,54.0,25.92
3220,WALM066,Grapevine,Fashion accessories,80.0,3,31/08/22,20:41:00,Ewallet,7.0,0.33,240.0,79.2
3221,WALM070,Hurst,Home and lifestyle,50.0,1,21/11/21,22:00:00,Ewallet,7.0,0.33,50.0,16.5
3222,WALM062,Galveston,Fashion accessories,58.0,3,03/08/21,20:16:00,Ewallet,7.0,0.33,174.0,57.42
3223,WALM036,Allen,Home and lifestyle,31.0,1,17/10/22,11:35:00,Ewallet,5.0,0.48,31.0,14.88
3224,WALM083,Farmers Branch,Fashion accessories,29.0,1,01/08/20,14:33:00,Ewallet,7.0,0.33,29.0,9.57
3225,WALM001,Houston,Home and lifestyle,31.0,3,28/12/21,10:06:00,Ewallet,6.0,0.36,93.0,33.48
3226,WALM017,McKinney,Fashion accessories,85.0,3,26/12/21,19:47:00,Ewallet,5.0,0.48,255.0,122.4
3227,WALM037,League City,Home and lifestyle,83.0,2,03/09/20,14:34:00,Ewallet,4.0,0.48,166.0,79.68
3228,WALM005,Fort Worth,Fashion accessories,25.0,1,08/11/21,8:52:00,Ewallet,5.0,0.48,25.0,12.0
3229,WALM044,Pharr,Home and lifestyle,60.0,2,24/10/23,13:43:00,Ewallet,7.0,0.48,120.0,57.6
3230,WALM068,Burleson,Fashion accessories,76.0,3,11/10/21,6:46:00,Ewallet,7.0,0.33,228.0,75.24
3231,WALM008,Corpus Christi,Home and lifestyle,57.0,2,12/10/21,22:48:00,Ewallet,8.0,0.48,114.0,54.72
3232,WALM010,Laredo,Fashion accessories,74.0,3,07/09/21,22:56:00,Ewallet,6.0,0.48,222.0,106.56
3233,WALM094,Alamo,Home and lifestyle,51.0,3,06/10/21,14:43:00,Ewallet,4.0,0.33,153.0,50.49
3234,WALM013,Irving,Fashion accessories,35.0,3,17/11/23,20:44:00,Ewallet,5.0,0.48,105.0,50.4
3235,WALM077,Coppell,Home and lifestyle,20.0,2,07/12/21,17:13:00,Ewallet,7.0,0.33,40.0,13.2
3236,WALM088,Cleburne,Fashion accessories,65.0,1,13/08/23,20:22:00,Ewallet,5.0,0.33,65.0,21.45
3237,WALM020,Killeen,Home and lifestyle,64.0,3,15/09/20,15:55:00,Ewallet,8.0,0.48,192.0,92.16
3238,WALM062,Galveston,Fashion accessories,61.0,1,01/12/21,15:14:00,Ewallet,4.0,0.33,61.0,20.13
3239,WALM004,Austin,Home and lifestyle,16.0,1,23/08/20,8:27:00,Ewallet,6.0,0.48,16.0,7.68
3240,WALM063,Georgetown,Fashion accessories,68.0,1,11/08/20,8:36:00,Ewallet,7.0,0.33,68.0,22.44
3241,WALM080,Nacogdoches,Home and lifestyle,70.0,3,03/12/20,18:43:00,Ewallet,8.0,0.33,210.0,69.3
3242,WALM042,Bryan,Fashion accessories,76.0,1,11/08/21,9:42:00,Ewallet,4.0,0.48,76.0,36.48
3243,WALM061,Cedar Park,Home and lifestyle,84.0,2,01/12/22,19:09:00,Ewallet,8.0,0.33,168.0,55.44
3244,WALM066,Grapevine,Fashion accessories,18.0,2,23/10/20,10:27:00,Ewallet,7.0,0.33,36.0,11.88
3245,WALM044,Pharr,Home and lifestyle,71.0,1,10/09/23,14:27:00,Ewallet,5.0,0.48,71.0,34.08
3246,WALM076,Huntsville,Fashion accessories,44.0,3,28/12/23,14:12:00,Ewallet,6.0,0.33,132.0,43.56
3247,WALM093,Angleton,Home and lifestyle,27.0,1,20/12/20,16:54:00,Ewallet,7.0,0.33,27.0,8.91
3248,WALM031,Lewisville,Fashion accessories,52.0,1,08/10/23,20:48:00,Ewallet,7.0,0.48,52.0,24.96
3249,WALM071,Lufkin,Home and lifestyle,23.0,3,06/09/23,15:11:00,Ewallet,5.0,0.33,69.0,22.77
3250,WALM027,Abilene,Fashion accessories,51.0,2,24/12/20,12:28:00,Ewallet,9.0,0.48,102.0,48.96
3251,WALM041,Mission,Home and lifestyle,71.0,1,05/11/20,7:48:00,Ewallet,6.0,0.48,71.0,34.08
3252,WALM030,Richardson,Fashion accessories,30.0,1,27/11/23,20:18:00,Ewallet,7.0,0.48,30.0,14.4
3253,WALM024,Carrollton,Home and lifestyle,80.0,3,12/10/20,14:00:00,Ewallet,4.0,0.48,240.0,115.2
3254,WALM071,Lufkin,Fashion accessories,54.0,1,30/09/20,13:31:00,Ewallet,5.0,0.33,54.0,17.82
3255,WALM004,Austin,Home and lifestyle,15.0,2,28/12/20,17:52:00,Ewallet,6.0,0.48,30.0,14.4
3256,WALM072,Lancaster,Fashion accessories,16.0,1,28/08/20,13:14:00,Ewallet,7.0,0.33,16.0,5.28
3257,WALM067,Haltom City,Home and lifestyle,36.0,3,03/12/23,15:41:00,Ewallet,6.0,0.33,108.0,35.64
3258,WALM077,Coppell,Fashion accessories,58.0,2,15/12/21,16:30:00,Ewallet,8.0,0.33,116.0,38.28
3259,WALM070,Hurst,Home and lifestyle,63.0,1,11/08/20,19:28:00,Ewallet,5.0,0.33,63.0,20.79
3260,WALM058,Port Arthur,Fashion accessories,29.0,3,23/08/23,21:12:00,Ewallet,8.0,0.33,87.0,28.71
3261,WALM067,Haltom City,Home and lifestyle,31.0,2,05/12/20,14:06:00,Ewallet,9.0,0.33,62.0,20.46
3262,WALM009,Plano,Fashion accessories,22.0,3,17/08/22,13:36:00,Ewallet,8.0,0.48,66.0,31.68
3263,WALM060,DeSoto,Home and lifestyle,45.0,1,16/08/23,19:59:00,Ewallet,8.0,0.33,45.0,14.85
3264,WALM098,Mineral Wells,Fashion accessories,72.0,1,22/08/21,15:13:00,Ewallet,6.0,0.18,72.0,12.96
3265,WALM022,Mesquite,Home and lifestyle,68.0,3,16/11/23,15:59:00,Ewallet,6.0,0.48,204.0,97.92
3266,WALM093,Angleton,Fashion accessories,26.0,2,16/12/23,20:40:00,Ewallet,8.0,0.33,52.0,17.16
3267,WALM094,Alamo,Home and lifestyle,22.0,2,27/10/22,6:13:00,Ewallet,9.0,0.33,44.0,14.52
3268,WALM059,Pflugerville,Fashion accessories,52.0,1,21/11/20,7:00:00,Ewallet,5.0,0.33,52.0,17.16
3269,WALM080,Nacogdoches,Home and lifestyle,30.0,3,19/08/20,11:44:00,Ewallet,5.0,0.33,90.0,29.7
3270,WALM066,Grapevine,Fashion accessories,68.0,3,04/10/23,21:20:00,Ewallet,8.0,0.33,204.0,67.32
3271,WALM094,Alamo,Home and lifestyle,66.0,3,04/08/22,16:23:00,Ewallet,5.0,0.33,198.0,65.34
3272,WALM017,McKinney,Fashion accessories,74.0,3,09/10/21,11:17:00,Ewallet,8.0,0.48,222.0,106.56
3273,WALM028,Odessa,Home and lifestyle,15.0,3,25/09/23,21:32:00,Ewallet,6.0,0.48,45.0,21.6
3274,WALM096,Eagle Pass,Fashion accessories,62.0,3,11/08/22,22:24:00,Ewallet,5.0,0.18,186.0,33.48
3275,WALM096,Eagle Pass,Home and lifestyle,82.0,2,24/10/23,7:37:00,Ewallet,8.0,0.33,164.0,54.12
3276,WALM012,Garland,Fashion accessories,34.0,2,01/09/23,19:38:00,Ewallet,4.0,0.48,68.0,32.64
3277,WALM095,Big Spring,Home and lifestyle,60.0,1,18/11/20,14:26:00,Ewallet,6.0,0.33,60.0,19.8
3278,WALM011,Lubbock,Fashion accessories,46.0,1,24/09/23,16:31:00,Ewallet,7.0,0.48,46.0,22.08
3279,WALM064,Bedford,Home and lifestyle,73.0,3,21/10/20,9:30:00,Ewallet,5.0,0.33,219.0,72.27
3280,WALM045,Missouri City,Fashion accessories,80.0,1,13/11/22,16:04:00,Credit card,6.0,0.48,80.0,38.4
3281,WALM047,Flower Mound,Home and lifestyle,25.0,1,22/08/22,13:31:00,Ewallet,7.0,0.48,25.0,12.0
3282,WALM037,League City,Fashion accessories,85.0,3,25/10/22,17:41:00,Ewallet,8.0,0.48,255.0,122.4
3283,WALM098,Mineral Wells,Home and lifestyle,33.0,2,15/09/20,21:10:00,Ewallet,8.0,0.18,66.0,11.88
3284,WALM078,Del Rio,Fashion accessories,82.0,1,09/12/21,8:08:00,Ewallet,6.0,0.33,82.0,27.06
3285,WALM077,Coppell,Home and lifestyle,16.0,1,02/08/22,20:36:00,Ewallet,4.0,0.33,16.0,5.28
3286,WALM064,Bedford,Fashion accessories,75.0,2,09/12/21,10:54:00,Ewallet,9.0,0.33,150.0,49.5
3287,WALM044,Pharr,Home and lifestyle,69.0,1,06/12/22,14:59:00,Ewallet,6.0,0.48,69.0,33.12
3288,WALM016,Brownsville,Fashion accessories,34.0,3,07/08/21,21:29:00,Ewallet,8.0,0.48,102.0,48.96
3289,WALM071,Lufkin,Home and lifestyle,19.0,3,18/12/22,18:21:00,Ewallet,7.0,0.33,57.0,18.81
3290,WALM079,La Porte,Fashion accessories,21.0,1,04/12/20,14:51:00,Ewallet,9.0,0.33,21.0,6.93
3291,WALM026,Denton,Home and lifestyle,46.0,2,02/12/20,17:01:00,Ewallet,6.0,0.48,92.0,44.16
3292,WALM006,El Paso,Fashion accessories,39.0,2,27/10/21,10:08:00,Ewallet,8.0,0.48,78.0,37.44
3293,WALM018,Frisco,Home and lifestyle,33.0,2,04/10/22,19:08:00,Ewallet,7.0,0.48,66.0,31.68
3294,WALM015,Grand Prairie,Fashion accessories,51.0,1,12/12/21,6:19:00,Ewallet,4.0,0.48,51.0,24.48
3295,WALM053,Conroe,Home and lifestyle,34.0,3,18/10/21,15:08:00,Ewallet,7.0,0.57,102.0,58.14
3296,WALM014,Amarillo,Fashion accessories,74.0,3,29/09/23,7:40:00,Ewallet,8.0,0.48,222.0,106.56
3297,WALM080,Nacogdoches,Home and lifestyle,85.0,1,01/10/20,20:26:00,Ewallet,7.0,0.33,85.0,28.05
3298,WALM093,Angleton,Fashion accessories,74.0,3,03/12/23,12:01:00,Ewallet,5.0,0.33,222.0,73.26
3299,WALM012,Garland,Home and lifestyle,55.0,3,10/10/21,21:13:00,Ewallet,6.0,0.48,165.0,79.2
3300,WALM081,Friendswood,Fashion accessories,58.0,2,13/08/22,16:38:00,Ewallet,4.0,0.33,116.0,38.28
3301,WALM028,Odessa,Home and lifestyle,15.0,3,08/08/21,7:32:00,Ewallet,5.0,0.48,45.0,21.6
3302,WALM096,Eagle Pass,Fashion accessories,42.0,2,27/11/22,8:15:00,Ewallet,5.0,0.18,84.0,15.12
3303,WALM091,Little Elm,Home and lifestyle,82.0,1,24/08/23,11:26:00,Ewallet,8.0,0.33,82.0,27.06
3304,WALM030,Richardson,Fashion accessories,19.0,3,23/09/20,8:45:00,Ewallet,4.0,0.48,57.0,27.36
3305,WALM051,New Braunfels,Home and lifestyle,60.0,1,02/10/23,12:17:00,Ewallet,5.0,0.48,60.0,28.8
3306,WALM030,Richardson,Fashion accessories,76.0,3,22/12/22,12:39:00,Ewallet,4.0,0.48,228.0,109.44
3307,WALM041,Mission,Home and lifestyle,62.0,2,12/10/21,20:18:00,Ewallet,6.0,0.48,124.0,59.52
3308,WALM002,Dallas,Fashion accessories,27.0,1,21/10/23,11:07:00,Ewallet,7.0,0.36,27.0,9.72
3309,WALM017,McKinney,Home and lifestyle,64.0,3,12/09/21,15:28:00,Ewallet,7.0,0.48,192.0,92.16
3310,WALM072,Lancaster,Fashion accessories,21.0,1,20/11/23,22:59:00,Ewallet,9.0,0.33,21.0,6.93
3311,WALM015,Grand Prairie,Home and lifestyle,30.0,1,20/09/23,15:29:00,Ewallet,9.0,0.48,30.0,14.4
3312,WALM021,McAllen,Fashion accessories,58.0,3,11/08/23,20:56:00,Ewallet,8.0,0.48,174.0,83.52
3313,WALM004,Austin,Home and lifestyle,74.0,2,17/09/21,21:27:00,Ewallet,8.0,0.48,148.0,71.04
3314,WALM083,Farmers Branch,Fashion accessories,43.0,1,05/10/20,6:32:00,Ewallet,4.0,0.33,43.0,14.19
3315,WALM047,Flower Mound,Home and lifestyle,75.0,1,24/08/21,20:21:00,Ewallet,5.0,0.48,75.0,36.0
3316,WALM037,League City,Fashion accessories,48.0,2,09/09/21,10:35:00,Ewallet,9.0,0.48,96.0,46.08
3317,WALM052,Mansfield,Home and lifestyle,54.0,3,06/12/23,21:48:00,Ewallet,4.0,0.57,162.0,92.34
3318,WALM033,Pearland,Fashion accessories,82.0,1,25/10/23,11:47:00,Ewallet,4.0,0.48,82.0,39.36
3319,WALM012,Garland,Home and lifestyle,83.0,1,31/10/23,21:20:00,Ewallet,9.0,0.48,83.0,39.84
3320,WALM041,Mission,Fashion accessories,80.0,1,14/11/20,20:18:00,Ewallet,4.0,0.48,80.0,38.4
3321,WALM019,Pasadena,Home and lifestyle,28.0,3,15/08/21,20:39:00,Ewallet,9.0,0.48,84.0,40.32
3322,WALM053,Conroe,Fashion accessories,17.0,2,31/08/23,12:06:00,Ewallet,6.0,0.21,34.0,7.14
3323,WALM015,Grand Prairie,Home and lifestyle,56.0,3,11/10/20,22:31:00,Ewallet,5.0,0.48,168.0,80.64
3324,WALM036,Allen,Fashion accessories,50.0,2,31/08/22,6:13:00,Ewallet,5.0,0.48,100.0,48.0
3325,WALM009,Plano,Home and lifestyle,60.0,3,17/10/20,14:31:00,Ewallet,7.0,0.48,180.0,86.4
3326,WALM058,Port Arthur,Fashion accessories,36.0,1,24/12/22,6:04:00,Ewallet,8.0,0.33,36.0,11.88
3327,WALM039,Longview,Home and lifestyle,28.0,2,20/09/21,11:01:00,Ewallet,4.0,0.48,56.0,26.88
3328,WALM006,El Paso,Fashion accessories,82.0,2,22/10/21,14:17:00,Ewallet,7.0,0.48,164.0,78.72
3329,WALM048,Harlingen,Home and lifestyle,67.0,1,31/10/20,22:03:00,Ewallet,6.0,0.48,67.0,32.16
3330,WALM093,Angleton,Fashion accessories,24.0,1,28/10/20,8:51:00,Ewallet,4.0,0.33,24.0,7.92
3331,WALM053,Conroe,Home and lifestyle,34.0,1,22/12/22,10:52:00,Ewallet,8.0,0.57,34.0,19.38
3332,WALM067,Haltom City,Fashion accessories,45.0,3,28/12/21,10:58:00,Ewallet,8.0,0.33,135.0,44.55
3333,WALM044,Pharr,Home and lifestyle,38.0,2,30/10/23,19:22:00,Ewallet,8.0,0.48,76.0,36.48
3334,WALM002,Dallas,Fashion accessories,68.0,1,17/12/21,21:36:00,Ewallet,6.0,0.36,68.0,24.48
3335,WALM007,Arlington,Home and lifestyle,19.0,3,28/08/23,18:14:00,Ewallet,5.0,0.48,57.0,27.36
3336,WALM085,Kerrville,Fashion accessories,49.0,2,23/08/23,6:43:00,Ewallet,6.0,0.33,98.0,32.34
3337,WALM071,Lufkin,Home and lifestyle,64.0,2,18/10/22,8:38:00,Ewallet,5.0,0.33,128.0,42.24
3338,WALM067,Haltom City,Fashion accessories,57.0,3,10/12/23,6:18:00,Ewallet,6.0,0.33,171.0,56.43
3339,WALM008,Corpus Christi,Home and lifestyle,83.0,1,19/12/22,6:28:00,Ewallet,6.0,0.48,83.0,39.84
3340,WALM085,Kerrville,Fashion accessories,66.0,1,17/09/21,18:48:00,Ewallet,9.0,0.33,66.0,21.78
3341,WALM040,Edinburg,Home and lifestyle,46.0,1,30/09/20,6:56:00,Ewallet,4.0,0.48,46.0,22.08
3342,WALM096,Eagle Pass,Fashion accessories,83.0,1,27/09/21,6:46:00,Ewallet,6.0,0.18,83.0,14.94
3343,WALM062,Galveston,Home and lifestyle,66.0,1,03/09/23,11:15:00,Ewallet,8.0,0.33,66.0,21.78
3344,WALM081,Friendswood,Fashion accessories,31.0,1,29/09/21,11:01:00,Ewallet,7.0,0.33,31.0,10.23
3345,WALM058,Port Arthur,Home and lifestyle,46.0,2,29/11/20,19:47:00,Ewallet,6.0,0.33,92.0,30.36
3346,WALM058,Port Arthur,Fashion accessories,74.0,1,26/11/22,20:22:00,Ewallet,4.0,0.33,74.0,24.42
3347,WALM009,Plano,Home and lifestyle,37.0,3,11/09/21,10:42:00,Ewallet,4.0,0.48,111.0,53.28
3348,WALM059,Pflugerville,Fashion accessories,69.0,1,08/10/22,6:44:00,Ewallet,5.0,0.33,69.0,22.77
3349,WALM036,Allen,Home and lifestyle,15.0,2,31/12/20,9:59:00,Ewallet,7.0,0.48,30.0,14.4
3350,WALM096,Eagle Pass,Fashion accessories,46.0,3,01/10/21,10:37:00,Ewallet,5.0,0.18,138.0,24.84
3351,WALM008,Corpus Christi,Home and lifestyle,66.0,1,14/12/21,18:13:00,Ewallet,6.0,0.48,66.0,31.68
3352,WALM059,Pflugerville,Fashion accessories,56.0,3,29/11/22,9:42:00,Ewallet,9.0,0.33,168.0,55.44
3353,WALM096,Eagle Pass,Home and lifestyle,29.0,3,22/10/23,16:17:00,Ewallet,9.0,0.18,87.0,15.66
3354,WALM094,Alamo,Fashion accessories,24.0,1,24/11/21,6:47:00,Ewallet,8.0,0.33,24.0,7.92
3355,WALM094,Alamo,Home and lifestyle,21.0,1,15/08/23,8:23:00,Ewallet,4.0,0.33,21.0,6.93
3356,WALM007,Arlington,Fashion accessories,46.0,2,26/10/23,6:05:00,Ewallet,7.0,0.48,92.0,44.16
3357,WALM005,Fort Worth,Home and lifestyle,74.0,3,09/10/23,15:13:00,Ewallet,6.0,0.48,222.0,106.56
3358,WALM053,Conroe,Fashion accessories,70.0,2,31/12/21,9:37:00,Ewallet,6.0,0.21,140.0,29.4
3359,WALM024,Carrollton,Home and lifestyle,21.0,3,05/11/20,13:26:00,Ewallet,7.0,0.48,63.0,30.24
3360,WALM059,Pflugerville,Fashion accessories,74.0,3,24/11/22,17:11:00,Ewallet,6.0,0.33,222.0,73.26
3361,WALM039,Longview,Home and lifestyle,34.0,3,05/12/21,22:50:00,Ewallet,7.0,0.48,102.0,48.96
3362,WALM085,Kerrville,Fashion accessories,50.0,1,19/11/20,17:51:00,Ewallet,6.0,0.33,50.0,16.5
3363,WALM057,Euless,Home and lifestyle,32.0,2,26/11/23,11:33:00,Ewallet,9.0,0.33,64.0,21.12
3364,WALM030,Richardson,Fashion accessories,15.0,3,12/11/22,7:33:00,Ewallet,6.0,0.48,45.0,21.6
3365,WALM007,Arlington,Home and lifestyle,74.0,3,29/08/20,6:46:00,Ewallet,9.0,0.48,222.0,106.56
3366,WALM045,Missouri City,Fashion accessories,24.0,1,23/09/22,10:06:00,Credit card,7.0,0.48,24.0,11.52
3367,WALM095,Big Spring,Home and lifestyle,64.0,2,05/10/22,8:05:00,Ewallet,4.0,0.33,128.0,42.24
3368,WALM067,Haltom City,Fashion accessories,40.0,2,24/09/23,19:52:00,Ewallet,8.0,0.33,80.0,26.4
3369,WALM094,Alamo,Home and lifestyle,65.0,1,03/12/21,15:11:00,Ewallet,4.0,0.33,65.0,21.45
3370,WALM015,Grand Prairie,Fashion accessories,63.0,1,19/12/20,22:05:00,Ewallet,8.0,0.48,63.0,30.24
3371,WALM076,Huntsville,Home and lifestyle,25.0,1,05/10/23,18:54:00,Ewallet,7.0,0.33,25.0,8.25
3372,WALM090,Brownwood,Fashion accessories,34.0,2,27/08/23,18:14:00,Ewallet,8.0,0.33,68.0,22.44
3373,WALM014,Amarillo,Home and lifestyle,25.0,3,23/12/23,18:49:00,Ewallet,5.0,0.48,75.0,36.0
3374,WALM076,Huntsville,Fashion accessories,40.0,2,24/11/22,16:44:00,Ewallet,6.0,0.33,80.0,26.4
3375,WALM095,Big Spring,Home and lifestyle,67.0,1,27/12/23,20:33:00,Ewallet,4.0,0.33,67.0,22.11
3376,WALM088,Cleburne,Fashion accessories,23.0,3,04/11/20,14:08:00,Ewallet,5.0,0.33,69.0,22.77
3377,WALM039,Longview,Home and lifestyle,84.0,2,05/11/23,13:55:00,Ewallet,5.0,0.48,168.0,80.64
3378,WALM098,Mineral Wells,Fashion accessories,33.0,2,19/10/21,19:07:00,Ewallet,7.0,0.18,66.0,11.88
3379,WALM076,Huntsville,Home and lifestyle,70.0,3,31/10/22,12:04:00,Ewallet,7.0,0.33,210.0,69.3
3380,WALM088,Cleburne,Fashion accessories,80.0,3,02/10/21,22:08:00,Ewallet,4.0,0.33,240.0,79.2
3381,WALM069,Rockwall,Home and lifestyle,37.0,2,31/12/20,22:23:00,Ewallet,4.0,0.33,74.0,24.42
3382,WALM022,Mesquite,Fashion accessories,26.0,1,08/10/20,20:24:00,Ewallet,6.0,0.48,26.0,12.48
3383,WALM005,Fort Worth,Home and lifestyle,82.0,1,10/08/21,22:19:00,Ewallet,4.0,0.48,82.0,39.36
3384,WALM052,Mansfield,Fashion accessories,68.0,2,16/09/23,14:40:00,Ewallet,6.0,0.57,136.0,77.52
3385,WALM063,Georgetown,Home and lifestyle,40.0,3,08/12/21,15:19:00,Ewallet,6.0,0.33,120.0,39.6
3386,WALM043,Baytown,Fashion accessories,81.0,3,22/10/22,9:41:00,Ewallet,9.0,0.48,243.0,116.64
3387,WALM062,Galveston,Home and lifestyle,85.0,3,21/09/23,16:46:00,Ewallet,9.0,0.33,255.0,84.15
3388,WALM001,Houston,Fashion accessories,69.0,2,09/11/23,12:48:00,Ewallet,5.0,0.36,138.0,49.68
3389,WALM068,Burleson,Home and lifestyle,37.0,1,28/11/23,14:12:00,Ewallet,7.0,0.33,37.0,12.21
3390,WALM094,Alamo,Fashion accessories,31.0,2,24/10/21,16:05:00,Ewallet,7.0,0.33,62.0,20.46
3391,WALM077,Coppell,Home and lifestyle,76.0,1,21/11/21,7:17:00,Ewallet,9.0,0.33,76.0,25.08
3392,WALM057,Euless,Fashion accessories,63.0,2,19/08/20,7:48:00,Ewallet,7.0,0.33,126.0,41.58
3393,WALM067,Haltom City,Home and lifestyle,38.0,1,28/10/21,10:29:00,Ewallet,7.0,0.33,38.0,12.54
3394,WALM031,Lewisville,Fashion accessories,40.0,3,08/08/20,19:52:00,Ewallet,8.0,0.48,120.0,57.6
3395,WALM024,Carrollton,Home and lifestyle,40.0,2,31/12/23,16:43:00,Ewallet,5.0,0.48,80.0,38.4
3396,WALM091,Little Elm,Fashion accessories,15.0,1,26/12/23,10:27:00,Ewallet,8.0,0.33,15.0,4.95
3397,WALM021,McAllen,Home and lifestyle,70.0,1,13/10/20,13:58:00,Ewallet,5.0,0.48,70.0,33.6
3398,WALM008,Corpus Christi,Fashion accessories,78.0,1,04/09/21,22:16:00,Ewallet,7.0,0.48,78.0,37.44
3399,WALM018,Frisco,Home and lifestyle,44.0,1,19/11/21,6:31:00,Ewallet,7.0,0.48,44.0,21.12
3400,WALM100,Canyon,Fashion accessories,39.0,2,29/10/21,6:51:00,Ewallet,6.0,0.18,78.0,14.04
3401,WALM078,Del Rio,Home and lifestyle,61.0,1,03/09/23,15:56:00,Ewallet,6.0,0.33,61.0,20.13
3402,WALM061,Cedar Park,Fashion accessories,64.0,3,13/12/20,13:19:00,Ewallet,8.0,0.33,192.0,63.36
3403,WALM028,Odessa,Home and lifestyle,62.0,2,26/12/21,20:16:00,Ewallet,4.0,0.48,124.0,59.52
3404,WALM045,Missouri City,Fashion accessories,81.0,1,25/12/21,13:17:00,Credit card,9.0,0.48,81.0,38.88
3405,WALM008,Corpus Christi,Home and lifestyle,76.0,2,06/09/23,8:05:00,Ewallet,9.0,0.48,152.0,72.96
3406,WALM064,Bedford,Fashion accessories,44.0,2,03/11/20,19:47:00,Ewallet,4.0,0.33,88.0,29.04
3407,WALM028,Odessa,Home and lifestyle,39.0,1,11/10/20,9:23:00,Ewallet,6.0,0.48,39.0,18.72
3408,WALM088,Cleburne,Fashion accessories,72.0,3,19/10/22,9:42:00,Ewallet,5.0,0.33,216.0,71.28
3409,WALM016,Brownsville,Home and lifestyle,30.0,1,30/12/20,8:55:00,Ewallet,4.0,0.48,30.0,14.4
3410,WALM037,League City,Fashion accessories,33.0,3,12/09/20,10:07:00,Ewallet,5.0,0.48,99.0,47.52
3411,WALM019,Pasadena,Home and lifestyle,39.0,2,09/11/20,13:46:00,Ewallet,5.0,0.48,78.0,37.44
3412,WALM026,Denton,Fashion accessories,44.0,1,16/12/22,9:07:00,Ewallet,4.0,0.48,44.0,21.12
3413,WALM069,Rockwall,Home and lifestyle,79.0,1,04/08/22,18:49:00,Ewallet,9.0,0.33,79.0,26.07
3414,WALM064,Bedford,Fashion accessories,85.0,2,06/11/23,13:33:00,Ewallet,9.0,0.33,170.0,56.1
3415,WALM047,Flower Mound,Home and lifestyle,32.0,2,21/12/22,10:37:00,Ewallet,9.0,0.48,64.0,30.72
3416,WALM019,Pasadena,Fashion accessories,27.0,3,14/11/21,6:54:00,Ewallet,5.0,0.48,81.0,38.88
3417,WALM061,Cedar Park,Home and lifestyle,44.0,1,27/12/20,16:45:00,Ewallet,5.0,0.33,44.0,14.52
3418,WALM040,Edinburg,Fashion accessories,16.0,1,20/08/20,15:01:00,Ewallet,7.0,0.48,16.0,7.68
3419,WALM063,Georgetown,Home and lifestyle,77.0,2,11/09/22,11:07:00,Ewallet,7.0,0.33,154.0,50.82
3420,WALM079,La Porte,Fashion accessories,37.0,3,19/11/22,22:44:00,Ewallet,6.0,0.33,111.0,36.63
3421,WALM030,Richardson,Home and lifestyle,63.0,2,16/11/21,6:53:00,Ewallet,7.0,0.48,126.0,60.48
3422,WALM010,Laredo,Fashion accessories,43.0,1,19/12/22,12:42:00,Ewallet,8.0,0.48,43.0,20.64
3423,WALM024,Carrollton,Home and lifestyle,59.0,2,16/09/20,12:21:00,Ewallet,4.0,0.48,118.0,56.64
3424,WALM077,Coppell,Fashion accessories,80.0,3,19/10/23,14:30:00,Ewallet,4.0,0.33,240.0,79.2
3425,WALM096,Eagle Pass,Home and lifestyle,47.0,2,31/10/20,20:35:00,Ewallet,9.0,0.18,94.0,16.92
3426,WALM045,Missouri City,Fashion accessories,74.0,2,03/08/22,14:54:00,Credit card,4.0,0.48,148.0,71.04
3427,WALM011,Lubbock,Home and lifestyle,47.0,3,30/11/21,21:51:00,Ewallet,5.0,0.48,141.0,67.68
3428,WALM052,Mansfield,Fashion accessories,41.0,2,17/09/20,14:58:00,Ewallet,9.0,0.57,82.0,46.74
3429,WALM061,Cedar Park,Home and lifestyle,58.0,1,18/10/22,8:22:00,Ewallet,5.0,0.33,58.0,19.14
3430,WALM093,Angleton,Fashion accessories,69.0,1,01/09/23,20:57:00,Ewallet,4.0,0.33,69.0,22.77
3431,WALM021,McAllen,Home and lifestyle,51.0,2,18/09/21,16:17:00,Ewallet,9.0,0.48,102.0,48.96
3432,WALM093,Angleton,Fashion accessories,67.0,3,02/10/21,6:24:00,Ewallet,8.0,0.33,201.0,66.33
3433,WALM070,Hurst,Home and lifestyle,72.0,3,17/11/22,14:28:00,Ewallet,6.0,0.33,216.0,71.28
3434,WALM015,Grand Prairie,Fashion accessories,79.0,1,11/12/21,11:41:00,Ewallet,7.0,0.48,79.0,37.92
3435,WALM051,New Braunfels,Home and lifestyle,38.0,1,01/10/23,16:14:00,Ewallet,8.0,0.48,38.0,18.24
3436,WALM081,Friendswood,Fashion accessories,64.0,2,08/10/20,9:01:00,Ewallet,9.0,0.33,128.0,42.24
3437,WALM021,McAllen,Home and lifestyle,53.0,2,30/09/23,7:38:00,Ewallet,5.0,0.48,106.0,50.88
3438,WALM011,Lubbock,Fashion accessories,54.0,3,02/11/20,7:32:00,Ewallet,6.0,0.48,162.0,77.76
3439,WALM045,Missouri City,Home and lifestyle,42.0,2,26/11/21,13:22:00,Credit card,6.0,0.48,84.0,40.32
3440,WALM021,McAllen,Fashion accessories,21.0,2,27/10/23,11:11:00,Ewallet,8.0,0.48,42.0,20.16
3441,WALM042,Bryan,Home and lifestyle,35.0,1,20/09/23,17:58:00,Ewallet,7.0,0.48,35.0,16.8
3442,WALM078,Del Rio,Fashion accessories,46.0,1,30/10/21,19:32:00,Ewallet,9.0,0.33,46.0,15.18
3443,WALM007,Arlington,Home and lifestyle,71.0,2,13/12/21,11:23:00,Ewallet,4.0,0.48,142.0,68.16
3444,WALM061,Cedar Park,Fashion accessories,73.0,1,25/09/22,13:56:00,Ewallet,8.0,0.33,73.0,24.09
3445,WALM005,Fort Worth,Home and lifestyle,36.0,3,30/08/22,19:02:00,Ewallet,7.0,0.48,108.0,51.84
3446,WALM094,Alamo,Fashion accessories,69.0,2,09/11/22,10:25:00,Ewallet,8.0,0.33,138.0,45.54
3447,WALM043,Baytown,Home and lifestyle,45.0,2,17/10/22,8:28:00,Ewallet,9.0,0.48,90.0,43.2
3448,WALM057,Euless,Fashion accessories,67.0,1,17/11/22,11:01:00,Ewallet,6.0,0.33,67.0,22.11
3449,WALM060,DeSoto,Home and lifestyle,75.0,3,18/10/23,8:35:00,Ewallet,6.0,0.33,225.0,74.25
3450,WALM040,Edinburg,Fashion accessories,80.0,2,18/10/21,13:44:00,Ewallet,7.0,0.48,160.0,76.8
3451,WALM049,North Richland Hills,Home and lifestyle,47.0,2,28/09/20,8:01:00,Ewallet,8.0,0.48,94.0,45.12
3452,WALM100,Canyon,Fashion accessories,18.0,1,29/08/22,6:05:00,Ewallet,5.0,0.18,18.0,3.24
3453,WALM002,Dallas,Home and lifestyle,82.0,1,19/09/20,8:45:00,Ewallet,8.0,0.36,82.0,29.52
3454,WALM023,Midland,Fashion accessories,30.0,3,01/12/20,17:56:00,Ewallet,8.0,0.48,90.0,43.2
3455,WALM047,Flower Mound,Home and lifestyle,73.0,3,01/10/20,15:45:00,Ewallet,4.0,0.48,219.0,105.12
3456,WALM009,Plano,Fashion accessories,46.0,2,21/10/22,19:36:00,Ewallet,7.0,0.48,92.0,44.16
3457,WALM016,Brownsville,Home and lifestyle,62.0,3,15/09/22,16:25:00,Ewallet,5.0,0.48,186.0,89.28
3458,WALM095,Big Spring,Fashion accessories,26.0,3,21/10/21,13:34:00,Ewallet,6.0,0.33,78.0,25.74
3459,WALM044,Pharr,Home and lifestyle,80.0,3,27/12/21,9:02:00,Ewallet,8.0,0.48,240.0,115.2
3460,WALM085,Kerrville,Fashion accessories,29.0,1,16/09/20,19:13:00,Ewallet,6.0,0.33,29.0,9.57
3461,WALM016,Brownsville,Home and lifestyle,53.0,2,16/12/22,12:43:00,Ewallet,8.0,0.48,106.0,50.88
3462,WALM051,New Braunfels,Fashion accessories,28.0,3,18/11/21,17:06:00,Ewallet,5.0,0.57,84.0,47.88
3463,WALM037,League City,Home and lifestyle,82.0,3,09/09/22,19:30:00,Ewallet,4.0,0.48,246.0,118.08
3464,WALM041,Mission,Fashion accessories,57.0,1,18/08/21,20:12:00,Ewallet,4.0,0.48,57.0,27.36
3465,WALM057,Euless,Home and lifestyle,60.0,2,28/10/23,16:10:00,Ewallet,9.0,0.33,120.0,39.6
3466,WALM071,Lufkin,Fashion accessories,49.0,3,31/10/20,11:33:00,Ewallet,5.0,0.33,147.0,48.51
3467,WALM013,Irving,Home and lifestyle,58.0,3,24/10/20,22:05:00,Ewallet,8.0,0.48,174.0,83.52
3468,WALM017,McKinney,Fashion accessories,76.0,3,15/09/22,20:11:00,Ewallet,9.0,0.48,228.0,109.44
3469,WALM021,McAllen,Home and lifestyle,37.0,2,20/09/21,18:10:00,Ewallet,9.0,0.48,74.0,35.52
3470,WALM071,Lufkin,Fashion accessories,72.0,2,20/08/23,15:33:00,Ewallet,4.0,0.33,144.0,47.52
3471,WALM041,Mission,Home and lifestyle,24.0,3,12/10/23,16:36:00,Ewallet,6.0,0.48,72.0,34.56
3472,WALM005,Fort Worth,Fashion accessories,60.0,1,19/10/22,12:50:00,Ewallet,4.0,0.48,60.0,28.8
3473,WALM030,Richardson,Home and lifestyle,69.0,1,12/09/21,9:11:00,Ewallet,6.0,0.48,69.0,33.12
3474,WALM017,McKinney,Fashion accessories,58.0,3,22/10/21,21:39:00,Ewallet,5.0,0.48,174.0,83.52
3475,WALM094,Alamo,Home and lifestyle,75.0,3,24/10/23,9:32:00,Ewallet,6.0,0.33,225.0,74.25
3476,WALM062,Galveston,Fashion accessories,41.0,1,30/10/23,9:16:00,Ewallet,6.0,0.33,41.0,13.53
3477,WALM036,Allen,Home and lifestyle,84.0,1,27/11/21,19:46:00,Ewallet,8.0,0.48,84.0,40.32
3478,WALM090,Brownwood,Fashion accessories,15.0,1,08/08/21,9:39:00,Ewallet,7.0,0.33,15.0,4.95
3479,WALM096,Eagle Pass,Home and lifestyle,55.0,1,15/08/23,16:20:00,Ewallet,7.0,0.18,55.0,9.9
3480,WALM092,Lake Jackson,Fashion accessories,17.0,1,19/10/23,17:19:00,Ewallet,9.0,0.33,17.0,5.61
3481,WALM008,Corpus Christi,Home and lifestyle,77.0,1,03/09/21,7:09:00,Ewallet,8.0,0.48,77.0,36.96
3482,WALM079,La Porte,Fashion accessories,70.0,2,13/08/23,12:00:00,Ewallet,4.0,0.33,140.0,46.2
3483,WALM027,Abilene,Home and lifestyle,18.0,3,13/12/23,17:05:00,Ewallet,7.0,0.48,54.0,25.92
3484,WALM044,Pharr,Fashion accessories,79.0,3,10/08/23,16:39:00,Ewallet,7.0,0.48,237.0,113.76
3485,WALM051,New Braunfels,Home and lifestyle,66.0,2,24/08/23,12:48:00,Ewallet,5.0,0.48,132.0,63.36
3486,WALM047,Flower Mound,Fashion accessories,33.0,1,03/08/21,20:34:00,Ewallet,8.0,0.48,33.0,15.84
3487,WALM060,DeSoto,Home and lifestyle,34.0,1,14/08/21,12:06:00,Ewallet,7.0,0.33,34.0,11.22
3488,WALM014,Amarillo,Fashion accessories,23.0,1,03/09/22,20:00:00,Ewallet,7.0,0.48,23.0,11.04
3489,WALM100,Canyon,Home and lifestyle,57.0,3,27/10/20,16:52:00,Ewallet,5.0,0.18,171.0,30.78
3490,WALM062,Galveston,Fashion accessories,20.0,2,27/12/23,16:20:00,Ewallet,8.0,0.33,40.0,13.2
3491,WALM012,Garland,Home and lifestyle,30.0,2,15/08/21,17:12:00,Ewallet,8.0,0.48,60.0,28.8
3492,WALM066,Grapevine,Fashion accessories,85.0,3,31/08/20,13:45:00,Ewallet,4.0,0.33,255.0,84.15
3493,WALM094,Alamo,Home and lifestyle,68.0,1,15/09/20,15:55:00,Ewallet,9.0,0.33,68.0,22.44
3494,WALM051,New Braunfels,Fashion accessories,19.0,3,04/12/20,13:25:00,Ewallet,8.0,0.57,57.0,32.49
3495,WALM047,Flower Mound,Home and lifestyle,22.0,2,10/09/22,15:53:00,Ewallet,5.0,0.48,44.0,21.12
3496,WALM021,McAllen,Fashion accessories,27.0,2,16/09/21,11:23:00,Ewallet,4.0,0.48,54.0,25.92
3497,WALM057,Euless,Home and lifestyle,51.0,3,10/11/22,15:27:00,Ewallet,9.0,0.33,153.0,50.49
3498,WALM045,Missouri City,Fashion accessories,20.0,3,10/08/20,17:51:00,Credit card,5.0,0.48,60.0,28.8
3499,WALM008,Corpus Christi,Home and lifestyle,24.0,3,22/10/23,14:40:00,Ewallet,9.0,0.48,72.0,34.56
3500,WALM060,DeSoto,Fashion accessories,65.0,3,08/10/22,10:52:00,Ewallet,4.0,0.33,195.0,64.35
3501,WALM015,Grand Prairie,Home and lifestyle,43.0,2,29/10/23,13:26:00,Ewallet,4.0,0.48,86.0,41.28
3502,WALM100,Canyon,Fashion accessories,52.0,2,09/09/20,15:59:00,Ewallet,5.0,0.18,104.0,18.72
3503,WALM008,Corpus Christi,Home and lifestyle,23.0,3,07/11/21,7:02:00,Ewallet,9.0,0.48,69.0,33.12
3504,WALM052,Mansfield,Fashion accessories,64.0,2,05/11/23,12:05:00,Ewallet,8.0,0.57,128.0,72.96
3505,WALM066,Grapevine,Home and lifestyle,62.0,2,24/09/23,9:17:00,Ewallet,8.0,0.33,124.0,40.92
3506,WALM076,Huntsville,Fashion accessories,62.0,1,18/09/22,8:29:00,Ewallet,5.0,0.33,62.0,20.46
3507,WALM012,Garland,Home and lifestyle,58.0,2,09/08/23,7:33:00,Ewallet,5.0,0.48,116.0,55.68
3508,WALM043,Baytown,Fashion accessories,25.0,1,28/09/23,17:29:00,Ewallet,5.0,0.48,25.0,12.0
3509,WALM069,Rockwall,Home and lifestyle,30.0,2,19/11/20,15:31:00,Ewallet,7.0,0.33,60.0,19.8
3510,WALM066,Grapevine,Fashion accessories,29.0,2,03/12/22,18:54:00,Ewallet,9.0,0.33,58.0,19.14
3511,WALM011,Lubbock,Home and lifestyle,38.0,2,17/11/21,17:47:00,Ewallet,4.0,0.48,76.0,36.48
3512,WALM024,Carrollton,Fashion accessories,83.0,1,20/09/23,15:41:00,Ewallet,5.0,0.48,83.0,39.84
3513,WALM039,Longview,Home and lifestyle,54.0,3,26/10/21,18:36:00,Ewallet,8.0,0.48,162.0,77.76
3514,WALM016,Brownsville,Fashion accessories,66.0,2,04/10/20,16:50:00,Ewallet,7.0,0.48,132.0,63.36
3515,WALM048,Harlingen,Home and lifestyle,26.0,3,25/12/23,19:33:00,Ewallet,4.0,0.48,78.0,37.44
3516,WALM071,Lufkin,Fashion accessories,71.0,1,26/11/23,20:49:00,Ewallet,8.0,0.33,71.0,23.43
3517,WALM021,McAllen,Home and lifestyle,32.0,1,08/08/20,17:44:00,Ewallet,8.0,0.48,32.0,15.36
3518,WALM044,Pharr,Fashion accessories,54.0,1,20/10/22,20:42:00,Ewallet,6.0,0.48,54.0,25.92
3519,WALM026,Denton,Home and lifestyle,76.0,3,09/11/21,15:21:00,Ewallet,8.0,0.48,228.0,109.44
3520,WALM033,Pearland,Fashion accessories,38.0,2,07/08/23,19:08:00,Ewallet,4.0,0.48,76.0,36.48
3521,WALM022,Mesquite,Home and lifestyle,61.0,2,19/09/20,15:08:00,Ewallet,8.0,0.48,122.0,58.56
3522,WALM018,Frisco,Fashion accessories,38.0,3,19/09/23,16:33:00,Ewallet,6.0,0.48,114.0,54.72
3523,WALM028,Odessa,Home and lifestyle,76.0,1,20/08/21,19:20:00,Ewallet,7.0,0.48,76.0,36.48
3524,WALM048,Harlingen,Fashion accessories,60.0,2,15/11/23,20:58:00,Ewallet,7.0,0.48,120.0,57.6
3525,WALM069,Rockwall,Home and lifestyle,76.0,1,28/08/22,18:39:00,Ewallet,7.0,0.33,76.0,25.08
3526,WALM024,Carrollton,Fashion accessories,79.0,1,17/09/21,16:30:00,Ewallet,7.0,0.48,79.0,37.92
3527,WALM021,McAllen,Home and lifestyle,33.0,1,01/08/20,18:05:00,Ewallet,4.0,0.48,33.0,15.84
3528,WALM048,Harlingen,Fashion accessories,49.0,1,30/12/21,20:12:00,Ewallet,4.0,0.48,49.0,23.52
3529,WALM083,Farmers Branch,Home and lifestyle,84.0,3,27/08/22,16:44:00,Ewallet,9.0,0.33,252.0,83.16
3530,WALM051,New Braunfels,Fashion accessories,65.0,1,23/11/22,19:55:00,Ewallet,9.0,0.57,65.0,37.05
3531,WALM053,Conroe,Home and lifestyle,60.0,2,28/09/23,15:34:00,Ewallet,6.0,0.57,120.0,68.4
3532,WALM085,Kerrville,Fashion accessories,40.0,3,17/12/22,16:42:00,Ewallet,4.0,0.33,120.0,39.6
3533,WALM068,Burleson,Home and lifestyle,50.0,1,21/08/20,19:00:00,Ewallet,5.0,0.33,50.0,16.5
3534,WALM080,Nacogdoches,Fashion accessories,65.0,3,14/12/20,20:25:00,Ewallet,4.0,0.33,195.0,64.35
3535,WALM063,Georgetown,Home and lifestyle,81.0,2,28/08/23,15:33:00,Ewallet,4.0,0.33,162.0,53.46
3536,WALM027,Abilene,Fashion accessories,67.0,3,14/11/22,18:10:00,Ewallet,5.0,0.48,201.0,96.48
3537,WALM070,Hurst,Home and lifestyle,30.0,3,17/09/21,16:39:00,Ewallet,8.0,0.33,90.0,29.7
3538,WALM043,Baytown,Fashion accessories,69.0,3,26/08/20,15:43:00,Ewallet,5.0,0.48,207.0,99.36
3539,WALM062,Galveston,Home and lifestyle,59.0,3,09/10/21,15:17:00,Ewallet,5.0,0.33,177.0,58.41
3540,WALM001,Houston,Fashion accessories,37.0,1,10/08/22,15:33:00,Ewallet,5.0,0.36,37.0,13.32
3541,WALM008,Corpus Christi,Home and lifestyle,77.0,2,17/11/20,19:25:00,Ewallet,9.0,0.48,154.0,73.92
3542,WALM014,Amarillo,Fashion accessories,27.0,1,22/08/21,15:18:00,Ewallet,8.0,0.48,27.0,12.96
3543,WALM018,Frisco,Home and lifestyle,28.0,3,25/11/21,17:32:00,Ewallet,9.0,0.48,84.0,40.32
3544,WALM009,Plano,Fashion accessories,60.0,1,15/11/21,16:46:00,Ewallet,6.0,0.48,60.0,28.8
3545,WALM037,League City,Home and lifestyle,51.0,1,11/11/21,18:40:00,Ewallet,9.0,0.48,51.0,24.48
3546,WALM026,Denton,Fashion accessories,32.0,2,18/08/22,16:40:00,Ewallet,7.0,0.48,64.0,30.72
3547,WALM005,Fort Worth,Home and lifestyle,70.0,2,24/09/23,20:11:00,Ewallet,9.0,0.48,140.0,67.2
3548,WALM049,North Richland Hills,Fashion accessories,25.0,2,03/10/22,20:48:00,Ewallet,4.0,0.48,50.0,24.0
3549,WALM012,Garland,Home and lifestyle,34.0,1,06/08/21,16:27:00,Ewallet,6.0,0.48,34.0,16.32
3550,WALM042,Bryan,Fashion accessories,17.0,1,10/08/21,15:18:00,Ewallet,4.0,0.48,17.0,8.16
3551,WALM022,Mesquite,Home and lifestyle,68.0,1,21/11/20,17:06:00,Ewallet,7.0,0.48,68.0,32.64
3552,WALM088,Cleburne,Fashion accessories,73.0,3,17/09/22,15:01:00,Ewallet,5.0,0.33,219.0,72.27
3553,WALM004,Austin,Home and lifestyle,58.0,2,07/08/21,16:55:00,Ewallet,9.0,0.48,116.0,55.68
3554,WALM044,Pharr,Fashion accessories,46.0,2,27/11/22,17:13:00,Ewallet,5.0,0.48,92.0,44.16
3555,WALM045,Missouri City,Home and lifestyle,58.0,3,07/09/21,15:22:00,Credit card,8.0,0.48,174.0,83.52
3556,WALM030,Richardson,Fashion accessories,44.0,1,01/11/23,16:57:00,Ewallet,9.0,0.48,44.0,21.12
3557,WALM028,Odessa,Home and lifestyle,33.0,1,25/12/21,15:48:00,Ewallet,5.0,0.48,33.0,15.84
3558,WALM060,DeSoto,Fashion accessories,47.0,1,15/12/23,15:07:00,Ewallet,7.0,0.33,47.0,15.51
3559,WALM028,Odessa,Home and lifestyle,20.0,2,20/09/23,18:41:00,Ewallet,6.0,0.48,40.0,19.2
3560,WALM013,Irving,Fashion accessories,80.0,1,29/09/20,15:32:00,Ewallet,7.0,0.48,80.0,38.4
3561,WALM059,Pflugerville,Home and lifestyle,36.0,3,25/09/20,17:00:00,Ewallet,8.0,0.33,108.0,35.64
3562,WALM091,Little Elm,Fashion accessories,76.0,3,03/08/23,19:26:00,Ewallet,8.0,0.33,228.0,75.24
3563,WALM098,Mineral Wells,Home and lifestyle,54.0,3,14/11/20,19:50:00,Ewallet,8.0,0.18,162.0,29.16
3564,WALM063,Georgetown,Fashion accessories,38.0,1,11/09/22,15:16:00,Ewallet,7.0,0.33,38.0,12.54
3565,WALM005,Fort Worth,Home and lifestyle,51.0,1,19/11/20,17:37:00,Ewallet,6.0,0.48,51.0,24.48
3566,WALM030,Richardson,Fashion accessories,40.0,2,11/09/20,17:46:00,Ewallet,6.0,0.48,80.0,38.4
3567,WALM059,Pflugerville,Home and lifestyle,65.0,2,18/12/20,15:33:00,Ewallet,9.0,0.33,130.0,42.9
3568,WALM039,Longview,Fashion accessories,80.0,1,08/10/23,16:47:00,Ewallet,7.0,0.48,80.0,38.4
3569,WALM001,Houston,Home and lifestyle,70.0,3,22/08/21,16:36:00,Ewallet,6.0,0.36,210.0,75.6
3570,WALM049,North Richland Hills,Fashion accessories,43.0,2,12/12/23,17:49:00,Ewallet,4.0,0.48,86.0,41.28
3571,WALM080,Nacogdoches,Home and lifestyle,53.0,3,03/09/21,15:30:00,Ewallet,8.0,0.33,159.0,52.47
3572,WALM010,Laredo,Fashion accessories,80.0,2,19/09/20,17:04:00,Ewallet,8.0,0.48,160.0,76.8
3573,WALM014,Amarillo,Home and lifestyle,63.0,2,31/12/21,20:59:00,Ewallet,8.0,0.48,126.0,60.48
3574,WALM045,Missouri City,Fashion accessories,28.0,2,12/10/22,18:03:00,Credit card,5.0,0.48,56.0,26.88
3575,WALM018,Frisco,Home and lifestyle,77.0,2,30/11/20,19:40:00,Ewallet,9.0,0.48,154.0,73.92
3576,WALM070,Hurst,Fashion accessories,24.0,1,31/12/22,20:30:00,Ewallet,7.0,0.33,24.0,7.92
3577,WALM066,Grapevine,Home and lifestyle,33.0,1,13/10/21,19:34:00,Ewallet,4.0,0.33,33.0,10.89
3578,WALM012,Garland,Fashion accessories,24.0,2,15/10/21,20:25:00,Ewallet,5.0,0.48,48.0,23.04
3579,WALM033,Pearland,Home and lifestyle,30.0,1,11/10/22,18:19:00,Ewallet,5.0,0.48,30.0,14.4
3580,WALM063,Georgetown,Fashion accessories,56.0,2,17/09/23,18:39:00,Ewallet,6.0,0.33,112.0,36.96
3581,WALM024,Carrollton,Home and lifestyle,46.0,1,21/12/22,18:51:00,Ewallet,5.0,0.48,46.0,22.08
3582,WALM045,Missouri City,Fashion accessories,51.0,1,23/09/20,16:22:00,Credit card,9.0,0.48,51.0,24.48
3583,WALM041,Mission,Home and lifestyle,81.0,2,15/10/21,16:59:00,Ewallet,6.0,0.48,162.0,77.76
3584,WALM012,Garland,Fashion accessories,60.0,2,14/09/21,16:53:00,Ewallet,4.0,0.48,120.0,57.6
3585,WALM079,La Porte,Home and lifestyle,79.0,3,30/12/22,17:52:00,Ewallet,4.0,0.33,237.0,78.21
3586,WALM067,Haltom City,Fashion accessories,23.0,3,13/10/21,17:28:00,Ewallet,5.0,0.33,69.0,22.77
3587,WALM083,Farmers Branch,Home and lifestyle,46.0,2,13/11/20,17:32:00,Ewallet,6.0,0.33,92.0,30.36
3588,WALM005,Fort Worth,Fashion accessories,30.0,3,21/08/22,20:47:00,Ewallet,5.0,0.48,90.0,43.2
3589,WALM010,Laredo,Home and lifestyle,28.0,3,23/11/22,18:01:00,Ewallet,9.0,0.48,84.0,40.32
3590,WALM077,Coppell,Fashion accessories,56.0,1,02/11/23,18:14:00,Ewallet,6.0,0.33,56.0,18.48
3591,WALM002,Dallas,Home and lifestyle,17.0,3,16/11/21,18:30:00,Ewallet,6.0,0.36,51.0,18.36
3592,WALM026,Denton,Fashion accessories,85.0,3,06/09/23,18:23:00,Ewallet,5.0,0.48,255.0,122.4
3593,WALM027,Abilene,Home and lifestyle,85.0,1,11/10/20,19:10:00,Ewallet,7.0,0.48,85.0,40.8
3594,WALM036,Allen,Fashion accessories,21.0,2,20/12/20,15:30:00,Ewallet,7.0,0.48,42.0,20.16
3595,WALM037,League City,Home and lifestyle,78.0,2,07/12/21,20:15:00,Ewallet,8.0,0.48,156.0,74.88
3596,WALM059,Pflugerville,Fashion accessories,20.0,1,08/09/22,18:55:00,Ewallet,8.0,0.33,20.0,6.6
3597,WALM078,Del Rio,Home and lifestyle,18.0,1,03/08/21,20:56:00,Ewallet,9.0,0.33,18.0,5.94
3598,WALM018,Frisco,Fashion accessories,65.0,2,18/08/23,18:01:00,Ewallet,9.0,0.48,130.0,62.4
3599,WALM033,Pearland,Home and lifestyle,67.0,1,04/12/22,15:09:00,Ewallet,4.0,0.48,67.0,32.16
3600,WALM062,Galveston,Fashion accessories,74.0,3,23/12/21,16:21:00,Ewallet,4.0,0.33,222.0,73.26
3601,WALM034,College Station,Home and lifestyle,74.0,2,05/10/23,18:27:00,Ewallet,6.0,0.48,148.0,71.04
3602,WALM083,Farmers Branch,Fashion accessories,84.0,1,02/11/20,19:19:00,Ewallet,4.0,0.33,84.0,27.72
3603,WALM040,Edinburg,Home and lifestyle,34.0,1,09/08/20,16:43:00,Ewallet,9.0,0.48,34.0,16.32
3604,WALM090,Brownwood,Fashion accessories,17.0,2,04/08/21,20:40:00,Ewallet,8.0,0.33,34.0,11.22
3605,WALM043,Baytown,Home and lifestyle,26.0,2,28/10/21,20:19:00,Ewallet,6.0,0.48,52.0,24.96
3606,WALM018,Frisco,Fashion accessories,80.0,2,19/11/21,17:20:00,Ewallet,9.0,0.48,160.0,76.8
3607,WALM062,Galveston,Home and lifestyle,23.0,2,25/10/21,18:20:00,Ewallet,7.0,0.33,46.0,15.18
3608,WALM057,Euless,Fashion accessories,73.0,3,31/10/23,17:02:00,Ewallet,4.0,0.33,219.0,72.27
3609,WALM028,Odessa,Home and lifestyle,82.0,1,29/12/21,20:49:00,Ewallet,7.0,0.48,82.0,39.36
3610,WALM088,Cleburne,Fashion accessories,81.0,3,21/10/22,17:55:00,Ewallet,9.0,0.33,243.0,80.19
3611,WALM081,Friendswood,Home and lifestyle,57.0,3,09/09/22,19:00:00,Ewallet,6.0,0.33,171.0,56.43
3612,WALM057,Euless,Fashion accessories,32.0,3,03/11/22,16:44:00,Ewallet,7.0,0.33,96.0,31.68
3613,WALM058,Port Arthur,Home and lifestyle,25.0,3,24/09/20,15:09:00,Ewallet,7.0,0.33,75.0,24.75
3614,WALM047,Flower Mound,Fashion accessories,49.0,1,09/12/20,18:29:00,Ewallet,6.0,0.48,49.0,23.52
3615,WALM085,Kerrville,Home and lifestyle,48.0,2,21/11/23,15:08:00,Ewallet,4.0,0.33,96.0,31.68
3616,WALM092,Lake Jackson,Fashion accessories,37.0,1,01/10/21,15:55:00,Ewallet,8.0,0.33,37.0,12.21
3617,WALM037,League City,Home and lifestyle,32.0,3,22/08/22,20:44:00,Ewallet,9.0,0.48,96.0,46.08
3618,WALM021,McAllen,Fashion accessories,41.0,1,14/08/23,19:50:00,Ewallet,5.0,0.48,41.0,19.68
3619,WALM028,Odessa,Home and lifestyle,29.0,3,09/12/23,16:25:00,Ewallet,7.0,0.48,87.0,41.76
3620,WALM020,Killeen,Fashion accessories,18.0,2,24/08/23,18:32:00,Ewallet,4.0,0.48,36.0,17.28
3621,WALM078,Del Rio,Home and lifestyle,35.0,3,02/09/20,15:53:00,Ewallet,5.0,0.33,105.0,34.65
3622,WALM079,La Porte,Fashion accessories,67.0,3,21/11/20,19:43:00,Ewallet,6.0,0.33,201.0,66.33
3623,WALM045,Missouri City,Home and lifestyle,45.0,1,07/12/23,17:16:00,Credit card,8.0,0.48,45.0,21.6
3624,WALM078,Del Rio,Fashion accessories,79.0,1,26/11/23,16:45:00,Ewallet,8.0,0.33,79.0,26.07
3625,WALM028,Odessa,Home and lifestyle,63.0,2,05/08/20,18:57:00,Ewallet,8.0,0.48,126.0,60.48
3626,WALM030,Richardson,Fashion accessories,23.0,2,30/12/20,17:19:00,Ewallet,6.0,0.48,46.0,22.08
3627,WALM012,Garland,Home and lifestyle,23.0,3,24/10/21,20:55:00,Ewallet,4.0,0.48,69.0,33.12
3628,WALM068,Burleson,Fashion accessories,64.0,1,23/09/20,15:11:00,Ewallet,8.0,0.33,64.0,21.12
3629,WALM064,Bedford,Home and lifestyle,15.0,1,11/11/22,18:45:00,Ewallet,6.0,0.33,15.0,4.95
3630,WALM093,Angleton,Fashion accessories,68.0,1,16/08/23,15:50:00,Ewallet,8.0,0.33,68.0,22.44
3631,WALM068,Burleson,Home and lifestyle,81.0,2,05/08/21,15:30:00,Ewallet,6.0,0.33,162.0,53.46
3632,WALM094,Alamo,Fashion accessories,43.0,2,03/10/23,18:56:00,Ewallet,9.0,0.33,86.0,28.38
3633,WALM009,Plano,Home and lifestyle,73.0,1,30/08/23,15:15:00,Ewallet,8.0,0.48,73.0,35.04
3634,WALM012,Garland,Fashion accessories,41.0,3,22/08/23,17:01:00,Ewallet,6.0,0.48,123.0,59.04
3635,WALM051,New Braunfels,Home and lifestyle,21.0,2,31/08/23,16:17:00,Ewallet,5.0,0.48,42.0,20.16
3636,WALM027,Abilene,Fashion accessories,45.0,3,16/12/21,15:07:00,Ewallet,5.0,0.48,135.0,64.8
3637,WALM091,Little Elm,Home and lifestyle,35.0,3,30/08/20,17:37:00,Ewallet,4.0,0.33,105.0,34.65
3638,WALM081,Friendswood,Fashion accessories,16.0,2,07/10/22,15:48:00,Ewallet,5.0,0.33,32.0,10.56
3639,WALM017,McKinney,Home and lifestyle,44.0,1,22/12/20,19:59:00,Ewallet,5.0,0.48,44.0,21.12
3640,WALM052,Mansfield,Fashion accessories,66.0,3,16/12/21,16:44:00,Ewallet,4.0,0.57,198.0,112.86
3641,WALM007,Arlington,Home and lifestyle,15.0,2,13/08/20,21:00:00,Ewallet,6.0,0.48,30.0,14.4
3642,WALM088,Cleburne,Fashion accessories,55.0,2,30/09/20,16:42:00,Ewallet,8.0,0.33,110.0,36.3
3643,WALM092,Lake Jackson,Home and lifestyle,64.0,1,05/11/23,18:30:00,Ewallet,5.0,0.33,64.0,21.12
3644,WALM043,Baytown,Fashion accessories,30.0,3,29/12/23,21:00:00,Ewallet,9.0,0.48,90.0,43.2
3645,WALM053,Conroe,Home and lifestyle,16.0,3,01/09/22,18:49:00,Ewallet,7.0,0.57,48.0,27.36
3646,WALM069,Rockwall,Fashion accessories,36.0,3,08/08/22,19:15:00,Ewallet,5.0,0.33,108.0,35.64
3647,WALM093,Angleton,Home and lifestyle,55.0,3,15/09/23,17:07:00,Ewallet,6.0,0.33,165.0,54.45
3648,WALM094,Alamo,Fashion accessories,85.0,2,21/10/20,15:47:00,Ewallet,7.0,0.33,170.0,56.1
3649,WALM047,Flower Mound,Home and lifestyle,35.0,3,10/09/21,16:57:00,Ewallet,5.0,0.48,105.0,50.4
3650,WALM067,Haltom City,Fashion accessories,70.0,2,26/09/22,15:48:00,Ewallet,7.0,0.33,140.0,46.2
3651,WALM091,Little Elm,Home and lifestyle,46.0,1,02/09/23,17:19:00,Ewallet,6.0,0.33,46.0,15.18
3652,WALM093,Angleton,Fashion accessories,73.0,3,19/12/21,16:38:00,Ewallet,7.0,0.33,219.0,72.27
3653,WALM053,Conroe,Home and lifestyle,85.0,2,13/09/21,16:21:00,Ewallet,5.0,0.57,170.0,96.9
3654,WALM093,Angleton,Fashion accessories,15.0,3,16/11/21,18:44:00,Ewallet,6.0,0.33,45.0,14.85
3655,WALM057,Euless,Home and lifestyle,55.0,3,22/12/23,16:13:00,Ewallet,6.0,0.33,165.0,54.45
3656,WALM002,Dallas,Fashion accessories,49.0,3,15/09/22,16:27:00,Ewallet,9.0,0.36,147.0,52.92
3657,WALM059,Pflugerville,Home and lifestyle,30.0,3,29/09/20,18:33:00,Ewallet,9.0,0.33,90.0,29.7
3658,WALM044,Pharr,Fashion accessories,55.0,2,10/11/20,19:07:00,Ewallet,7.0,0.48,110.0,52.8
3659,WALM051,New Braunfels,Home and lifestyle,79.0,3,10/12/23,20:32:00,Ewallet,7.0,0.48,237.0,113.76
3660,WALM001,Houston,Fashion accessories,47.0,3,22/10/22,20:21:00,Ewallet,7.0,0.36,141.0,50.76
3661,WALM021,McAllen,Home and lifestyle,76.0,1,26/09/20,16:27:00,Ewallet,5.0,0.48,76.0,36.48
3662,WALM018,Frisco,Fashion accessories,36.0,2,28/11/22,18:13:00,Ewallet,9.0,0.48,72.0,34.56
3663,WALM078,Del Rio,Home and lifestyle,59.0,2,18/11/22,17:26:00,Ewallet,8.0,0.33,118.0,38.94
3664,WALM051,New Braunfels,Fashion accessories,60.0,2,30/09/22,16:00:00,Ewallet,6.0,0.57,120.0,68.4
3665,WALM015,Grand Prairie,Home and lifestyle,32.0,3,01/12/20,20:47:00,Ewallet,7.0,0.48,96.0,46.08
3666,WALM072,Lancaster,Fashion accessories,29.0,2,27/09/21,17:06:00,Ewallet,8.0,0.33,58.0,19.14
3667,WALM005,Fort Worth,Home and lifestyle,18.0,2,13/09/23,18:46:00,Ewallet,9.0,0.48,36.0,17.28
3668,WALM004,Austin,Fashion accessories,18.0,2,01/08/23,15:48:00,Ewallet,4.0,0.48,36.0,17.28
3669,WALM059,Pflugerville,Home and lifestyle,80.0,1,04/11/20,18:56:00,Ewallet,4.0,0.33,80.0,26.4
3670,WALM019,Pasadena,Fashion accessories,62.0,2,03/11/20,15:42:00,Ewallet,8.0,0.48,124.0,59.52
3671,WALM047,Flower Mound,Home and lifestyle,25.0,2,22/11/22,20:15:00,Ewallet,4.0,0.48,50.0,24.0
3672,WALM100,Canyon,Fashion accessories,38.0,1,14/10/20,18:10:00,Ewallet,5.0,0.18,38.0,6.84
3673,WALM042,Bryan,Home and lifestyle,81.0,1,10/11/23,17:20:00,Ewallet,5.0,0.48,81.0,38.88
3674,WALM096,Eagle Pass,Fashion accessories,48.0,3,29/10/22,16:18:00,Ewallet,7.0,0.18,144.0,25.92
3675,WALM015,Grand Prairie,Home and lifestyle,33.0,3,10/10/22,18:12:00,Ewallet,7.0,0.48,99.0,47.52
3676,WALM081,Friendswood,Fashion accessories,80.0,1,23/11/21,19:44:00,Ewallet,9.0,0.33,80.0,26.4
3677,WALM057,Euless,Home and lifestyle,37.0,3,21/11/21,19:29:00,Ewallet,7.0,0.33,111.0,36.63
3678,WALM079,La Porte,Fashion accessories,66.0,2,18/08/20,16:30:00,Ewallet,9.0,0.33,132.0,43.56
3679,WALM022,Mesquite,Home and lifestyle,72.0,2,20/11/21,17:36:00,Ewallet,8.0,0.48,144.0,69.12
3680,WALM043,Baytown,Fashion accessories,75.0,1,29/10/22,18:41:00,Ewallet,7.0,0.48,75.0,36.0
3681,WALM095,Big Spring,Home and lifestyle,24.0,3,10/11/20,19:14:00,Ewallet,8.0,0.33,72.0,23.76
3682,WALM053,Conroe,Fashion accessories,56.0,3,18/10/21,20:35:00,Ewallet,6.0,0.21,168.0,35.28
3683,WALM053,Conroe,Home and lifestyle,61.0,1,08/08/20,16:05:00,Ewallet,7.0,0.57,61.0,34.77
3684,WALM070,Hurst,Fashion accessories,44.0,1,03/10/22,20:04:00,Ewallet,4.0,0.33,44.0,14.52
3685,WALM070,Hurst,Home and lifestyle,60.0,3,24/09/23,16:18:00,Ewallet,5.0,0.33,180.0,59.4
3686,WALM094,Alamo,Fashion accessories,25.0,2,29/10/20,20:29:00,Ewallet,4.0,0.33,50.0,16.5
3687,WALM041,Mission,Home and lifestyle,70.0,3,09/12/20,15:31:00,Ewallet,9.0,0.48,210.0,100.8
3688,WALM014,Amarillo,Fashion accessories,62.0,2,17/09/23,19:48:00,Ewallet,6.0,0.48,124.0,59.52
3689,WALM079,La Porte,Home and lifestyle,76.0,3,04/08/23,17:55:00,Ewallet,7.0,0.33,228.0,75.24
3690,WALM037,League City,Fashion accessories,38.0,1,25/08/23,19:44:00,Ewallet,4.0,0.48,38.0,18.24
3691,WALM083,Farmers Branch,Home and lifestyle,50.0,1,30/10/22,16:21:00,Ewallet,6.0,0.33,50.0,16.5
3692,WALM068,Burleson,Fashion accessories,19.0,1,01/12/21,19:49:00,Ewallet,7.0,0.33,19.0,6.27
3693,WALM040,Edinburg,Home and lifestyle,30.0,3,23/09/22,15:53:00,Ewallet,5.0,0.48,90.0,43.2
3694,WALM005,Fort Worth,Fashion accessories,23.0,2,29/08/23,20:09:00,Ewallet,6.0,0.48,46.0,22.08
3695,WALM085,Kerrville,Home and lifestyle,23.0,2,03/08/20,16:28:00,Ewallet,8.0,0.33,46.0,15.18
3696,WALM091,Little Elm,Fashion accessories,16.0,1,04/08/20,17:36:00,Ewallet,7.0,0.33,16.0,5.28
3697,WALM053,Conroe,Home and lifestyle,53.0,1,17/11/22,17:18:00,Ewallet,8.0,0.57,53.0,30.21
3698,WALM028,Odessa,Fashion accessories,35.0,3,16/08/21,19:44:00,Ewallet,6.0,0.48,105.0,50.4
3699,WALM049,North Richland Hills,Home and lifestyle,80.0,1,08/09/21,15:10:00,Ewallet,4.0,0.48,80.0,38.4
3700,WALM095,Big Spring,Fashion accessories,82.0,1,31/08/21,18:49:00,Ewallet,5.0,0.33,82.0,27.06
3701,WALM017,McKinney,Home and lifestyle,56.0,2,25/12/23,19:50:00,Ewallet,4.0,0.48,112.0,53.76
3702,WALM030,Richardson,Fashion accessories,54.0,3,23/10/21,19:14:00,Ewallet,5.0,0.48,162.0,77.76
3703,WALM042,Bryan,Home and lifestyle,48.0,2,03/08/23,19:54:00,Ewallet,6.0,0.48,96.0,46.08
3704,WALM078,Del Rio,Fashion accessories,80.0,3,15/12/23,16:14:00,Ewallet,6.0,0.33,240.0,79.2
3705,WALM041,Mission,Home and lifestyle,53.0,1,08/08/23,20:13:00,Ewallet,6.0,0.48,53.0,25.44
3706,WALM071,Lufkin,Fashion accessories,71.0,2,13/12/22,19:30:00,Ewallet,6.0,0.33,142.0,46.86
3707,WALM091,Little Elm,Home and lifestyle,67.0,1,24/09/22,20:58:00,Ewallet,4.0,0.33,67.0,22.11
3708,WALM063,Georgetown,Fashion accessories,61.0,3,08/11/20,20:27:00,Ewallet,7.0,0.33,183.0,60.39
3709,WALM001,Houston,Home and lifestyle,41.0,2,26/12/22,17:00:00,Ewallet,5.0,0.36,82.0,29.52
3710,WALM066,Grapevine,Fashion accessories,77.0,3,04/08/20,17:00:00,Ewallet,8.0,0.33,231.0,76.23
3711,WALM007,Arlington,Home and lifestyle,39.0,2,17/08/22,20:20:00,Ewallet,4.0,0.48,78.0,37.44
3712,WALM091,Little Elm,Fashion accessories,28.0,1,01/12/23,15:16:00,Ewallet,5.0,0.33,28.0,9.24
3713,WALM034,College Station,Home and lifestyle,84.0,2,08/10/21,17:55:00,Ewallet,7.0,0.48,168.0,80.64
3714,WALM076,Huntsville,Fashion accessories,68.0,2,15/09/22,16:14:00,Ewallet,5.0,0.33,136.0,44.88
3715,WALM012,Garland,Home and lifestyle,62.0,1,15/11/22,15:05:00,Ewallet,7.0,0.48,62.0,29.76
3716,WALM052,Mansfield,Fashion accessories,45.0,1,17/12/23,15:45:00,Ewallet,4.0,0.57,45.0,25.65
3717,WALM071,Lufkin,Home and lifestyle,28.0,1,09/10/20,15:07:00,Ewallet,9.0,0.33,28.0,9.24
3718,WALM051,New Braunfels,Fashion accessories,68.0,2,18/08/20,19:44:00,Ewallet,6.0,0.57,136.0,77.52
3719,WALM066,Grapevine,Home and lifestyle,84.0,1,14/09/20,19:11:00,Ewallet,5.0,0.33,84.0,27.72
3720,WALM091,Little Elm,Fashion accessories,56.0,2,06/11/22,19:42:00,Ewallet,9.0,0.33,112.0,36.96
3721,WALM059,Pflugerville,Home and lifestyle,24.0,3,15/08/23,15:38:00,Ewallet,7.0,0.33,72.0,23.76
3722,WALM042,Bryan,Fashion accessories,36.0,2,05/11/21,16:38:00,Ewallet,6.0,0.48,72.0,34.56
3723,WALM034,College Station,Home and lifestyle,31.0,3,06/12/20,16:28:00,Ewallet,8.0,0.48,93.0,44.64
3724,WALM092,Lake Jackson,Fashion accessories,15.0,3,23/12/21,17:58:00,Ewallet,5.0,0.33,45.0,14.85
3725,WALM061,Cedar Park,Home and lifestyle,83.0,3,29/12/23,16:54:00,Ewallet,5.0,0.33,249.0,82.17
3726,WALM022,Mesquite,Fashion accessories,31.0,2,25/10/20,18:30:00,Ewallet,4.0,0.48,62.0,29.76
3727,WALM091,Little Elm,Home and lifestyle,62.0,1,30/11/22,19:04:00,Ewallet,5.0,0.33,62.0,20.46
3728,WALM033,Pearland,Fashion accessories,58.0,2,18/12/22,18:48:00,Ewallet,8.0,0.48,116.0,55.68
3729,WALM061,Cedar Park,Home and lifestyle,37.0,1,10/09/20,15:01:00,Ewallet,7.0,0.33,37.0,12.21
3730,WALM023,Midland,Fashion accessories,81.0,1,15/08/22,17:04:00,Ewallet,7.0,0.48,81.0,38.88
3731,WALM071,Lufkin,Home and lifestyle,51.0,1,07/08/22,18:12:00,Ewallet,7.0,0.33,51.0,16.83
3732,WALM085,Kerrville,Fashion accessories,21.0,1,05/10/23,17:25:00,Ewallet,5.0,0.33,21.0,6.93
3733,WALM018,Frisco,Home and lifestyle,80.0,2,26/09/23,18:31:00,Ewallet,9.0,0.48,160.0,76.8
3734,WALM005,Fort Worth,Fashion accessories,43.0,3,21/11/20,17:40:00,Ewallet,8.0,0.48,129.0,61.92
3735,WALM062,Galveston,Home and lifestyle,26.0,2,01/10/23,18:46:00,Ewallet,6.0,0.33,52.0,17.16
3736,WALM098,Mineral Wells,Fashion accessories,62.0,3,30/09/22,17:04:00,Ewallet,9.0,0.18,186.0,33.48
3737,WALM009,Plano,Home and lifestyle,38.0,2,28/08/21,19:41:00,Ewallet,4.0,0.48,76.0,36.48
3738,WALM048,Harlingen,Fashion accessories,67.0,3,09/08/21,20:00:00,Ewallet,8.0,0.48,201.0,96.48
3739,WALM069,Rockwall,Home and lifestyle,22.0,3,17/12/21,20:34:00,Ewallet,6.0,0.33,66.0,21.78
3740,WALM081,Friendswood,Fashion accessories,23.0,3,08/08/22,19:30:00,Ewallet,4.0,0.33,69.0,22.77
3741,WALM010,Laredo,Home and lifestyle,31.0,3,17/09/23,20:41:00,Ewallet,8.0,0.48,93.0,44.64
3742,WALM053,Conroe,Fashion accessories,49.0,1,12/11/22,19:38:00,Ewallet,8.0,0.21,49.0,10.29
3743,WALM019,Pasadena,Home and lifestyle,25.0,2,02/10/23,17:54:00,Ewallet,8.0,0.48,50.0,24.0
3744,WALM077,Coppell,Fashion accessories,44.0,3,19/11/23,17:39:00,Ewallet,6.0,0.33,132.0,43.56
3745,WALM093,Angleton,Home and lifestyle,82.0,3,02/08/21,15:21:00,Ewallet,9.0,0.33,246.0,81.18
3746,WALM098,Mineral Wells,Fashion accessories,26.0,1,31/10/20,17:02:00,Ewallet,8.0,0.18,26.0,4.68
3747,WALM053,Conroe,Home and lifestyle,70.0,3,07/11/20,17:48:00,Ewallet,7.0,0.57,210.0,119.7
3748,WALM004,Austin,Fashion accessories,63.0,3,23/09/20,20:06:00,Ewallet,7.0,0.48,189.0,90.72
3749,WALM018,Frisco,Home and lifestyle,52.0,1,19/11/22,16:11:00,Ewallet,4.0,0.48,52.0,24.96
3750,WALM014,Amarillo,Fashion accessories,29.0,3,01/10/23,17:31:00,Ewallet,8.0,0.48,87.0,41.76
3751,WALM020,Killeen,Home and lifestyle,55.0,1,16/11/20,18:36:00,Ewallet,6.0,0.48,55.0,26.4
3752,WALM030,Richardson,Fashion accessories,75.0,2,09/08/21,15:48:00,Ewallet,6.0,0.48,150.0,72.0
3753,WALM077,Coppell,Home and lifestyle,79.0,2,27/08/23,16:08:00,Ewallet,6.0,0.33,158.0,52.14
3754,WALM069,Rockwall,Fashion accessories,19.0,2,06/12/20,15:57:00,Ewallet,9.0,0.33,38.0,12.54
3755,WALM093,Angleton,Home and lifestyle,32.0,2,25/11/20,18:24:00,Ewallet,4.0,0.33,64.0,21.12
3756,WALM061,Cedar Park,Fashion accessories,64.0,3,10/11/22,20:34:00,Ewallet,8.0,0.33,192.0,63.36
3757,WALM063,Georgetown,Home and lifestyle,57.0,2,29/12/21,16:16:00,Ewallet,7.0,0.33,114.0,37.62
3758,WALM098,Mineral Wells,Fashion accessories,85.0,3,09/09/22,18:16:00,Ewallet,9.0,0.18,255.0,45.9
3759,WALM060,DeSoto,Home and lifestyle,20.0,3,27/09/21,18:18:00,Ewallet,6.0,0.33,60.0,19.8
3760,WALM052,Mansfield,Fashion accessories,19.0,2,09/08/21,15:51:00,Ewallet,7.0,0.57,38.0,21.66
3761,WALM058,Port Arthur,Home and lifestyle,78.0,1,06/08/22,18:00:00,Ewallet,4.0,0.33,78.0,25.74
3762,WALM051,New Braunfels,Fashion accessories,58.0,3,20/10/20,17:32:00,Ewallet,9.0,0.57,174.0,99.18
3763,WALM009,Plano,Home and lifestyle,70.0,1,03/08/23,19:04:00,Ewallet,5.0,0.48,70.0,33.6
3764,WALM007,Arlington,Fashion accessories,37.0,3,22/11/23,20:33:00,Ewallet,6.0,0.48,111.0,53.28
3765,WALM006,El Paso,Home and lifestyle,30.0,3,15/08/23,16:21:00,Ewallet,7.0,0.48,90.0,43.2
3766,WALM070,Hurst,Fashion accessories,32.0,3,20/11/22,20:17:00,Ewallet,4.0,0.33,96.0,31.68
3767,WALM014,Amarillo,Home and lifestyle,36.0,1,24/08/22,18:03:00,Ewallet,9.0,0.48,36.0,17.28
3768,WALM053,Conroe,Fashion accessories,23.0,3,12/11/22,17:17:00,Ewallet,5.0,0.21,69.0,14.49
3769,WALM081,Friendswood,Home and lifestyle,58.0,3,04/10/23,15:24:00,Ewallet,5.0,0.33,174.0,57.42
3770,WALM020,Killeen,Fashion accessories,36.0,1,13/08/22,15:08:00,Ewallet,6.0,0.48,36.0,17.28
3771,WALM006,El Paso,Home and lifestyle,21.0,1,11/09/22,20:16:00,Ewallet,8.0,0.48,21.0,10.08
3772,WALM004,Austin,Fashion accessories,59.0,1,25/10/22,16:34:00,Ewallet,8.0,0.48,59.0,28.32
3773,WALM064,Bedford,Home and lifestyle,44.0,1,26/11/20,17:12:00,Ewallet,5.0,0.33,44.0,14.52
3774,WALM010,Laredo,Fashion accessories,16.0,1,31/08/21,18:27:00,Ewallet,4.0,0.48,16.0,7.68
3775,WALM010,Laredo,Home and lifestyle,73.0,2,23/08/23,16:08:00,Ewallet,6.0,0.48,146.0,70.08
3776,WALM093,Angleton,Fashion accessories,22.0,3,16/12/22,16:35:00,Ewallet,7.0,0.33,66.0,21.78
3777,WALM048,Harlingen,Home and lifestyle,78.0,1,27/09/22,20:24:00,Ewallet,8.0,0.48,78.0,37.44
3778,WALM062,Galveston,Fashion accessories,61.0,2,26/10/22,20:33:00,Ewallet,6.0,0.33,122.0,40.26
3779,WALM090,Brownwood,Home and lifestyle,76.0,2,03/10/22,17:16:00,Ewallet,4.0,0.33,152.0,50.16
3780,WALM091,Little Elm,Fashion accessories,59.0,2,12/10/22,16:52:00,Ewallet,5.0,0.33,118.0,38.94
3781,WALM091,Little Elm,Home and lifestyle,42.0,2,17/10/23,18:53:00,Ewallet,5.0,0.33,84.0,27.72
3782,WALM040,Edinburg,Fashion accessories,41.0,2,24/09/22,16:08:00,Ewallet,8.0,0.48,82.0,39.36
3783,WALM088,Cleburne,Home and lifestyle,80.0,1,14/11/23,19:22:00,Ewallet,7.0,0.33,80.0,26.4
3784,WALM014,Amarillo,Fashion accessories,54.0,1,27/12/20,16:06:00,Ewallet,6.0,0.48,54.0,25.92
3785,WALM076,Huntsville,Home and lifestyle,15.0,3,31/10/20,19:29:00,Ewallet,5.0,0.33,45.0,14.85
3786,WALM083,Farmers Branch,Fashion accessories,22.0,3,21/10/23,15:45:00,Ewallet,9.0,0.33,66.0,21.78
3787,WALM068,Burleson,Home and lifestyle,46.0,2,19/10/21,15:58:00,Ewallet,6.0,0.33,92.0,30.36
3788,WALM034,College Station,Fashion accessories,43.0,3,13/10/22,18:01:00,Ewallet,5.0,0.48,129.0,61.92
3789,WALM066,Grapevine,Home and lifestyle,39.0,2,19/12/22,20:07:00,Ewallet,8.0,0.33,78.0,25.74
3790,WALM068,Burleson,Fashion accessories,74.0,1,24/08/22,16:52:00,Ewallet,6.0,0.33,74.0,24.42
3791,WALM027,Abilene,Home and lifestyle,53.0,1,03/09/21,20:25:00,Ewallet,9.0,0.48,53.0,25.44
3792,WALM100,Canyon,Fashion accessories,36.0,2,14/12/22,19:03:00,Ewallet,4.0,0.18,72.0,12.96
3793,WALM063,Georgetown,Home and lifestyle,63.0,2,18/10/21,19:58:00,Ewallet,9.0,0.33,126.0,41.58
3794,WALM049,North Richland Hills,Fashion accessories,69.0,1,27/10/21,20:59:00,Ewallet,9.0,0.48,69.0,33.12
3795,WALM077,Coppell,Home and lifestyle,48.0,1,06/09/20,20:19:00,Ewallet,9.0,0.33,48.0,15.84
3796,WALM072,Lancaster,Fashion accessories,59.0,2,09/11/20,19:06:00,Ewallet,4.0,0.33,118.0,38.94
3797,WALM017,McKinney,Home and lifestyle,73.0,3,29/09/21,18:14:00,Ewallet,9.0,0.48,219.0,105.12
3798,WALM006,El Paso,Fashion accessories,22.0,2,23/09/21,16:45:00,Ewallet,9.0,0.48,44.0,21.12
3799,WALM100,Canyon,Home and lifestyle,42.0,2,14/11/23,19:35:00,Ewallet,4.0,0.18,84.0,15.12
3800,WALM034,College Station,Fashion accessories,66.0,3,09/12/20,17:13:00,Ewallet,7.0,0.48,198.0,95.04
3801,WALM017,McKinney,Home and lifestyle,57.0,1,22/11/23,18:36:00,Ewallet,4.0,0.48,57.0,27.36
3802,WALM041,Mission,Fashion accessories,71.0,2,31/08/22,19:02:00,Ewallet,5.0,0.48,142.0,68.16
3803,WALM091,Little Elm,Home and lifestyle,73.0,2,02/12/20,18:07:00,Ewallet,6.0,0.33,146.0,48.18
3804,WALM009,Plano,Fashion accessories,29.0,2,06/10/22,17:02:00,Ewallet,6.0,0.48,58.0,27.84
3805,WALM021,McAllen,Home and lifestyle,69.0,3,10/09/23,15:14:00,Ewallet,8.0,0.48,207.0,99.36
3806,WALM061,Cedar Park,Fashion accessories,73.0,1,24/11/22,20:21:00,Ewallet,9.0,0.33,73.0,24.09
3807,WALM083,Farmers Branch,Home and lifestyle,71.0,1,19/10/20,19:13:00,Ewallet,7.0,0.33,71.0,23.43
3808,WALM043,Baytown,Fashion accessories,79.0,3,20/11/20,16:29:00,Ewallet,6.0,0.48,237.0,113.76
3809,WALM005,Fort Worth,Home and lifestyle,79.0,1,14/10/23,20:44:00,Ewallet,4.0,0.48,79.0,37.92
3810,WALM033,Pearland,Fashion accessories,42.0,1,30/12/22,17:48:00,Ewallet,9.0,0.48,42.0,20.16
3811,WALM021,McAllen,Home and lifestyle,34.0,1,04/10/20,19:00:00,Ewallet,6.0,0.48,34.0,16.32
3812,WALM053,Conroe,Fashion accessories,83.0,2,18/12/21,16:40:00,Ewallet,9.0,0.21,166.0,34.86
3813,WALM069,Rockwall,Home and lifestyle,20.0,3,06/09/21,19:09:00,Ewallet,8.0,0.33,60.0,19.8
3814,WALM043,Baytown,Fashion accessories,34.0,2,30/08/23,19:54:00,Ewallet,5.0,0.48,68.0,32.64
3815,WALM058,Port Arthur,Home and lifestyle,39.0,3,10/10/22,17:12:00,Ewallet,5.0,0.33,117.0,38.61
3816,WALM057,Euless,Fashion accessories,20.0,3,06/09/23,19:19:00,Ewallet,9.0,0.33,60.0,19.8
3817,WALM009,Plano,Home and lifestyle,75.0,1,05/08/21,19:36:00,Ewallet,7.0,0.48,75.0,36.0
3818,WALM027,Abilene,Fashion accessories,85.0,3,15/08/23,19:16:00,Ewallet,7.0,0.48,255.0,122.4
3819,WALM063,Georgetown,Home and lifestyle,47.0,1,28/12/21,15:27:00,Ewallet,4.0,0.33,47.0,15.51
3820,WALM080,Nacogdoches,Fashion accessories,53.0,2,19/12/22,19:53:00,Ewallet,8.0,0.33,106.0,34.98
3821,WALM011,Lubbock,Home and lifestyle,61.0,2,31/08/21,16:22:00,Ewallet,6.0,0.48,122.0,58.56
3822,WALM095,Big Spring,Fashion accessories,37.0,2,02/10/20,17:23:00,Ewallet,8.0,0.33,74.0,24.42
3823,WALM058,Port Arthur,Home and lifestyle,57.0,1,19/12/21,20:29:00,Ewallet,5.0,0.33,57.0,18.81
3824,WALM049,North Richland Hills,Fashion accessories,81.0,2,19/08/22,18:29:00,Ewallet,4.0,0.48,162.0,77.76
3825,WALM066,Grapevine,Home and lifestyle,27.0,3,26/10/21,17:40:00,Ewallet,4.0,0.33,81.0,26.73
3826,WALM016,Brownsville,Fashion accessories,39.0,3,24/12/21,19:32:00,Ewallet,9.0,0.48,117.0,56.16
3827,WALM067,Haltom City,Home and lifestyle,30.0,1,13/09/20,17:30:00,Ewallet,4.0,0.33,30.0,9.9
3828,WALM092,Lake Jackson,Fashion accessories,15.0,2,12/11/23,17:57:00,Ewallet,9.0,0.33,30.0,9.9
3829,WALM066,Grapevine,Home and lifestyle,66.0,3,20/10/20,15:07:00,Ewallet,7.0,0.33,198.0,65.34
3830,WALM059,Pflugerville,Fashion accessories,53.0,2,28/09/21,16:02:00,Ewallet,4.0,0.33,106.0,34.98
3831,WALM023,Midland,Home and lifestyle,61.0,2,25/09/20,17:38:00,Ewallet,5.0,0.48,122.0,58.56
3832,WALM059,Pflugerville,Fashion accessories,71.0,2,01/10/21,18:48:00,Ewallet,6.0,0.33,142.0,46.86
3833,WALM088,Cleburne,Home and lifestyle,44.0,2,19/12/20,20:56:00,Ewallet,7.0,0.33,88.0,29.04
3834,WALM019,Pasadena,Fashion accessories,19.0,2,18/08/20,17:17:00,Ewallet,8.0,0.48,38.0,18.24
3835,WALM080,Nacogdoches,Home and lifestyle,72.0,1,13/09/21,15:57:00,Ewallet,8.0,0.33,72.0,23.76
3836,WALM030,Richardson,Fashion accessories,48.0,1,06/11/23,16:27:00,Ewallet,4.0,0.48,48.0,23.04
3837,WALM020,Killeen,Home and lifestyle,68.0,1,21/09/20,20:19:00,Ewallet,4.0,0.48,68.0,32.64
3838,WALM009,Plano,Fashion accessories,25.0,2,09/12/20,19:38:00,Ewallet,4.0,0.48,50.0,24.0
3839,WALM088,Cleburne,Home and lifestyle,61.0,2,30/09/21,15:48:00,Ewallet,8.0,0.33,122.0,40.26
3840,WALM088,Cleburne,Fashion accessories,31.0,1,04/10/20,18:48:00,Ewallet,9.0,0.33,31.0,10.23
3841,WALM039,Longview,Home and lifestyle,19.0,1,29/08/22,15:19:00,Ewallet,8.0,0.48,19.0,9.12
3842,WALM039,Longview,Fashion accessories,30.0,3,14/09/22,17:50:00,Ewallet,5.0,0.48,90.0,43.2
3843,WALM085,Kerrville,Home and lifestyle,51.0,3,11/12/20,17:57:00,Ewallet,7.0,0.33,153.0,50.49
3844,WALM006,El Paso,Fashion accessories,17.0,2,29/12/22,20:19:00,Ewallet,6.0,0.48,34.0,16.32
3845,WALM097,Alice,Home and lifestyle,58.0,2,10/08/23,18:33:00,Ewallet,4.0,0.18,116.0,20.88
3846,WALM053,Conroe,Fashion accessories,40.0,3,18/12/23,20:58:00,Ewallet,9.0,0.21,120.0,25.2
3847,WALM034,College Station,Home and lifestyle,28.0,3,17/08/20,18:32:00,Ewallet,5.0,0.48,84.0,40.32
3848,WALM044,Pharr,Fashion accessories,41.0,3,18/12/23,20:53:00,Ewallet,9.0,0.48,123.0,59.04
3849,WALM010,Laredo,Home and lifestyle,61.0,3,28/12/21,16:35:00,Ewallet,5.0,0.48,183.0,87.84
3850,WALM081,Friendswood,Fashion accessories,15.0,1,17/12/22,20:46:00,Ewallet,8.0,0.33,15.0,4.95
3851,WALM023,Midland,Home and lifestyle,26.0,1,09/11/22,19:48:00,Ewallet,9.0,0.48,26.0,12.48
3852,WALM018,Frisco,Fashion accessories,83.0,1,29/12/23,16:03:00,Ewallet,6.0,0.48,83.0,39.84
3853,WALM083,Farmers Branch,Home and lifestyle,23.0,1,24/08/20,15:49:00,Ewallet,5.0,0.33,23.0,7.59
3854,WALM011,Lubbock,Fashion accessories,59.0,2,26/10/22,20:53:00,Ewallet,8.0,0.48,118.0,56.64
3855,WALM013,Irving,Home and lifestyle,66.0,3,21/11/22,19:57:00,Ewallet,8.0,0.48,198.0,95.04
3856,WALM060,DeSoto,Fashion accessories,37.0,1,20/10/23,20:32:00,Ewallet,9.0,0.33,37.0,12.21
3857,WALM036,Allen,Home and lifestyle,80.0,1,13/11/21,17:14:00,Ewallet,5.0,0.48,80.0,38.4
3858,WALM015,Grand Prairie,Fashion accessories,69.0,3,06/11/20,16:19:00,Ewallet,4.0,0.48,207.0,99.36
3859,WALM044,Pharr,Home and lifestyle,20.0,2,01/10/20,19:47:00,Ewallet,5.0,0.48,40.0,19.2
3860,WALM044,Pharr,Fashion accessories,22.0,1,26/12/22,20:22:00,Ewallet,8.0,0.48,22.0,10.56
3861,WALM079,La Porte,Home and lifestyle,68.0,1,06/10/21,16:03:00,Ewallet,7.0,0.33,68.0,22.44
3862,WALM006,El Paso,Fashion accessories,20.0,3,25/09/23,20:47:00,Ewallet,9.0,0.48,60.0,28.8
3863,WALM085,Kerrville,Home and lifestyle,52.0,1,28/12/22,15:28:00,Ewallet,9.0,0.33,52.0,17.16
3864,WALM060,DeSoto,Fashion accessories,44.0,2,20/11/23,17:40:00,Ewallet,9.0,0.33,88.0,29.04
3865,WALM007,Arlington,Home and lifestyle,80.0,3,13/12/21,16:07:00,Ewallet,8.0,0.48,240.0,115.2
3866,WALM022,Mesquite,Fashion accessories,70.0,2,09/12/23,19:11:00,Ewallet,4.0,0.48,140.0,67.2
3867,WALM040,Edinburg,Home and lifestyle,39.0,3,13/10/23,20:07:00,Ewallet,6.0,0.48,117.0,56.16
3868,WALM009,Plano,Fashion accessories,61.0,1,15/11/23,20:43:00,Ewallet,7.0,0.48,61.0,29.28
3869,WALM059,Pflugerville,Home and lifestyle,46.0,2,15/10/22,16:53:00,Ewallet,4.0,0.33,92.0,30.36
3870,WALM023,Midland,Fashion accessories,19.0,2,01/11/22,17:05:00,Ewallet,7.0,0.48,38.0,18.24
3871,WALM064,Bedford,Home and lifestyle,57.0,1,25/12/21,17:57:00,Ewallet,8.0,0.33,57.0,18.81
3872,WALM026,Denton,Fashion accessories,39.0,2,12/08/21,15:30:00,Ewallet,8.0,0.48,78.0,37.44
3873,WALM044,Pharr,Home and lifestyle,15.0,2,25/11/20,17:46:00,Ewallet,7.0,0.48,30.0,14.4
3874,WALM014,Amarillo,Fashion accessories,65.0,2,09/08/23,16:00:00,Ewallet,9.0,0.48,130.0,62.4
3875,WALM008,Corpus Christi,Home and lifestyle,61.0,3,26/10/23,16:59:00,Ewallet,8.0,0.48,183.0,87.84
3876,WALM060,DeSoto,Fashion accessories,44.0,2,03/08/20,19:45:00,Ewallet,5.0,0.33,88.0,29.04
3877,WALM027,Abilene,Home and lifestyle,71.0,2,01/11/22,19:53:00,Ewallet,6.0,0.48,142.0,68.16
3878,WALM004,Austin,Fashion accessories,58.0,2,01/11/21,20:43:00,Ewallet,6.0,0.48,116.0,55.68
3879,WALM007,Arlington,Home and lifestyle,51.0,3,29/09/22,18:44:00,Ewallet,9.0,0.48,153.0,73.44
3880,WALM047,Flower Mound,Fashion accessories,72.0,3,22/11/20,20:16:00,Ewallet,9.0,0.48,216.0,103.68
3881,WALM041,Mission,Home and lifestyle,35.0,3,03/10/21,18:44:00,Ewallet,7.0,0.48,105.0,50.4
3882,WALM048,Harlingen,Fashion accessories,50.0,3,23/10/23,15:23:00,Ewallet,6.0,0.48,150.0,72.0
3883,WALM097,Alice,Home and lifestyle,65.0,1,13/08/22,19:39:00,Ewallet,4.0,0.18,65.0,11.7
3884,WALM015,Grand Prairie,Fashion accessories,85.0,2,19/10/22,17:09:00,Ewallet,9.0,0.48,170.0,81.6
3885,WALM052,Mansfield,Home and lifestyle,72.0,2,20/12/21,20:31:00,Ewallet,5.0,0.57,144.0,82.08
3886,WALM006,El Paso,Fashion accessories,48.0,1,19/08/21,20:08:00,Ewallet,6.0,0.48,48.0,23.04
3887,WALM067,Haltom City,Home and lifestyle,59.0,2,29/11/20,17:25:00,Ewallet,7.0,0.33,118.0,38.94
3888,WALM069,Rockwall,Fashion accessories,64.0,1,05/09/20,18:52:00,Ewallet,9.0,0.33,64.0,21.12
3889,WALM072,Lancaster,Home and lifestyle,84.0,3,25/08/23,19:06:00,Ewallet,5.0,0.33,252.0,83.16
3890,WALM067,Haltom City,Fashion accessories,67.0,3,23/08/22,18:31:00,Ewallet,9.0,0.33,201.0,66.33
3891,WALM091,Little Elm,Home and lifestyle,43.0,2,03/08/23,18:42:00,Ewallet,8.0,0.33,86.0,28.38
3892,WALM076,Huntsville,Fashion accessories,79.0,1,14/10/21,20:57:00,Ewallet,9.0,0.33,79.0,26.07
3893,WALM006,El Paso,Home and lifestyle,43.0,3,28/11/20,19:53:00,Ewallet,4.0,0.48,129.0,61.92
3894,WALM076,Huntsville,Fashion accessories,28.0,1,24/09/23,18:40:00,Ewallet,8.0,0.33,28.0,9.24
3895,WALM023,Midland,Home and lifestyle,70.0,3,17/10/22,18:18:00,Ewallet,7.0,0.48,210.0,100.8
3896,WALM057,Euless,Fashion accessories,74.0,2,04/10/22,16:34:00,Ewallet,8.0,0.33,148.0,48.84
3897,WALM079,La Porte,Home and lifestyle,60.0,3,22/12/22,19:07:00,Ewallet,4.0,0.33,180.0,59.4
3898,WALM097,Alice,Fashion accessories,45.0,1,23/12/22,18:09:00,Ewallet,5.0,0.18,45.0,8.1
3899,WALM001,Houston,Home and lifestyle,70.0,2,18/08/22,19:17:00,Ewallet,7.0,0.36,140.0,50.4
3900,WALM081,Friendswood,Fashion accessories,23.0,2,14/11/23,18:49:00,Ewallet,4.0,0.33,46.0,15.18
3901,WALM064,Bedford,Home and lifestyle,60.0,3,23/08/23,17:39:00,Ewallet,6.0,0.33,180.0,59.4
3902,WALM047,Flower Mound,Fashion accessories,50.0,3,30/08/21,20:40:00,Ewallet,5.0,0.48,150.0,72.0
3903,WALM036,Allen,Home and lifestyle,20.0,1,19/11/21,20:51:00,Ewallet,5.0,0.48,20.0,9.6
3904,WALM059,Pflugerville,Fashion accessories,22.0,2,30/08/20,16:05:00,Ewallet,5.0,0.33,44.0,14.52
3905,WALM048,Harlingen,Home and lifestyle,81.0,3,18/10/20,18:52:00,Ewallet,9.0,0.48,243.0,116.64
3906,WALM100,Canyon,Fashion accessories,52.0,1,08/11/20,19:59:00,Ewallet,8.0,0.18,52.0,9.36
3907,WALM007,Arlington,Home and lifestyle,46.0,3,02/12/23,17:04:00,Ewallet,6.0,0.48,138.0,66.24
3908,WALM040,Edinburg,Fashion accessories,65.0,1,14/09/21,16:57:00,Ewallet,6.0,0.48,65.0,31.2
3909,WALM039,Longview,Home and lifestyle,63.0,2,01/08/21,16:24:00,Ewallet,4.0,0.48,126.0,60.48
3910,WALM060,DeSoto,Fashion accessories,19.0,3,12/11/22,15:08:00,Ewallet,9.0,0.33,57.0,18.81
3911,WALM031,Lewisville,Home and lifestyle,58.0,3,23/12/23,20:23:00,Ewallet,7.0,0.48,174.0,83.52
3912,WALM028,Odessa,Fashion accessories,79.0,3,23/10/20,16:15:00,Ewallet,9.0,0.48,237.0,113.76
3913,WALM071,Lufkin,Home and lifestyle,39.0,1,21/11/21,20:52:00,Ewallet,5.0,0.33,39.0,12.87
3914,WALM048,Harlingen,Fashion accessories,15.0,2,23/08/22,15:27:00,Ewallet,9.0,0.48,30.0,14.4
3915,WALM021,McAllen,Home and lifestyle,51.0,2,16/11/21,18:49:00,Ewallet,5.0,0.48,102.0,48.96
3916,WALM033,Pearland,Fashion accessories,79.0,2,10/11/21,16:13:00,Ewallet,8.0,0.48,158.0,75.84
3917,WALM068,Burleson,Home and lifestyle,31.0,1,13/10/21,16:16:00,Ewallet,5.0,0.33,31.0,10.23
3918,WALM061,Cedar Park,Fashion accessories,35.0,3,13/10/23,15:42:00,Ewallet,8.0,0.33,105.0,34.65
3919,WALM080,Nacogdoches,Home and lifestyle,71.0,2,31/10/23,18:06:00,Ewallet,4.0,0.33,142.0,46.86
3920,WALM043,Baytown,Fashion accessories,55.0,1,02/10/21,19:19:00,Ewallet,6.0,0.48,55.0,26.4
3921,WALM043,Baytown,Home and lifestyle,74.0,3,23/11/22,20:51:00,Ewallet,8.0,0.48,222.0,106.56
3922,WALM031,Lewisville,Fashion accessories,59.0,1,16/10/23,15:32:00,Ewallet,9.0,0.48,59.0,28.32
3923,WALM078,Del Rio,Home and lifestyle,62.0,1,23/11/21,17:36:00,Ewallet,6.0,0.33,62.0,20.46
3924,WALM039,Longview,Fashion accessories,48.0,2,22/08/22,20:24:00,Ewallet,6.0,0.48,96.0,46.08
3925,WALM080,Nacogdoches,Home and lifestyle,65.0,3,30/10/23,20:55:00,Ewallet,4.0,0.33,195.0,64.35
3926,WALM027,Abilene,Fashion accessories,60.0,1,05/09/21,18:34:00,Ewallet,8.0,0.48,60.0,28.8
3927,WALM095,Big Spring,Home and lifestyle,65.0,1,12/10/23,20:49:00,Ewallet,6.0,0.33,65.0,21.45
3928,WALM044,Pharr,Fashion accessories,56.0,3,05/08/23,20:00:00,Ewallet,7.0,0.48,168.0,80.64
3929,WALM060,DeSoto,Home and lifestyle,77.0,1,15/12/20,18:15:00,Ewallet,5.0,0.33,77.0,25.41
3930,WALM006,El Paso,Fashion accessories,41.0,1,13/11/20,19:18:00,Ewallet,9.0,0.48,41.0,19.68
3931,WALM091,Little Elm,Home and lifestyle,48.0,1,29/10/21,19:59:00,Ewallet,5.0,0.33,48.0,15.84
3932,WALM041,Mission,Fashion accessories,65.0,2,25/08/23,18:28:00,Ewallet,6.0,0.48,130.0,62.4
3933,WALM098,Mineral Wells,Home and lifestyle,37.0,3,30/10/23,19:58:00,Ewallet,6.0,0.18,111.0,19.98
3934,WALM059,Pflugerville,Fashion accessories,29.0,1,27/09/21,18:20:00,Ewallet,7.0,0.33,29.0,9.57
3935,WALM052,Mansfield,Home and lifestyle,50.0,1,12/08/21,15:08:00,Ewallet,5.0,0.57,50.0,28.5
3936,WALM008,Corpus Christi,Fashion accessories,51.0,2,24/11/20,18:38:00,Ewallet,9.0,0.48,102.0,48.96
3937,WALM091,Little Elm,Home and lifestyle,42.0,1,22/09/22,19:55:00,Ewallet,4.0,0.33,42.0,13.86
3938,WALM085,Kerrville,Fashion accessories,51.0,3,03/08/22,17:43:00,Ewallet,8.0,0.33,153.0,50.49
3939,WALM094,Alamo,Home and lifestyle,59.0,1,30/11/20,20:47:00,Ewallet,8.0,0.33,59.0,19.47
3940,WALM052,Mansfield,Fashion accessories,73.0,2,23/11/23,20:25:00,Ewallet,9.0,0.57,146.0,83.22
3941,WALM039,Longview,Home and lifestyle,81.0,2,11/10/21,20:36:00,Ewallet,6.0,0.48,162.0,77.76
3942,WALM028,Odessa,Fashion accessories,66.0,3,16/09/23,16:40:00,Ewallet,6.0,0.48,198.0,95.04
3943,WALM093,Angleton,Home and lifestyle,63.0,1,30/10/21,20:28:00,Ewallet,6.0,0.33,63.0,20.79
3944,WALM092,Lake Jackson,Fashion accessories,22.0,3,10/12/20,15:54:00,Ewallet,8.0,0.33,66.0,21.78
3945,WALM070,Hurst,Home and lifestyle,31.0,3,17/09/23,19:40:00,Ewallet,8.0,0.33,93.0,30.69
3946,WALM064,Bedford,Fashion accessories,17.0,3,24/12/22,21:00:00,Ewallet,6.0,0.33,51.0,16.83
3947,WALM047,Flower Mound,Home and lifestyle,19.0,1,26/12/20,15:32:00,Ewallet,7.0,0.48,19.0,9.12
3948,WALM098,Mineral Wells,Fashion accessories,76.0,2,29/10/20,20:15:00,Ewallet,7.0,0.18,152.0,27.36
3949,WALM078,Del Rio,Home and lifestyle,82.0,2,10/08/23,21:00:00,Ewallet,7.0,0.33,164.0,54.12
3950,WALM014,Amarillo,Fashion accessories,24.0,1,29/12/20,16:54:00,Ewallet,7.0,0.48,24.0,11.52
3951,WALM007,Arlington,Home and lifestyle,16.0,3,03/08/22,18:22:00,Ewallet,7.0,0.48,48.0,23.04
3952,WALM088,Cleburne,Fashion accessories,57.0,1,25/10/21,18:28:00,Ewallet,5.0,0.33,57.0,18.81
3953,WALM001,Houston,Home and lifestyle,77.0,3,20/12/23,19:08:00,Ewallet,5.0,0.36,231.0,83.16
3954,WALM039,Longview,Fashion accessories,38.0,3,13/09/20,19:50:00,Ewallet,5.0,0.48,114.0,54.72
3955,WALM013,Irving,Home and lifestyle,39.0,2,22/08/22,18:46:00,Ewallet,6.0,0.48,78.0,37.44
3956,WALM077,Coppell,Fashion accessories,66.0,3,08/09/20,15:54:00,Ewallet,4.0,0.33,198.0,65.34
3957,WALM016,Brownsville,Home and lifestyle,21.0,2,05/09/22,20:18:00,Ewallet,9.0,0.48,42.0,20.16
3958,WALM098,Mineral Wells,Fashion accessories,38.0,1,20/10/23,20:57:00,Ewallet,9.0,0.18,38.0,6.84
3959,WALM098,Mineral Wells,Home and lifestyle,59.0,3,04/08/22,20:45:00,Ewallet,5.0,0.18,177.0,31.86
3960,WALM010,Laredo,Fashion accessories,61.0,1,24/10/21,19:10:00,Ewallet,9.0,0.48,61.0,29.28
3961,WALM097,Alice,Home and lifestyle,46.0,2,15/08/20,18:40:00,Ewallet,7.0,0.18,92.0,16.56
3962,WALM092,Lake Jackson,Fashion accessories,76.0,2,22/09/21,15:54:00,Ewallet,4.0,0.33,152.0,50.16
3963,WALM018,Frisco,Home and lifestyle,63.0,3,20/10/23,19:44:00,Ewallet,9.0,0.48,189.0,90.72
3964,WALM020,Killeen,Fashion accessories,16.0,3,02/08/21,17:19:00,Ewallet,9.0,0.48,48.0,23.04
3965,WALM007,Arlington,Home and lifestyle,67.0,1,05/11/21,16:53:00,Ewallet,4.0,0.48,67.0,32.16
3966,WALM036,Allen,Fashion accessories,27.0,3,29/09/21,16:03:00,Ewallet,7.0,0.48,81.0,38.88
3967,WALM063,Georgetown,Home and lifestyle,21.0,1,05/10/23,18:09:00,Ewallet,4.0,0.33,21.0,6.93
3968,WALM013,Irving,Fashion accessories,20.0,3,29/12/20,16:43:00,Ewallet,7.0,0.48,60.0,28.8
3969,WALM091,Little Elm,Home and lifestyle,59.0,2,08/08/23,16:20:00,Ewallet,5.0,0.33,118.0,38.94
3970,WALM051,New Braunfels,Fashion accessories,76.0,3,04/10/20,19:33:00,Ewallet,8.0,0.57,228.0,129.96
3971,WALM052,Mansfield,Home and lifestyle,27.0,3,01/10/20,17:28:00,Ewallet,8.0,0.57,81.0,46.17
3972,WALM097,Alice,Fashion accessories,31.0,3,23/12/23,19:07:00,Ewallet,4.0,0.18,93.0,16.74
3973,WALM081,Friendswood,Home and lifestyle,19.0,1,27/10/21,16:05:00,Ewallet,5.0,0.33,19.0,6.27
3974,WALM096,Eagle Pass,Fashion accessories,66.0,2,22/09/20,16:16:00,Ewallet,5.0,0.18,132.0,23.76
3975,WALM016,Brownsville,Home and lifestyle,32.0,2,17/10/23,19:04:00,Ewallet,8.0,0.48,64.0,30.72
3976,WALM062,Galveston,Fashion accessories,20.0,3,25/12/22,17:07:00,Ewallet,9.0,0.33,60.0,19.8
3977,WALM001,Houston,Home and lifestyle,69.0,3,28/09/23,17:33:00,Ewallet,4.0,0.36,207.0,74.52
3978,WALM067,Haltom City,Fashion accessories,53.0,2,29/09/23,20:06:00,Ewallet,8.0,0.33,106.0,34.98
3979,WALM097,Alice,Home and lifestyle,39.0,1,27/10/22,19:37:00,Ewallet,4.0,0.18,39.0,7.02
3980,WALM100,Canyon,Fashion accessories,39.0,1,23/09/20,20:51:00,Ewallet,6.0,0.18,39.0,7.02
3981,WALM002,Dallas,Home and lifestyle,63.0,3,14/10/20,20:16:00,Ewallet,6.0,0.36,189.0,68.04
3982,WALM083,Farmers Branch,Fashion accessories,74.0,2,11/09/23,15:13:00,Ewallet,6.0,0.33,148.0,48.84
3983,WALM043,Baytown,Home and lifestyle,54.0,1,06/11/22,19:34:00,Ewallet,5.0,0.48,54.0,25.92
3984,WALM061,Cedar Park,Fashion accessories,24.0,1,25/08/20,19:30:00,Ewallet,6.0,0.33,24.0,7.92
3985,WALM051,New Braunfels,Home and lifestyle,73.0,2,05/12/20,18:33:00,Ewallet,6.0,0.48,146.0,70.08
3986,WALM052,Mansfield,Fashion accessories,72.0,1,29/12/22,15:28:00,Ewallet,6.0,0.57,72.0,41.04
3987,WALM024,Carrollton,Home and lifestyle,54.0,3,11/08/23,19:25:00,Ewallet,4.0,0.48,162.0,77.76
3988,WALM076,Huntsville,Fashion accessories,16.0,3,17/09/22,16:56:00,Ewallet,9.0,0.33,48.0,15.84
3989,WALM088,Cleburne,Home and lifestyle,29.0,2,25/12/22,15:42:00,Ewallet,9.0,0.33,58.0,19.14
3990,WALM062,Galveston,Fashion accessories,72.0,3,06/09/22,15:03:00,Ewallet,5.0,0.33,216.0,71.28
3991,WALM094,Alamo,Home and lifestyle,69.0,1,18/11/23,16:42:00,Ewallet,7.0,0.33,69.0,22.77
3992,WALM048,Harlingen,Fashion accessories,51.0,2,19/12/22,20:48:00,Ewallet,8.0,0.48,102.0,48.96
3993,WALM011,Lubbock,Home and lifestyle,22.0,1,06/12/23,17:49:00,Ewallet,5.0,0.48,22.0,10.56
3994,WALM085,Kerrville,Fashion accessories,69.0,3,06/09/21,19:43:00,Ewallet,6.0,0.33,207.0,68.31
3995,WALM034,College Station,Home and lifestyle,58.0,3,20/10/22,16:03:00,Ewallet,7.0,0.48,174.0,83.52
3996,WALM015,Grand Prairie,Fashion accessories,23.0,2,28/11/21,20:43:00,Ewallet,6.0,0.48,46.0,22.08
3997,WALM004,Austin,Home and lifestyle,69.0,2,04/08/23,18:29:00,Ewallet,9.0,0.48,138.0,66.24
3998,WALM100,Canyon,Fashion accessories,45.0,1,20/10/20,17:29:00,Ewallet,5.0,0.18,45.0,8.1
3999,WALM027,Abilene,Home and lifestyle,20.0,2,22/11/20,18:38:00,Ewallet,4.0,0.48,40.0,19.2
4000,WALM096,Eagle Pass,Fashion accessories,42.0,1,27/10/21,17:06:00,Ewallet,7.0,0.18,42.0,7.56
4001,WALM009,Plano,Home and lifestyle,55.0,1,29/08/21,20:58:00,Ewallet,7.0,0.48,55.0,26.4
4002,WALM064,Bedford,Fashion accessories,17.0,1,09/11/23,20:49:00,Ewallet,4.0,0.33,17.0,5.61
4003,WALM028,Odessa,Home and lifestyle,17.0,2,14/08/20,18:22:00,Ewallet,6.0,0.48,34.0,16.32
4004,WALM066,Grapevine,Fashion accessories,69.0,2,31/12/23,16:33:00,Ewallet,8.0,0.33,138.0,45.54
4005,WALM077,Coppell,Home and lifestyle,49.0,2,12/08/21,19:38:00,Ewallet,8.0,0.33,98.0,32.34
4006,WALM058,Port Arthur,Fashion accessories,67.0,3,30/11/20,17:53:00,Ewallet,4.0,0.33,201.0,66.33
4007,WALM071,Lufkin,Home and lifestyle,21.0,3,28/09/23,16:39:00,Ewallet,4.0,0.33,63.0,20.79
4008,WALM026,Denton,Fashion accessories,23.0,1,16/08/22,17:25:00,Ewallet,9.0,0.48,23.0,11.04
4009,WALM100,Canyon,Home and lifestyle,51.0,3,21/11/21,17:05:00,Ewallet,6.0,0.18,153.0,27.54
4010,WALM008,Corpus Christi,Fashion accessories,68.0,1,29/12/22,19:57:00,Ewallet,4.0,0.48,68.0,32.64
4011,WALM026,Denton,Home and lifestyle,45.0,2,10/10/23,19:41:00,Ewallet,4.0,0.48,90.0,43.2
4012,WALM094,Alamo,Fashion accessories,81.0,2,09/11/21,16:19:00,Ewallet,6.0,0.33,162.0,53.46
4013,WALM039,Longview,Home and lifestyle,45.0,3,15/09/21,16:04:00,Ewallet,4.0,0.48,135.0,64.8
4014,WALM024,Carrollton,Fashion accessories,43.0,3,20/09/21,20:12:00,Ewallet,7.0,0.48,129.0,61.92
4015,WALM039,Longview,Home and lifestyle,18.0,1,01/10/22,17:43:00,Ewallet,7.0,0.48,18.0,8.64
4016,WALM045,Missouri City,Fashion accessories,54.0,3,01/11/23,15:33:00,Credit card,4.0,0.48,162.0,77.76
4017,WALM027,Abilene,Home and lifestyle,56.0,3,27/08/23,19:25:00,Ewallet,5.0,0.48,168.0,80.64
4018,WALM061,Cedar Park,Fashion accessories,44.0,1,20/11/21,19:55:00,Ewallet,7.0,0.33,44.0,14.52
4019,WALM008,Corpus Christi,Home and lifestyle,66.0,2,03/11/20,15:29:00,Ewallet,7.0,0.48,132.0,63.36
4020,WALM076,Huntsville,Fashion accessories,22.0,3,09/11/22,16:20:00,Ewallet,6.0,0.33,66.0,21.78
4021,WALM052,Mansfield,Home and lifestyle,72.0,1,22/09/21,15:40:00,Ewallet,7.0,0.57,72.0,41.04
4022,WALM023,Midland,Fashion accessories,50.0,1,06/10/21,19:28:00,Ewallet,6.0,0.48,50.0,24.0
4023,WALM097,Alice,Home and lifestyle,68.0,1,10/09/20,17:52:00,Ewallet,7.0,0.18,68.0,12.24
4024,WALM006,El Paso,Fashion accessories,19.0,1,27/12/21,15:30:00,Ewallet,9.0,0.48,19.0,9.12
4025,WALM088,Cleburne,Home and lifestyle,71.0,1,23/12/20,15:31:00,Ewallet,9.0,0.33,71.0,23.43
4026,WALM051,New Braunfels,Fashion accessories,19.0,3,18/10/21,20:33:00,Ewallet,5.0,0.57,57.0,32.49
4027,WALM034,College Station,Home and lifestyle,38.0,1,19/12/20,20:27:00,Ewallet,5.0,0.48,38.0,18.24
4028,WALM083,Farmers Branch,Fashion accessories,16.0,3,30/09/22,17:29:00,Ewallet,6.0,0.33,48.0,15.84
4029,WALM064,Bedford,Home and lifestyle,25.0,3,27/08/21,17:40:00,Ewallet,5.0,0.33,75.0,24.75
4030,WALM077,Coppell,Fashion accessories,33.0,1,19/09/22,16:51:00,Ewallet,7.0,0.33,33.0,10.89
4031,WALM030,Richardson,Home and lifestyle,41.0,2,28/12/21,15:56:00,Ewallet,5.0,0.48,82.0,39.36
4032,WALM031,Lewisville,Fashion accessories,41.0,2,19/11/22,16:32:00,Ewallet,8.0,0.48,82.0,39.36
4033,WALM039,Longview,Home and lifestyle,63.0,2,06/08/20,16:00:00,Ewallet,4.0,0.48,126.0,60.48
4034,WALM026,Denton,Fashion accessories,77.0,1,16/09/23,16:35:00,Ewallet,7.0,0.48,77.0,36.96
4035,WALM062,Galveston,Home and lifestyle,64.0,2,20/11/20,20:57:00,Ewallet,9.0,0.33,128.0,42.24
4036,WALM007,Arlington,Fashion accessories,84.0,2,09/09/21,18:53:00,Ewallet,9.0,0.48,168.0,80.64
4037,WALM002,Dallas,Home and lifestyle,30.0,2,23/12/23,19:13:00,Ewallet,4.0,0.36,60.0,21.6
4038,WALM095,Big Spring,Fashion accessories,44.0,3,19/11/20,19:41:00,Ewallet,4.0,0.33,132.0,43.56
4039,WALM022,Mesquite,Home and lifestyle,59.0,3,07/09/23,18:45:00,Ewallet,8.0,0.48,177.0,84.96
4040,WALM085,Kerrville,Fashion accessories,39.0,1,03/09/23,18:22:00,Ewallet,9.0,0.33,39.0,12.87
4041,WALM007,Arlington,Home and lifestyle,24.0,2,18/12/22,18:08:00,Ewallet,8.0,0.48,48.0,23.04
4042,WALM037,League City,Fashion accessories,74.0,3,01/08/22,16:52:00,Ewallet,8.0,0.48,222.0,106.56
4043,WALM036,Allen,Home and lifestyle,61.0,2,05/11/20,17:35:00,Ewallet,8.0,0.48,122.0,58.56
4044,WALM024,Carrollton,Fashion accessories,40.0,2,01/10/22,17:39:00,Ewallet,9.0,0.48,80.0,38.4
4045,WALM093,Angleton,Home and lifestyle,73.0,3,13/10/22,15:52:00,Ewallet,9.0,0.33,219.0,72.27
4046,WALM090,Brownwood,Fashion accessories,79.0,3,27/08/20,16:23:00,Ewallet,7.0,0.33,237.0,78.21
4047,WALM017,McKinney,Home and lifestyle,75.0,1,01/08/22,15:13:00,Ewallet,4.0,0.48,75.0,36.0
4048,WALM015,Grand Prairie,Fashion accessories,57.0,2,24/09/21,19:04:00,Ewallet,5.0,0.48,114.0,54.72
4049,WALM030,Richardson,Home and lifestyle,25.0,2,06/10/20,17:40:00,Ewallet,4.0,0.48,50.0,24.0
4050,WALM072,Lancaster,Fashion accessories,80.0,3,23/12/23,15:02:00,Ewallet,7.0,0.33,240.0,79.2
4051,WALM069,Rockwall,Home and lifestyle,24.0,1,16/09/23,17:27:00,Ewallet,6.0,0.33,24.0,7.92
4052,WALM012,Garland,Fashion accessories,28.0,1,13/09/20,20:04:00,Ewallet,9.0,0.48,28.0,13.44
4053,WALM052,Mansfield,Home and lifestyle,79.0,2,01/12/20,18:16:00,Ewallet,9.0,0.57,158.0,90.06
4054,WALM080,Nacogdoches,Fashion accessories,15.0,2,31/08/20,17:29:00,Ewallet,6.0,0.33,30.0,9.9
4055,WALM017,McKinney,Home and lifestyle,24.0,3,27/08/22,16:34:00,Ewallet,4.0,0.48,72.0,34.56
4056,WALM036,Allen,Fashion accessories,68.0,2,25/11/21,20:13:00,Ewallet,6.0,0.48,136.0,65.28
4057,WALM088,Cleburne,Home and lifestyle,68.0,2,25/09/23,19:47:00,Ewallet,8.0,0.33,136.0,44.88
4058,WALM036,Allen,Fashion accessories,67.0,1,05/09/21,17:56:00,Ewallet,7.0,0.48,67.0,32.16
4059,WALM062,Galveston,Home and lifestyle,35.0,3,19/11/21,15:43:00,Ewallet,4.0,0.33,105.0,34.65
4060,WALM085,Kerrville,Fashion accessories,23.0,1,01/12/20,20:01:00,Ewallet,8.0,0.33,23.0,7.59
4061,WALM077,Coppell,Home and lifestyle,70.0,3,06/10/22,17:39:00,Ewallet,9.0,0.33,210.0,69.3
4062,WALM011,Lubbock,Fashion accessories,20.0,1,17/10/22,18:41:00,Ewallet,8.0,0.48,20.0,9.6
4063,WALM068,Burleson,Home and lifestyle,29.0,1,22/10/20,19:43:00,Ewallet,6.0,0.33,29.0,9.57
4064,WALM093,Angleton,Fashion accessories,44.0,2,11/09/20,15:03:00,Ewallet,6.0,0.33,88.0,29.04
4065,WALM041,Mission,Home and lifestyle,24.0,1,21/09/22,19:12:00,Ewallet,4.0,0.48,24.0,11.52
4066,WALM041,Mission,Fashion accessories,36.0,3,01/08/20,18:58:00,Ewallet,9.0,0.48,108.0,51.84
4067,WALM024,Carrollton,Home and lifestyle,76.0,1,01/10/20,15:10:00,Ewallet,9.0,0.48,76.0,36.48
4068,WALM034,College Station,Fashion accessories,31.0,1,12/08/21,21:00:00,Ewallet,8.0,0.48,31.0,14.88
4069,WALM019,Pasadena,Home and lifestyle,75.0,1,10/12/21,20:13:00,Ewallet,6.0,0.48,75.0,36.0
4070,WALM007,Arlington,Fashion accessories,53.0,3,23/09/23,17:54:00,Ewallet,6.0,0.48,159.0,76.32
4071,WALM096,Eagle Pass,Home and lifestyle,78.0,2,05/11/22,20:46:00,Ewallet,6.0,0.18,156.0,28.08
4072,WALM095,Big Spring,Fashion accessories,61.0,3,14/11/23,17:49:00,Ewallet,6.0,0.33,183.0,60.39
4073,WALM030,Richardson,Home and lifestyle,80.0,1,20/09/21,17:31:00,Ewallet,4.0,0.48,80.0,38.4
4074,WALM045,Missouri City,Fashion accessories,47.0,1,26/08/20,19:00:00,Credit card,4.0,0.48,47.0,22.56
4075,WALM017,McKinney,Home and lifestyle,56.0,3,22/09/21,15:57:00,Ewallet,6.0,0.48,168.0,80.64
4076,WALM072,Lancaster,Fashion accessories,77.0,1,06/11/21,20:12:00,Ewallet,4.0,0.33,77.0,25.41
4077,WALM034,College Station,Home and lifestyle,50.0,3,08/10/23,19:47:00,Ewallet,7.0,0.48,150.0,72.0
4078,WALM088,Cleburne,Fashion accessories,41.0,1,10/09/21,20:29:00,Ewallet,7.0,0.33,41.0,13.53
4079,WALM010,Laredo,Home and lifestyle,79.0,3,02/09/20,15:01:00,Ewallet,5.0,0.48,237.0,113.76
4080,WALM083,Farmers Branch,Fashion accessories,53.0,2,15/11/23,17:23:00,Ewallet,9.0,0.33,106.0,34.98
4081,WALM015,Grand Prairie,Home and lifestyle,20.0,3,28/10/20,17:07:00,Ewallet,6.0,0.48,60.0,28.8
4082,WALM017,McKinney,Fashion accessories,63.0,3,16/08/22,15:23:00,Ewallet,4.0,0.48,189.0,90.72
4083,WALM062,Galveston,Home and lifestyle,67.0,3,18/11/21,15:20:00,Ewallet,9.0,0.33,201.0,66.33
4084,WALM076,Huntsville,Fashion accessories,50.0,1,16/09/23,19:52:00,Ewallet,8.0,0.33,50.0,16.5
4085,WALM078,Del Rio,Home and lifestyle,58.0,1,26/12/23,18:13:00,Ewallet,6.0,0.33,58.0,19.14
4086,WALM044,Pharr,Fashion accessories,55.0,3,17/12/20,16:11:00,Ewallet,5.0,0.48,165.0,79.2
4087,WALM094,Alamo,Home and lifestyle,82.0,2,17/12/22,15:47:00,Ewallet,7.0,0.33,164.0,54.12
4088,WALM008,Corpus Christi,Fashion accessories,58.0,2,13/08/21,15:40:00,Ewallet,5.0,0.48,116.0,55.68
4089,WALM044,Pharr,Home and lifestyle,74.0,1,19/09/21,19:53:00,Ewallet,4.0,0.48,74.0,35.52
4090,WALM078,Del Rio,Fashion accessories,78.0,2,14/10/21,15:31:00,Ewallet,8.0,0.33,156.0,51.48
4091,WALM049,North Richland Hills,Home and lifestyle,49.0,1,13/09/23,20:31:00,Ewallet,7.0,0.48,49.0,23.52
4092,WALM005,Fort Worth,Fashion accessories,80.0,1,06/12/22,17:48:00,Ewallet,7.0,0.48,80.0,38.4
4093,WALM058,Port Arthur,Home and lifestyle,17.0,1,31/10/21,20:21:00,Ewallet,4.0,0.33,17.0,5.61
4094,WALM022,Mesquite,Fashion accessories,73.0,2,30/10/22,15:59:00,Ewallet,9.0,0.48,146.0,70.08
4095,WALM078,Del Rio,Home and lifestyle,61.0,2,21/09/22,18:21:00,Ewallet,6.0,0.33,122.0,40.26
4096,WALM053,Conroe,Fashion accessories,48.0,3,21/10/21,19:23:00,Ewallet,7.0,0.21,144.0,30.24
4097,WALM037,League City,Home and lifestyle,38.0,1,03/12/23,15:10:00,Ewallet,6.0,0.48,38.0,18.24
4098,WALM076,Huntsville,Fashion accessories,85.0,3,26/12/20,16:01:00,Ewallet,9.0,0.33,255.0,84.15
4099,WALM028,Odessa,Home and lifestyle,53.0,1,05/11/21,17:56:00,Ewallet,4.0,0.48,53.0,25.44
4100,WALM007,Arlington,Fashion accessories,58.0,3,30/11/23,19:58:00,Ewallet,5.0,0.48,174.0,83.52
4101,WALM060,DeSoto,Home and lifestyle,43.0,3,27/10/21,20:28:00,Ewallet,8.0,0.33,129.0,42.57
4102,WALM048,Harlingen,Fashion accessories,33.0,2,04/08/23,16:06:00,Ewallet,6.0,0.48,66.0,31.68
4103,WALM039,Longview,Home and lifestyle,84.0,3,08/12/23,18:38:00,Ewallet,7.0,0.48,252.0,120.96
4104,WALM059,Pflugerville,Fashion accessories,34.0,2,09/10/21,16:20:00,Ewallet,5.0,0.33,68.0,22.44
4105,WALM059,Pflugerville,Home and lifestyle,15.0,2,22/08/22,16:02:00,Ewallet,9.0,0.33,30.0,9.9
4106,WALM044,Pharr,Fashion accessories,43.0,3,16/11/22,18:58:00,Ewallet,5.0,0.48,129.0,61.92
4107,WALM092,Lake Jackson,Home and lifestyle,70.0,2,31/12/22,16:18:00,Ewallet,5.0,0.33,140.0,46.2
4108,WALM023,Midland,Fashion accessories,67.0,3,09/08/23,16:26:00,Ewallet,9.0,0.48,201.0,96.48
4109,WALM013,Irving,Home and lifestyle,82.0,1,06/11/21,20:33:00,Ewallet,4.0,0.48,82.0,39.36
4110,WALM001,Houston,Fashion accessories,17.0,1,03/12/20,20:33:00,Ewallet,5.0,0.36,17.0,6.12
4111,WALM060,DeSoto,Home and lifestyle,43.0,1,16/08/22,19:38:00,Ewallet,9.0,0.33,43.0,14.19
4112,WALM005,Fort Worth,Fashion accessories,76.0,1,30/08/23,19:30:00,Ewallet,7.0,0.48,76.0,36.48
4113,WALM015,Grand Prairie,Home and lifestyle,30.0,2,01/08/21,20:07:00,Ewallet,6.0,0.48,60.0,28.8
4114,WALM031,Lewisville,Fashion accessories,78.0,2,19/10/20,15:51:00,Ewallet,7.0,0.48,156.0,74.88
4115,WALM079,La Porte,Home and lifestyle,66.0,2,22/10/23,16:04:00,Ewallet,9.0,0.33,132.0,43.56
4116,WALM043,Baytown,Fashion accessories,59.0,3,13/08/20,17:05:00,Ewallet,4.0,0.48,177.0,84.96
4117,WALM024,Carrollton,Home and lifestyle,61.0,2,01/10/21,16:11:00,Ewallet,9.0,0.48,122.0,58.56
4118,WALM064,Bedford,Fashion accessories,29.0,2,21/11/22,18:07:00,Ewallet,5.0,0.33,58.0,19.14
4119,WALM063,Georgetown,Home and lifestyle,27.0,1,29/12/23,15:27:00,Ewallet,8.0,0.33,27.0,8.91
4120,WALM085,Kerrville,Fashion accessories,84.0,3,19/11/23,18:43:00,Ewallet,8.0,0.33,252.0,83.16
4121,WALM007,Arlington,Home and lifestyle,36.0,2,07/12/22,18:31:00,Ewallet,8.0,0.48,72.0,34.56
4122,WALM044,Pharr,Fashion accessories,15.0,1,08/11/20,15:38:00,Ewallet,5.0,0.48,15.0,7.2
4123,WALM033,Pearland,Home and lifestyle,41.0,3,04/10/23,16:21:00,Ewallet,7.0,0.48,123.0,59.04
4124,WALM057,Euless,Fashion accessories,51.0,3,08/12/21,19:20:00,Ewallet,4.0,0.33,153.0,50.49
4125,WALM094,Alamo,Home and lifestyle,22.0,2,20/12/21,17:36:00,Ewallet,6.0,0.33,44.0,14.52
4126,WALM077,Coppell,Fashion accessories,41.0,1,08/12/23,19:46:00,Ewallet,8.0,0.33,41.0,13.53
4127,WALM012,Garland,Home and lifestyle,77.0,3,20/12/22,17:47:00,Ewallet,4.0,0.48,231.0,110.88
4128,WALM021,McAllen,Fashion accessories,37.0,2,19/09/22,20:18:00,Ewallet,4.0,0.48,74.0,35.52
4129,WALM037,League City,Home and lifestyle,71.0,1,03/08/23,17:14:00,Ewallet,9.0,0.48,71.0,34.08
4130,WALM007,Arlington,Fashion accessories,44.0,3,01/12/21,20:55:00,Ewallet,7.0,0.48,132.0,63.36
4131,WALM064,Bedford,Home and lifestyle,70.0,2,08/11/23,15:05:00,Ewallet,5.0,0.33,140.0,46.2
4132,WALM026,Denton,Fashion accessories,53.0,1,28/11/21,17:04:00,Ewallet,5.0,0.48,53.0,25.44
4133,WALM076,Huntsville,Home and lifestyle,20.0,1,25/12/23,16:43:00,Ewallet,9.0,0.33,20.0,6.6
4134,WALM030,Richardson,Fashion accessories,71.0,2,01/09/21,18:06:00,Ewallet,4.0,0.48,142.0,68.16
4135,WALM092,Lake Jackson,Home and lifestyle,69.0,1,14/09/23,20:12:00,Ewallet,4.0,0.33,69.0,22.77
4136,WALM060,DeSoto,Fashion accessories,26.0,3,09/11/22,20:23:00,Ewallet,4.0,0.33,78.0,25.74
4137,WALM012,Garland,Home and lifestyle,42.0,2,03/08/23,19:34:00,Ewallet,8.0,0.48,84.0,40.32
4138,WALM021,McAllen,Fashion accessories,58.0,3,16/08/23,18:37:00,Ewallet,7.0,0.48,174.0,83.52
4139,WALM027,Abilene,Home and lifestyle,40.0,2,05/09/21,18:50:00,Ewallet,5.0,0.48,80.0,38.4
4140,WALM072,Lancaster,Fashion accessories,42.0,1,28/08/20,16:54:00,Ewallet,7.0,0.33,42.0,13.86
4141,WALM008,Corpus Christi,Home and lifestyle,85.0,3,15/10/21,20:47:00,Ewallet,5.0,0.48,255.0,122.4
4142,WALM078,Del Rio,Fashion accessories,61.0,2,25/12/21,18:57:00,Ewallet,5.0,0.33,122.0,40.26
4143,WALM062,Galveston,Home and lifestyle,83.0,2,06/09/22,18:57:00,Ewallet,4.0,0.33,166.0,54.78
4144,WALM021,McAllen,Fashion accessories,15.0,1,07/09/22,20:22:00,Ewallet,6.0,0.48,15.0,7.2
4145,WALM024,Carrollton,Home and lifestyle,33.0,1,07/11/22,15:26:00,Ewallet,4.0,0.48,33.0,15.84
4146,WALM034,College Station,Fashion accessories,80.0,3,06/08/23,15:05:00,Ewallet,6.0,0.48,240.0,115.2
4147,WALM034,College Station,Home and lifestyle,28.0,3,30/11/22,17:23:00,Ewallet,5.0,0.48,84.0,40.32
4148,WALM001,Houston,Fashion accessories,54.0,3,11/11/21,18:08:00,Ewallet,8.0,0.36,162.0,58.32
4149,WALM096,Eagle Pass,Home and lifestyle,43.0,2,09/12/23,16:31:00,Ewallet,5.0,0.18,86.0,15.48
4150,WALM063,Georgetown,Fashion accessories,47.0,3,05/12/22,20:21:00,Ewallet,5.0,0.33,141.0,46.53
4151,WALM013,Irving,Home and lifestyle,77.0,1,14/10/23,18:41:00,Ewallet,7.0,0.48,77.0,36.96
4152,WALM033,Pearland,Fashion accessories,54.0,3,29/10/20,18:54:00,Ewallet,5.0,0.48,162.0,77.76
4153,WALM022,Mesquite,Home and lifestyle,82.0,1,04/08/23,17:15:00,Ewallet,4.0,0.48,82.0,39.36
4154,WALM017,McKinney,Fashion accessories,67.0,3,16/08/20,20:09:00,Ewallet,6.0,0.48,201.0,96.48
4155,WALM080,Nacogdoches,Home and lifestyle,38.0,3,29/12/20,16:41:00,Ewallet,8.0,0.33,114.0,37.62
4156,WALM097,Alice,Fashion accessories,50.0,2,17/08/21,17:34:00,Ewallet,5.0,0.18,100.0,18.0
4157,WALM093,Angleton,Home and lifestyle,18.0,2,23/10/23,20:34:00,Ewallet,4.0,0.33,36.0,11.88
4158,WALM094,Alamo,Fashion accessories,77.0,2,05/08/20,16:48:00,Ewallet,6.0,0.33,154.0,50.82
4159,WALM014,Amarillo,Home and lifestyle,67.0,1,05/09/21,15:20:00,Ewallet,7.0,0.48,67.0,32.16
4160,WALM048,Harlingen,Fashion accessories,63.0,2,13/08/23,15:43:00,Ewallet,7.0,0.48,126.0,60.48
4161,WALM083,Farmers Branch,Home and lifestyle,59.0,3,08/12/21,16:29:00,Ewallet,6.0,0.33,177.0,58.41
4162,WALM016,Brownsville,Fashion accessories,55.0,1,09/10/21,17:02:00,Ewallet,5.0,0.48,55.0,26.4
4163,WALM090,Brownwood,Home and lifestyle,56.0,3,17/10/21,19:08:00,Ewallet,7.0,0.33,168.0,55.44
4164,WALM006,El Paso,Fashion accessories,33.0,2,23/09/22,19:43:00,Ewallet,9.0,0.48,66.0,31.68
4165,WALM070,Hurst,Home and lifestyle,47.0,2,20/12/21,17:33:00,Ewallet,5.0,0.33,94.0,31.02
4166,WALM027,Abilene,Fashion accessories,15.0,3,23/12/23,16:17:00,Ewallet,7.0,0.48,45.0,21.6
4167,WALM064,Bedford,Home and lifestyle,58.0,2,25/10/22,18:39:00,Ewallet,5.0,0.33,116.0,38.28
4168,WALM024,Carrollton,Fashion accessories,16.0,3,15/11/23,19:55:00,Ewallet,6.0,0.48,48.0,23.04
4169,WALM006,El Paso,Home and lifestyle,26.0,3,07/10/21,18:20:00,Ewallet,5.0,0.48,78.0,37.44
4170,WALM007,Arlington,Fashion accessories,53.0,1,28/12/20,19:28:00,Ewallet,4.0,0.48,53.0,25.44
4171,WALM060,DeSoto,Home and lifestyle,29.0,1,10/10/23,18:11:00,Ewallet,9.0,0.33,29.0,9.57
4172,WALM007,Arlington,Fashion accessories,75.0,3,08/10/23,15:42:00,Ewallet,6.0,0.48,225.0,108.0
4173,WALM058,Port Arthur,Home and lifestyle,64.0,2,27/09/22,16:05:00,Ewallet,4.0,0.33,128.0,42.24
4174,WALM026,Denton,Fashion accessories,55.0,1,26/09/21,17:41:00,Ewallet,4.0,0.48,55.0,26.4
4175,WALM039,Longview,Home and lifestyle,31.0,1,18/09/21,17:43:00,Ewallet,7.0,0.48,31.0,14.88
4176,WALM011,Lubbock,Fashion accessories,42.0,1,23/10/23,15:05:00,Ewallet,5.0,0.48,42.0,20.16
4177,WALM090,Brownwood,Home and lifestyle,18.0,1,20/11/20,19:31:00,Ewallet,9.0,0.33,18.0,5.94
4178,WALM001,Houston,Fashion accessories,51.0,2,03/08/20,16:50:00,Ewallet,4.0,0.36,102.0,36.72
4179,WALM077,Coppell,Home and lifestyle,25.0,2,11/09/20,17:04:00,Ewallet,6.0,0.33,50.0,16.5
4180,WALM045,Missouri City,Fashion accessories,50.0,3,23/10/22,15:26:00,Credit card,6.0,0.48,150.0,72.0
4181,WALM040,Edinburg,Home and lifestyle,21.0,3,24/12/21,18:53:00,Ewallet,8.0,0.48,63.0,30.24
4182,WALM094,Alamo,Fashion accessories,16.0,3,20/08/21,17:01:00,Ewallet,8.0,0.33,48.0,15.84
4183,WALM012,Garland,Home and lifestyle,70.0,2,05/09/21,17:24:00,Ewallet,6.0,0.48,140.0,67.2
4184,WALM043,Baytown,Fashion accessories,71.0,3,11/08/21,16:41:00,Ewallet,8.0,0.48,213.0,102.24
4185,WALM045,Missouri City,Home and lifestyle,51.0,2,06/09/21,20:38:00,Credit card,4.0,0.48,102.0,48.96
4186,WALM027,Abilene,Fashion accessories,52.0,3,16/08/21,16:22:00,Ewallet,5.0,0.48,156.0,74.88
4187,WALM067,Haltom City,Home and lifestyle,65.0,3,27/08/20,16:25:00,Ewallet,9.0,0.33,195.0,64.35
4188,WALM047,Flower Mound,Fashion accessories,56.0,3,01/10/21,17:48:00,Ewallet,8.0,0.48,168.0,80.64
4189,WALM079,La Porte,Home and lifestyle,60.0,1,25/09/23,15:36:00,Ewallet,7.0,0.33,60.0,19.8
4190,WALM080,Nacogdoches,Fashion accessories,85.0,1,10/11/21,19:02:00,Ewallet,6.0,0.33,85.0,28.05
4191,WALM064,Bedford,Home and lifestyle,42.0,1,27/12/23,20:56:00,Ewallet,9.0,0.33,42.0,13.86
4192,WALM036,Allen,Fashion accessories,40.0,3,16/11/23,15:18:00,Ewallet,5.0,0.48,120.0,57.6
4193,WALM049,North Richland Hills,Home and lifestyle,73.0,2,17/12/23,20:47:00,Ewallet,9.0,0.48,146.0,70.08
4194,WALM080,Nacogdoches,Fashion accessories,58.0,2,15/12/23,17:51:00,Ewallet,9.0,0.33,116.0,38.28
4195,WALM098,Mineral Wells,Home and lifestyle,38.0,2,29/08/20,17:56:00,Ewallet,9.0,0.18,76.0,13.68
4196,WALM061,Cedar Park,Fashion accessories,83.0,2,06/10/21,18:15:00,Ewallet,4.0,0.33,166.0,54.78
4197,WALM031,Lewisville,Home and lifestyle,25.0,2,28/11/23,15:30:00,Ewallet,9.0,0.48,50.0,24.0
4198,WALM010,Laredo,Fashion accessories,53.0,2,11/12/22,18:56:00,Ewallet,6.0,0.48,106.0,50.88
4199,WALM001,Houston,Home and lifestyle,78.0,2,15/09/20,17:54:00,Ewallet,9.0,0.36,156.0,56.16
4200,WALM030,Richardson,Fashion accessories,48.0,3,16/12/22,18:27:00,Ewallet,4.0,0.48,144.0,69.12
4201,WALM062,Galveston,Home and lifestyle,70.0,3,18/08/22,15:11:00,Ewallet,4.0,0.33,210.0,69.3
4202,WALM064,Bedford,Fashion accessories,56.0,3,25/10/21,17:17:00,Ewallet,5.0,0.33,168.0,55.44
4203,WALM012,Garland,Home and lifestyle,83.0,3,10/08/23,18:40:00,Ewallet,4.0,0.48,249.0,119.52
4204,WALM067,Haltom City,Fashion accessories,68.0,3,23/08/22,19:28:00,Ewallet,5.0,0.33,204.0,67.32
4205,WALM039,Longview,Home and lifestyle,52.0,3,04/11/21,19:05:00,Ewallet,7.0,0.48,156.0,74.88
4206,WALM031,Lewisville,Fashion accessories,18.0,1,24/10/21,20:36:00,Ewallet,6.0,0.48,18.0,8.64
4207,WALM011,Lubbock,Home and lifestyle,66.0,2,20/12/22,15:55:00,Ewallet,6.0,0.48,132.0,63.36
4208,WALM095,Big Spring,Fashion accessories,16.0,1,20/10/20,20:37:00,Ewallet,7.0,0.33,16.0,5.28
4209,WALM092,Lake Jackson,Home and lifestyle,26.0,1,10/10/21,16:52:00,Ewallet,9.0,0.33,26.0,8.58
4210,WALM076,Huntsville,Fashion accessories,16.0,3,31/10/22,20:45:00,Ewallet,6.0,0.33,48.0,15.84
4211,WALM040,Edinburg,Home and lifestyle,80.0,3,10/12/20,16:36:00,Ewallet,5.0,0.48,240.0,115.2
4212,WALM031,Lewisville,Fashion accessories,24.0,2,28/08/22,20:05:00,Ewallet,8.0,0.48,48.0,23.04
4213,WALM014,Amarillo,Home and lifestyle,58.0,1,02/09/23,18:50:00,Ewallet,9.0,0.48,58.0,27.84
4214,WALM060,DeSoto,Fashion accessories,52.0,2,03/11/21,19:31:00,Ewallet,7.0,0.33,104.0,34.32
4215,WALM028,Odessa,Home and lifestyle,15.0,2,06/08/23,15:39:00,Ewallet,5.0,0.48,30.0,14.4
4216,WALM006,El Paso,Fashion accessories,84.0,2,05/11/21,19:09:00,Ewallet,8.0,0.48,168.0,80.64
4217,WALM048,Harlingen,Home and lifestyle,74.0,1,01/10/20,15:07:00,Ewallet,4.0,0.48,74.0,35.52
4218,WALM033,Pearland,Fashion accessories,44.0,3,17/08/21,18:53:00,Ewallet,9.0,0.48,132.0,63.36
4219,WALM057,Euless,Home and lifestyle,48.0,1,27/12/21,17:10:00,Ewallet,5.0,0.33,48.0,15.84
4220,WALM006,El Paso,Fashion accessories,45.0,1,06/11/22,20:10:00,Ewallet,8.0,0.48,45.0,21.6
4221,WALM047,Flower Mound,Home and lifestyle,49.0,1,23/09/20,19:30:00,Ewallet,6.0,0.48,49.0,23.52
4222,WALM059,Pflugerville,Fashion accessories,60.0,2,06/12/21,17:06:00,Ewallet,8.0,0.33,120.0,39.6
4223,WALM095,Big Spring,Home and lifestyle,53.0,3,04/10/21,20:56:00,Ewallet,7.0,0.33,159.0,52.47
4224,WALM051,New Braunfels,Fashion accessories,71.0,2,17/10/20,17:18:00,Ewallet,5.0,0.57,142.0,80.94
4225,WALM092,Lake Jackson,Home and lifestyle,78.0,1,07/10/21,18:26:00,Ewallet,6.0,0.33,78.0,25.74
4226,WALM090,Brownwood,Fashion accessories,34.0,3,12/08/20,19:49:00,Ewallet,9.0,0.33,102.0,33.66
4227,WALM059,Pflugerville,Home and lifestyle,43.0,2,14/11/23,15:14:00,Ewallet,5.0,0.33,86.0,28.38
4228,WALM048,Harlingen,Fashion accessories,22.0,2,24/09/23,20:08:00,Ewallet,8.0,0.48,44.0,21.12
4229,WALM017,McKinney,Home and lifestyle,69.0,3,13/11/21,19:48:00,Ewallet,5.0,0.48,207.0,99.36
4230,WALM069,Rockwall,Fashion accessories,33.0,3,05/11/23,19:12:00,Ewallet,8.0,0.33,99.0,32.67
4231,WALM030,Richardson,Home and lifestyle,56.0,3,17/10/20,18:14:00,Ewallet,7.0,0.48,168.0,80.64
4232,WALM017,McKinney,Fashion accessories,82.0,3,14/12/23,16:46:00,Ewallet,7.0,0.48,246.0,118.08
4233,WALM030,Richardson,Home and lifestyle,21.0,1,29/09/23,15:45:00,Ewallet,8.0,0.48,21.0,10.08
4234,WALM095,Big Spring,Fashion accessories,66.0,3,23/08/22,20:39:00,Ewallet,9.0,0.33,198.0,65.34
4235,WALM037,League City,Home and lifestyle,28.0,1,29/11/23,20:51:00,Ewallet,6.0,0.48,28.0,13.44
4236,WALM092,Lake Jackson,Fashion accessories,37.0,3,04/09/23,16:24:00,Ewallet,8.0,0.33,111.0,36.63
4237,WALM085,Kerrville,Home and lifestyle,67.0,1,15/09/22,15:06:00,Ewallet,7.0,0.33,67.0,22.11
4238,WALM051,New Braunfels,Fashion accessories,57.0,3,01/08/22,16:15:00,Ewallet,8.0,0.57,171.0,97.47
4239,WALM045,Missouri City,Home and lifestyle,37.0,1,11/11/22,16:09:00,Credit card,8.0,0.48,37.0,17.76
4240,WALM027,Abilene,Fashion accessories,67.0,3,01/12/23,17:15:00,Ewallet,5.0,0.48,201.0,96.48
4241,WALM011,Lubbock,Home and lifestyle,28.0,3,24/08/21,20:08:00,Ewallet,9.0,0.48,84.0,40.32
4242,WALM097,Alice,Fashion accessories,72.0,1,22/11/20,16:47:00,Ewallet,5.0,0.18,72.0,12.96
4243,WALM061,Cedar Park,Home and lifestyle,16.0,3,14/08/22,20:02:00,Ewallet,7.0,0.33,48.0,15.84
4244,WALM002,Dallas,Fashion accessories,48.0,2,30/09/21,19:57:00,Ewallet,5.0,0.36,96.0,34.56
4245,WALM067,Haltom City,Home and lifestyle,78.0,3,20/12/20,15:23:00,Ewallet,4.0,0.33,234.0,77.22
4246,WALM027,Abilene,Fashion accessories,41.0,1,20/09/22,17:17:00,Ewallet,5.0,0.48,41.0,19.68
4247,WALM096,Eagle Pass,Home and lifestyle,49.0,3,10/10/21,19:34:00,Ewallet,4.0,0.18,147.0,26.46
4248,WALM069,Rockwall,Fashion accessories,29.0,3,14/09/23,18:57:00,Ewallet,9.0,0.33,87.0,28.71
4249,WALM053,Conroe,Home and lifestyle,32.0,2,25/12/23,15:48:00,Ewallet,4.0,0.57,64.0,36.48
4250,WALM043,Baytown,Fashion accessories,45.0,1,15/11/20,15:01:00,Ewallet,5.0,0.48,45.0,21.6
4251,WALM007,Arlington,Home and lifestyle,84.0,2,12/08/20,17:25:00,Ewallet,6.0,0.48,168.0,80.64
4252,WALM077,Coppell,Fashion accessories,29.0,3,13/11/22,19:37:00,Ewallet,6.0,0.33,87.0,28.71
4253,WALM004,Austin,Home and lifestyle,70.0,1,09/09/20,16:23:00,Ewallet,8.0,0.48,70.0,33.6
4254,WALM043,Baytown,Fashion accessories,29.0,3,19/09/23,19:01:00,Ewallet,4.0,0.48,87.0,41.76
4255,WALM010,Laredo,Home and lifestyle,63.0,1,05/11/23,20:31:00,Ewallet,7.0,0.48,63.0,30.24
4256,WALM091,Little Elm,Fashion accessories,76.0,3,11/11/20,20:50:00,Ewallet,4.0,0.33,228.0,75.24
4257,WALM019,Pasadena,Home and lifestyle,30.0,1,18/10/21,18:57:00,Ewallet,7.0,0.48,30.0,14.4
4258,WALM002,Dallas,Fashion accessories,58.0,3,10/11/20,16:49:00,Ewallet,8.0,0.36,174.0,62.64
4259,WALM066,Grapevine,Home and lifestyle,74.0,2,13/09/21,20:34:00,Ewallet,7.0,0.33,148.0,48.84
4260,WALM042,Bryan,Fashion accessories,63.0,1,04/11/20,16:49:00,Ewallet,9.0,0.48,63.0,30.24
4261,WALM043,Baytown,Home and lifestyle,56.0,1,23/09/20,15:11:00,Ewallet,4.0,0.48,56.0,26.88
4262,WALM058,Port Arthur,Fashion accessories,40.0,1,10/08/21,19:27:00,Ewallet,6.0,0.33,40.0,13.2
4263,WALM053,Conroe,Home and lifestyle,60.0,2,08/12/20,15:22:00,Ewallet,7.0,0.57,120.0,68.4
4264,WALM020,Killeen,Fashion accessories,76.0,3,09/09/20,20:03:00,Ewallet,6.0,0.48,228.0,109.44
4265,WALM026,Denton,Home and lifestyle,71.0,3,17/09/21,16:11:00,Ewallet,9.0,0.48,213.0,102.24
4266,WALM012,Garland,Fashion accessories,22.0,3,21/12/21,18:03:00,Ewallet,6.0,0.48,66.0,31.68
4267,WALM076,Huntsville,Home and lifestyle,41.0,1,07/09/21,19:34:00,Ewallet,7.0,0.33,41.0,13.53
4268,WALM036,Allen,Fashion accessories,63.0,3,22/09/21,16:29:00,Ewallet,9.0,0.48,189.0,90.72
4269,WALM022,Mesquite,Home and lifestyle,83.0,3,02/11/23,19:48:00,Ewallet,5.0,0.48,249.0,119.52
4270,WALM072,Lancaster,Fashion accessories,38.0,2,10/10/21,16:26:00,Ewallet,4.0,0.33,76.0,25.08
4271,WALM031,Lewisville,Home and lifestyle,32.0,1,05/08/20,18:20:00,Ewallet,5.0,0.48,32.0,15.36
4272,WALM037,League City,Fashion accessories,52.0,1,01/10/23,17:59:00,Ewallet,8.0,0.48,52.0,24.96
4273,WALM077,Coppell,Home and lifestyle,15.0,1,19/12/20,17:58:00,Ewallet,5.0,0.33,15.0,4.95
4274,WALM010,Laredo,Fashion accessories,43.0,2,06/11/20,16:46:00,Ewallet,6.0,0.48,86.0,41.28
4275,WALM018,Frisco,Home and lifestyle,22.0,1,05/12/22,18:15:00,Ewallet,9.0,0.48,22.0,10.56
4276,WALM036,Allen,Fashion accessories,55.0,2,16/10/20,17:43:00,Ewallet,8.0,0.48,110.0,52.8
4277,WALM008,Corpus Christi,Home and lifestyle,84.0,2,06/11/22,15:35:00,Ewallet,6.0,0.48,168.0,80.64
4278,WALM034,College Station,Fashion accessories,63.0,2,12/11/21,18:17:00,Ewallet,6.0,0.48,126.0,60.48
4279,WALM006,El Paso,Home and lifestyle,67.0,2,11/10/23,20:55:00,Ewallet,7.0,0.48,134.0,64.32
4280,WALM096,Eagle Pass,Fashion accessories,44.0,3,21/11/20,16:18:00,Ewallet,6.0,0.18,132.0,23.76
4281,WALM076,Huntsville,Home and lifestyle,83.0,2,28/10/22,17:22:00,Ewallet,8.0,0.33,166.0,54.78
4282,WALM043,Baytown,Fashion accessories,74.0,3,18/11/23,17:24:00,Ewallet,9.0,0.48,222.0,106.56
4283,WALM058,Port Arthur,Home and lifestyle,55.0,1,13/08/21,18:00:00,Ewallet,8.0,0.33,55.0,18.15
4284,WALM018,Frisco,Fashion accessories,67.0,2,17/11/21,18:55:00,Ewallet,6.0,0.48,134.0,64.32
4285,WALM094,Alamo,Home and lifestyle,46.0,2,20/10/23,19:47:00,Ewallet,6.0,0.33,92.0,30.36
4286,WALM091,Little Elm,Fashion accessories,66.0,2,28/12/21,20:01:00,Ewallet,9.0,0.33,132.0,43.56
4287,WALM004,Austin,Home and lifestyle,33.0,2,11/09/20,15:53:00,Ewallet,4.0,0.48,66.0,31.68
4288,WALM028,Odessa,Fashion accessories,52.0,2,05/12/23,18:27:00,Ewallet,4.0,0.48,104.0,49.92
4289,WALM078,Del Rio,Home and lifestyle,76.0,2,06/08/20,16:20:00,Ewallet,7.0,0.33,152.0,50.16
4290,WALM033,Pearland,Fashion accessories,40.0,1,16/11/22,15:12:00,Ewallet,4.0,0.48,40.0,19.2
4291,WALM053,Conroe,Home and lifestyle,24.0,1,18/09/21,20:15:00,Ewallet,8.0,0.57,24.0,13.68
4292,WALM028,Odessa,Fashion accessories,68.0,2,19/11/23,18:39:00,Ewallet,9.0,0.48,136.0,65.28
4293,WALM018,Frisco,Home and lifestyle,27.0,2,17/11/22,16:18:00,Ewallet,6.0,0.48,54.0,25.92
4294,WALM097,Alice,Fashion accessories,43.0,3,07/12/21,18:50:00,Ewallet,5.0,0.18,129.0,23.22
4295,WALM063,Georgetown,Home and lifestyle,32.0,3,03/11/21,15:01:00,Ewallet,6.0,0.33,96.0,31.68
4296,WALM053,Conroe,Fashion accessories,42.0,3,10/11/22,17:42:00,Ewallet,5.0,0.21,126.0,26.46
4297,WALM044,Pharr,Home and lifestyle,60.0,2,20/11/23,17:54:00,Ewallet,4.0,0.48,120.0,57.6
4298,WALM045,Missouri City,Fashion accessories,36.0,2,05/10/23,19:05:00,Credit card,4.0,0.48,72.0,34.56
4299,WALM016,Brownsville,Home and lifestyle,26.0,1,30/09/21,16:48:00,Ewallet,4.0,0.48,26.0,12.48
4300,WALM052,Mansfield,Fashion accessories,42.0,2,05/11/23,15:55:00,Ewallet,8.0,0.57,84.0,47.88
4301,WALM011,Lubbock,Home and lifestyle,79.0,2,15/12/21,18:09:00,Ewallet,8.0,0.48,158.0,75.84
4302,WALM090,Brownwood,Fashion accessories,79.0,1,06/11/23,18:30:00,Ewallet,6.0,0.33,79.0,26.07
4303,WALM045,Missouri City,Home and lifestyle,53.0,1,28/12/22,20:08:00,Credit card,9.0,0.48,53.0,25.44
4304,WALM059,Pflugerville,Fashion accessories,50.0,2,07/10/22,20:51:00,Ewallet,8.0,0.33,100.0,33.0
4305,WALM019,Pasadena,Home and lifestyle,36.0,1,29/10/22,17:46:00,Ewallet,8.0,0.48,36.0,17.28
4306,WALM013,Irving,Fashion accessories,65.0,3,30/09/21,19:13:00,Ewallet,7.0,0.48,195.0,93.6
4307,WALM071,Lufkin,Home and lifestyle,83.0,1,31/12/22,19:06:00,Ewallet,6.0,0.33,83.0,27.39
4308,WALM079,La Porte,Fashion accessories,53.0,3,29/08/20,15:32:00,Ewallet,8.0,0.33,159.0,52.47
4309,WALM010,Laredo,Home and lifestyle,30.0,1,25/12/22,18:04:00,Ewallet,9.0,0.48,30.0,14.4
4310,WALM058,Port Arthur,Fashion accessories,68.0,2,24/11/21,20:16:00,Ewallet,8.0,0.33,136.0,44.88
4311,WALM098,Mineral Wells,Home and lifestyle,46.0,2,26/09/22,17:49:00,Ewallet,4.0,0.18,92.0,16.56
4312,WALM053,Conroe,Fashion accessories,67.0,3,04/10/20,15:56:00,Ewallet,4.0,0.21,201.0,42.21
4313,WALM093,Angleton,Home and lifestyle,78.0,3,11/09/21,17:16:00,Ewallet,8.0,0.33,234.0,77.22
4314,WALM058,Port Arthur,Fashion accessories,28.0,2,22/10/22,18:55:00,Ewallet,8.0,0.33,56.0,18.48
4315,WALM036,Allen,Home and lifestyle,21.0,1,13/08/20,19:17:00,Ewallet,7.0,0.48,21.0,10.08
4316,WALM034,College Station,Fashion accessories,65.0,2,01/10/20,20:50:00,Ewallet,8.0,0.48,130.0,62.4
4317,WALM048,Harlingen,Home and lifestyle,81.0,2,06/11/23,17:37:00,Ewallet,5.0,0.48,162.0,77.76
4318,WALM022,Mesquite,Fashion accessories,34.0,1,03/11/22,16:00:00,Ewallet,5.0,0.48,34.0,16.32
4319,WALM028,Odessa,Home and lifestyle,16.0,3,05/09/20,15:18:00,Ewallet,9.0,0.48,48.0,23.04
4320,WALM018,Frisco,Fashion accessories,25.0,3,20/09/22,16:53:00,Ewallet,4.0,0.48,75.0,36.0
4321,WALM030,Richardson,Home and lifestyle,53.0,2,23/11/22,19:45:00,Ewallet,8.0,0.48,106.0,50.88
4322,WALM041,Mission,Fashion accessories,37.0,1,09/10/22,18:58:00,Ewallet,9.0,0.48,37.0,17.76
4323,WALM096,Eagle Pass,Home and lifestyle,84.0,2,21/09/23,16:05:00,Ewallet,7.0,0.18,168.0,30.24
4324,WALM049,North Richland Hills,Fashion accessories,39.0,1,06/08/20,16:09:00,Ewallet,4.0,0.48,39.0,18.72
4325,WALM058,Port Arthur,Home and lifestyle,45.0,1,30/09/23,15:29:00,Ewallet,8.0,0.33,45.0,14.85
4326,WALM005,Fort Worth,Fashion accessories,68.0,2,06/10/22,15:08:00,Ewallet,9.0,0.48,136.0,65.28
4327,WALM070,Hurst,Home and lifestyle,17.0,2,17/08/21,16:47:00,Ewallet,5.0,0.33,34.0,11.22
4328,WALM066,Grapevine,Fashion accessories,78.0,1,13/11/23,20:24:00,Ewallet,6.0,0.33,78.0,25.74
4329,WALM019,Pasadena,Home and lifestyle,70.0,2,03/08/23,17:42:00,Ewallet,9.0,0.48,140.0,67.2
4330,WALM077,Coppell,Fashion accessories,70.0,3,18/11/23,16:38:00,Ewallet,8.0,0.33,210.0,69.3
4331,WALM094,Alamo,Home and lifestyle,83.0,2,12/11/22,15:11:00,Ewallet,4.0,0.33,166.0,54.78
4332,WALM100,Canyon,Fashion accessories,61.0,2,11/11/21,20:08:00,Ewallet,9.0,0.18,122.0,21.96
4333,WALM018,Frisco,Home and lifestyle,48.0,3,19/08/23,15:05:00,Ewallet,5.0,0.48,144.0,69.12
4334,WALM028,Odessa,Fashion accessories,73.0,2,26/08/21,15:01:00,Ewallet,4.0,0.48,146.0,70.08
4335,WALM021,McAllen,Home and lifestyle,18.0,1,13/08/22,16:57:00,Ewallet,4.0,0.48,18.0,8.64
4336,WALM060,DeSoto,Fashion accessories,74.0,2,12/11/21,17:07:00,Ewallet,7.0,0.33,148.0,48.84
4337,WALM013,Irving,Home and lifestyle,23.0,2,26/11/23,17:36:00,Ewallet,4.0,0.48,46.0,22.08
4338,WALM021,McAllen,Fashion accessories,34.0,1,13/08/21,15:32:00,Ewallet,5.0,0.48,34.0,16.32
4339,WALM095,Big Spring,Home and lifestyle,35.0,1,31/08/21,19:09:00,Ewallet,5.0,0.33,35.0,11.55
4340,WALM020,Killeen,Fashion accessories,15.0,1,25/12/21,20:09:00,Ewallet,5.0,0.48,15.0,7.2
4341,WALM088,Cleburne,Home and lifestyle,39.0,3,26/11/21,15:18:00,Ewallet,9.0,0.33,117.0,38.61
4342,WALM020,Killeen,Fashion accessories,44.0,1,03/12/20,18:48:00,Ewallet,4.0,0.48,44.0,21.12
4343,WALM061,Cedar Park,Home and lifestyle,50.0,2,25/09/21,16:54:00,Ewallet,8.0,0.33,100.0,33.0
4344,WALM077,Coppell,Fashion accessories,44.0,3,11/11/23,17:39:00,Ewallet,5.0,0.33,132.0,43.56
4345,WALM063,Georgetown,Home and lifestyle,39.0,1,09/12/20,15:13:00,Ewallet,4.0,0.33,39.0,12.87
4346,WALM077,Coppell,Fashion accessories,18.0,2,28/08/21,15:11:00,Ewallet,5.0,0.33,36.0,11.88
4347,WALM060,DeSoto,Home and lifestyle,53.0,3,21/09/21,17:19:00,Ewallet,4.0,0.33,159.0,52.47
4348,WALM069,Rockwall,Fashion accessories,49.0,3,04/10/20,20:44:00,Ewallet,5.0,0.33,147.0,48.51
4349,WALM077,Coppell,Home and lifestyle,30.0,1,01/12/23,17:25:00,Ewallet,8.0,0.33,30.0,9.9
4350,WALM078,Del Rio,Fashion accessories,43.0,1,17/09/22,18:12:00,Ewallet,9.0,0.33,43.0,14.19
4351,WALM022,Mesquite,Home and lifestyle,82.0,2,21/09/21,18:51:00,Ewallet,6.0,0.48,164.0,78.72
4352,WALM066,Grapevine,Fashion accessories,66.0,2,25/11/20,17:27:00,Ewallet,4.0,0.33,132.0,43.56
4353,WALM011,Lubbock,Home and lifestyle,22.0,1,14/12/21,18:04:00,Ewallet,9.0,0.48,22.0,10.56
4354,WALM093,Angleton,Fashion accessories,16.0,3,01/11/23,20:22:00,Ewallet,7.0,0.33,48.0,15.84
4355,WALM013,Irving,Home and lifestyle,21.0,2,07/11/22,16:41:00,Ewallet,6.0,0.48,42.0,20.16
4356,WALM011,Lubbock,Fashion accessories,23.0,2,01/09/20,16:37:00,Ewallet,4.0,0.48,46.0,22.08
4357,WALM052,Mansfield,Home and lifestyle,52.0,2,02/12/21,19:49:00,Ewallet,9.0,0.57,104.0,59.28
4358,WALM083,Farmers Branch,Fashion accessories,30.0,3,14/12/22,15:07:00,Ewallet,8.0,0.33,90.0,29.7
4359,WALM048,Harlingen,Home and lifestyle,44.0,2,15/12/21,16:09:00,Ewallet,4.0,0.48,88.0,42.24
4360,WALM098,Mineral Wells,Fashion accessories,83.0,2,20/11/21,18:48:00,Ewallet,6.0,0.18,166.0,29.88
4361,WALM092,Lake Jackson,Home and lifestyle,20.0,1,12/09/20,16:28:00,Ewallet,9.0,0.33,20.0,6.6
4362,WALM090,Brownwood,Fashion accessories,22.0,2,28/09/23,20:32:00,Ewallet,7.0,0.33,44.0,14.52
4363,WALM041,Mission,Home and lifestyle,50.0,3,11/11/21,16:08:00,Ewallet,4.0,0.48,150.0,72.0
4364,WALM061,Cedar Park,Fashion accessories,18.0,3,29/08/23,15:56:00,Ewallet,7.0,0.33,54.0,17.82
4365,WALM037,League City,Home and lifestyle,27.0,1,24/09/21,20:39:00,Ewallet,8.0,0.48,27.0,12.96
4366,WALM017,McKinney,Fashion accessories,33.0,3,03/12/20,17:09:00,Ewallet,9.0,0.48,99.0,47.52
4367,WALM006,El Paso,Home and lifestyle,43.0,3,08/12/20,16:21:00,Ewallet,8.0,0.48,129.0,61.92
4368,WALM092,Lake Jackson,Fashion accessories,33.0,3,20/09/23,16:23:00,Ewallet,5.0,0.33,99.0,32.67
4369,WALM057,Euless,Home and lifestyle,68.0,1,22/12/22,17:28:00,Ewallet,8.0,0.33,68.0,22.44
4370,WALM060,DeSoto,Fashion accessories,76.0,1,31/12/22,17:14:00,Ewallet,7.0,0.33,76.0,25.08
4371,WALM047,Flower Mound,Home and lifestyle,63.0,3,26/08/20,18:49:00,Ewallet,4.0,0.48,189.0,90.72
4372,WALM019,Pasadena,Fashion accessories,64.0,3,07/09/20,15:49:00,Ewallet,5.0,0.48,192.0,92.16
4373,WALM088,Cleburne,Home and lifestyle,23.0,2,12/10/20,20:25:00,Ewallet,4.0,0.33,46.0,15.18
4374,WALM005,Fort Worth,Fashion accessories,32.0,1,16/08/21,18:31:00,Ewallet,4.0,0.48,32.0,15.36
4375,WALM016,Brownsville,Home and lifestyle,62.0,1,12/09/22,15:52:00,Ewallet,9.0,0.48,62.0,29.76
4376,WALM076,Huntsville,Fashion accessories,63.0,1,20/11/22,15:48:00,Ewallet,8.0,0.33,63.0,20.79
4377,WALM015,Grand Prairie,Home and lifestyle,81.0,1,16/12/22,17:29:00,Ewallet,4.0,0.48,81.0,38.88
4378,WALM019,Pasadena,Fashion accessories,57.0,1,30/10/23,20:19:00,Ewallet,7.0,0.48,57.0,27.36
4379,WALM053,Conroe,Home and lifestyle,39.0,1,03/10/21,15:22:00,Ewallet,6.0,0.57,39.0,22.23
4380,WALM077,Coppell,Fashion accessories,22.0,2,31/12/21,18:15:00,Ewallet,9.0,0.33,44.0,14.52
4381,WALM048,Harlingen,Home and lifestyle,20.0,2,27/11/23,17:12:00,Ewallet,6.0,0.48,40.0,19.2
4382,WALM077,Coppell,Fashion accessories,17.0,1,28/10/22,15:12:00,Ewallet,5.0,0.33,17.0,5.61
4383,WALM045,Missouri City,Home and lifestyle,79.0,1,31/10/22,16:08:00,Credit card,5.0,0.48,79.0,37.92
4384,WALM006,El Paso,Fashion accessories,48.0,3,20/12/23,18:50:00,Ewallet,7.0,0.48,144.0,69.12
4385,WALM083,Farmers Branch,Home and lifestyle,56.0,2,16/11/20,19:06:00,Ewallet,8.0,0.33,112.0,36.96
4386,WALM077,Coppell,Fashion accessories,20.0,2,17/08/22,19:57:00,Ewallet,5.0,0.33,40.0,13.2
4387,WALM079,La Porte,Home and lifestyle,71.0,3,05/09/23,20:42:00,Ewallet,6.0,0.33,213.0,70.29
4388,WALM017,McKinney,Fashion accessories,25.0,1,08/12/20,17:15:00,Ewallet,4.0,0.48,25.0,12.0
4389,WALM026,Denton,Home and lifestyle,76.0,1,23/09/21,15:01:00,Ewallet,8.0,0.48,76.0,36.48
4390,WALM051,New Braunfels,Fashion accessories,33.0,1,10/08/21,18:47:00,Ewallet,7.0,0.57,33.0,18.81
4391,WALM080,Nacogdoches,Home and lifestyle,40.0,2,24/10/20,17:26:00,Ewallet,9.0,0.33,80.0,26.4
4392,WALM057,Euless,Fashion accessories,55.0,1,08/08/21,17:37:00,Ewallet,8.0,0.33,55.0,18.15
4393,WALM033,Pearland,Home and lifestyle,78.0,3,30/11/22,15:11:00,Ewallet,6.0,0.48,234.0,112.32
4394,WALM010,Laredo,Fashion accessories,18.0,3,02/12/23,20:51:00,Ewallet,9.0,0.48,54.0,25.92
4395,WALM090,Brownwood,Home and lifestyle,32.0,2,28/09/21,16:20:00,Ewallet,4.0,0.33,64.0,21.12
4396,WALM053,Conroe,Fashion accessories,83.0,1,10/09/23,15:24:00,Ewallet,4.0,0.21,83.0,17.43
4397,WALM027,Abilene,Home and lifestyle,21.0,3,01/12/22,19:11:00,Ewallet,7.0,0.48,63.0,30.24
4398,WALM009,Plano,Fashion accessories,66.0,3,19/12/21,17:48:00,Ewallet,6.0,0.48,198.0,95.04
4399,WALM085,Kerrville,Home and lifestyle,59.0,3,16/12/20,18:42:00,Ewallet,8.0,0.33,177.0,58.41
4400,WALM036,Allen,Fashion accessories,61.0,1,14/08/22,15:05:00,Ewallet,7.0,0.48,61.0,29.28
4401,WALM092,Lake Jackson,Home and lifestyle,38.0,1,10/11/21,16:00:00,Ewallet,5.0,0.33,38.0,12.54
4402,WALM030,Richardson,Fashion accessories,42.0,1,25/10/21,15:41:00,Ewallet,9.0,0.48,42.0,20.16
4403,WALM077,Coppell,Home and lifestyle,48.0,1,12/09/20,15:45:00,Ewallet,7.0,0.33,48.0,15.84
4404,WALM028,Odessa,Fashion accessories,84.0,2,12/11/22,19:35:00,Ewallet,4.0,0.48,168.0,80.64
4405,WALM030,Richardson,Home and lifestyle,85.0,1,19/09/21,18:57:00,Ewallet,5.0,0.48,85.0,40.8
4406,WALM020,Killeen,Fashion accessories,85.0,3,20/11/21,19:44:00,Ewallet,4.0,0.48,255.0,122.4
4407,WALM019,Pasadena,Home and lifestyle,76.0,3,10/12/20,18:53:00,Ewallet,4.0,0.48,228.0,109.44
4408,WALM002,Dallas,Fashion accessories,35.0,1,02/10/21,16:46:00,Ewallet,7.0,0.36,35.0,12.6
4409,WALM043,Baytown,Home and lifestyle,59.0,1,26/09/21,18:25:00,Ewallet,4.0,0.48,59.0,28.32
4410,WALM090,Brownwood,Fashion accessories,26.0,3,07/11/20,18:26:00,Ewallet,6.0,0.33,78.0,25.74
4411,WALM091,Little Elm,Home and lifestyle,63.0,3,29/11/23,19:25:00,Ewallet,6.0,0.33,189.0,62.37
4412,WALM039,Longview,Fashion accessories,56.0,1,13/12/23,19:52:00,Ewallet,4.0,0.48,56.0,26.88
4413,WALM079,La Porte,Home and lifestyle,41.0,1,01/11/23,19:03:00,Ewallet,6.0,0.33,41.0,13.53
4414,WALM012,Garland,Fashion accessories,48.0,2,29/11/23,16:00:00,Ewallet,4.0,0.48,96.0,46.08
4415,WALM088,Cleburne,Home and lifestyle,38.0,1,29/10/21,15:20:00,Ewallet,6.0,0.33,38.0,12.54
4416,WALM020,Killeen,Fashion accessories,30.0,3,26/12/20,15:05:00,Ewallet,7.0,0.48,90.0,43.2
4417,WALM095,Big Spring,Home and lifestyle,66.0,3,03/12/21,15:06:00,Ewallet,9.0,0.33,198.0,65.34
4418,WALM059,Pflugerville,Fashion accessories,20.0,3,11/09/23,18:36:00,Ewallet,9.0,0.33,60.0,19.8
4419,WALM061,Cedar Park,Home and lifestyle,49.0,1,22/09/21,20:09:00,Ewallet,7.0,0.33,49.0,16.17
4420,WALM018,Frisco,Fashion accessories,20.0,1,20/09/20,16:13:00,Ewallet,6.0,0.48,20.0,9.6
4421,WALM051,New Braunfels,Home and lifestyle,34.0,1,30/12/21,16:45:00,Ewallet,4.0,0.48,34.0,16.32
4422,WALM021,McAllen,Fashion accessories,58.0,3,29/09/20,17:53:00,Ewallet,5.0,0.48,174.0,83.52
4423,WALM092,Lake Jackson,Home and lifestyle,24.0,1,27/10/20,18:59:00,Ewallet,4.0,0.33,24.0,7.92
4424,WALM013,Irving,Fashion accessories,18.0,2,19/09/23,17:08:00,Ewallet,5.0,0.48,36.0,17.28
4425,WALM057,Euless,Home and lifestyle,66.0,3,29/11/21,15:47:00,Ewallet,6.0,0.33,198.0,65.34
4426,WALM033,Pearland,Fashion accessories,33.0,1,24/11/20,16:24:00,Ewallet,6.0,0.48,33.0,15.84
4427,WALM048,Harlingen,Home and lifestyle,34.0,1,04/12/21,20:24:00,Ewallet,5.0,0.48,34.0,16.32
4428,WALM059,Pflugerville,Fashion accessories,18.0,1,18/12/23,17:20:00,Ewallet,7.0,0.33,18.0,5.94
4429,WALM077,Coppell,Home and lifestyle,71.0,1,31/10/23,20:05:00,Ewallet,5.0,0.33,71.0,23.43
4430,WALM007,Arlington,Fashion accessories,61.0,1,03/12/20,18:43:00,Ewallet,9.0,0.48,61.0,29.28
4431,WALM028,Odessa,Home and lifestyle,58.0,3,14/10/20,17:43:00,Ewallet,6.0,0.48,174.0,83.52
4432,WALM031,Lewisville,Fashion accessories,79.0,1,21/09/23,19:51:00,Ewallet,8.0,0.48,79.0,37.92
4433,WALM052,Mansfield,Home and lifestyle,81.0,1,02/12/22,18:37:00,Ewallet,4.0,0.57,81.0,46.17
4434,WALM020,Killeen,Fashion accessories,55.0,2,04/10/22,19:44:00,Ewallet,7.0,0.48,110.0,52.8
4435,WALM094,Alamo,Home and lifestyle,20.0,3,14/12/22,20:08:00,Ewallet,7.0,0.33,60.0,19.8
4436,WALM097,Alice,Fashion accessories,15.0,1,17/08/20,15:49:00,Ewallet,6.0,0.18,15.0,2.7
4437,WALM045,Missouri City,Home and lifestyle,60.0,1,02/10/20,17:17:00,Credit card,7.0,0.48,60.0,28.8
4438,WALM096,Eagle Pass,Fashion accessories,25.0,1,05/09/20,20:31:00,Ewallet,4.0,0.18,25.0,4.5
4439,WALM069,Rockwall,Home and lifestyle,46.0,2,17/12/23,17:59:00,Ewallet,4.0,0.33,92.0,30.36
4440,WALM072,Lancaster,Fashion accessories,40.0,3,25/08/22,15:33:00,Ewallet,6.0,0.33,120.0,39.6
4441,WALM037,League City,Home and lifestyle,79.0,1,13/09/22,19:48:00,Ewallet,7.0,0.48,79.0,37.92
4442,WALM023,Midland,Fashion accessories,56.0,3,05/08/22,15:48:00,Ewallet,9.0,0.48,168.0,80.64
4443,WALM031,Lewisville,Home and lifestyle,27.0,3,22/09/20,18:47:00,Ewallet,6.0,0.48,81.0,38.88
4444,WALM013,Irving,Fashion accessories,36.0,1,25/09/23,19:42:00,Ewallet,5.0,0.48,36.0,17.28
4445,WALM047,Flower Mound,Home and lifestyle,27.0,2,23/09/22,18:15:00,Ewallet,8.0,0.48,54.0,25.92
4446,WALM007,Arlington,Fashion accessories,31.0,3,11/10/20,15:15:00,Ewallet,8.0,0.48,93.0,44.64
4447,WALM078,Del Rio,Home and lifestyle,32.0,2,06/08/21,18:41:00,Ewallet,4.0,0.33,64.0,21.12
4448,WALM080,Nacogdoches,Fashion accessories,20.0,1,04/09/21,19:07:00,Ewallet,7.0,0.33,20.0,6.6
4449,WALM097,Alice,Home and lifestyle,56.0,2,22/12/22,16:52:00,Ewallet,6.0,0.18,112.0,20.16
4450,WALM057,Euless,Fashion accessories,67.0,2,23/09/20,19:32:00,Ewallet,5.0,0.33,134.0,44.22
4451,WALM004,Austin,Home and lifestyle,60.0,2,15/11/20,19:39:00,Ewallet,6.0,0.48,120.0,57.6
4452,WALM033,Pearland,Fashion accessories,22.0,3,30/12/22,20:42:00,Ewallet,6.0,0.48,66.0,31.68
4453,WALM045,Missouri City,Home and lifestyle,58.0,1,23/10/21,19:25:00,Credit card,4.0,0.48,58.0,27.84
4454,WALM061,Cedar Park,Fashion accessories,78.0,2,10/10/22,19:48:00,Ewallet,5.0,0.33,156.0,51.48
4455,WALM098,Mineral Wells,Home and lifestyle,62.0,3,06/11/21,20:18:00,Ewallet,8.0,0.18,186.0,33.48
4456,WALM092,Lake Jackson,Fashion accessories,16.0,1,19/11/22,19:10:00,Ewallet,7.0,0.33,16.0,5.28
4457,WALM079,La Porte,Home and lifestyle,18.0,1,19/11/23,16:35:00,Ewallet,5.0,0.33,18.0,5.94
4458,WALM095,Big Spring,Fashion accessories,83.0,3,01/09/22,17:17:00,Ewallet,8.0,0.33,249.0,82.17
4459,WALM041,Mission,Home and lifestyle,75.0,3,08/12/22,15:07:00,Ewallet,4.0,0.48,225.0,108.0
4460,WALM017,McKinney,Fashion accessories,23.0,2,01/12/21,18:23:00,Ewallet,6.0,0.48,46.0,22.08
4461,WALM069,Rockwall,Home and lifestyle,60.0,1,18/08/21,17:28:00,Ewallet,6.0,0.33,60.0,19.8
4462,WALM080,Nacogdoches,Fashion accessories,58.0,2,09/08/21,18:02:00,Ewallet,9.0,0.33,116.0,38.28
4463,WALM017,McKinney,Home and lifestyle,31.0,2,28/10/22,18:30:00,Ewallet,5.0,0.48,62.0,29.76
4464,WALM030,Richardson,Fashion accessories,67.0,3,04/08/20,17:43:00,Ewallet,7.0,0.48,201.0,96.48
4465,WALM095,Big Spring,Home and lifestyle,20.0,1,30/12/23,16:05:00,Ewallet,5.0,0.33,20.0,6.6
4466,WALM070,Hurst,Fashion accessories,31.0,2,22/12/21,16:31:00,Ewallet,9.0,0.33,62.0,20.46
4467,WALM005,Fort Worth,Home and lifestyle,62.0,2,14/09/23,17:02:00,Ewallet,4.0,0.48,124.0,59.52
4468,WALM095,Big Spring,Fashion accessories,72.0,1,12/10/23,17:39:00,Ewallet,9.0,0.33,72.0,23.76
4469,WALM097,Alice,Home and lifestyle,72.0,3,29/08/22,20:39:00,Ewallet,9.0,0.18,216.0,38.88
4470,WALM041,Mission,Fashion accessories,29.0,1,23/10/22,18:22:00,Ewallet,9.0,0.48,29.0,13.92
4471,WALM051,New Braunfels,Home and lifestyle,36.0,3,01/10/20,15:27:00,Ewallet,6.0,0.48,108.0,51.84
4472,WALM004,Austin,Fashion accessories,66.0,3,05/09/21,15:49:00,Ewallet,8.0,0.48,198.0,95.04
4473,WALM020,Killeen,Home and lifestyle,67.0,2,02/08/20,20:07:00,Ewallet,9.0,0.48,134.0,64.32
4474,WALM067,Haltom City,Fashion accessories,64.0,3,21/12/22,16:19:00,Ewallet,8.0,0.33,192.0,63.36
4475,WALM042,Bryan,Home and lifestyle,33.0,2,15/09/22,18:28:00,Ewallet,4.0,0.48,66.0,31.68
4476,WALM026,Denton,Fashion accessories,27.0,3,14/11/21,19:42:00,Ewallet,5.0,0.48,81.0,38.88
4477,WALM047,Flower Mound,Home and lifestyle,45.0,2,06/11/22,20:34:00,Ewallet,9.0,0.48,90.0,43.2
4478,WALM023,Midland,Fashion accessories,32.0,2,21/09/21,17:01:00,Ewallet,6.0,0.48,64.0,30.72
4479,WALM098,Mineral Wells,Home and lifestyle,53.0,3,03/10/22,20:58:00,Ewallet,6.0,0.18,159.0,28.62
4480,WALM061,Cedar Park,Fashion accessories,80.0,2,21/08/21,15:26:00,Ewallet,8.0,0.33,160.0,52.8
4481,WALM049,North Richland Hills,Home and lifestyle,37.0,1,07/10/22,20:12:00,Ewallet,6.0,0.48,37.0,17.76
4482,WALM021,McAllen,Fashion accessories,34.0,2,26/09/20,17:42:00,Ewallet,5.0,0.48,68.0,32.64
4483,WALM085,Kerrville,Home and lifestyle,84.0,1,21/10/22,17:51:00,Ewallet,6.0,0.33,84.0,27.72
4484,WALM036,Allen,Fashion accessories,49.0,2,27/12/21,18:07:00,Ewallet,9.0,0.48,98.0,47.04
4485,WALM081,Friendswood,Home and lifestyle,48.0,1,23/09/23,15:40:00,Ewallet,9.0,0.33,48.0,15.84
4486,WALM059,Pflugerville,Fashion accessories,67.0,2,05/11/20,16:17:00,Ewallet,6.0,0.33,134.0,44.22
4487,WALM079,La Porte,Home and lifestyle,24.0,1,28/12/23,18:35:00,Ewallet,6.0,0.33,24.0,7.92
4488,WALM030,Richardson,Fashion accessories,60.0,1,23/11/20,19:22:00,Ewallet,9.0,0.48,60.0,28.8
4489,WALM030,Richardson,Home and lifestyle,51.0,2,13/08/21,19:55:00,Ewallet,8.0,0.48,102.0,48.96
4490,WALM079,La Porte,Fashion accessories,44.0,3,09/09/22,20:55:00,Ewallet,7.0,0.33,132.0,43.56
4491,WALM079,La Porte,Home and lifestyle,75.0,3,31/12/22,17:38:00,Ewallet,8.0,0.33,225.0,74.25
4492,WALM077,Coppell,Fashion accessories,76.0,2,13/11/21,17:36:00,Ewallet,8.0,0.33,152.0,50.16
4493,WALM053,Conroe,Home and lifestyle,28.0,1,15/10/20,18:40:00,Ewallet,8.0,0.57,28.0,15.96
4494,WALM013,Irving,Fashion accessories,31.0,1,11/08/22,17:46:00,Ewallet,5.0,0.48,31.0,14.88
4495,WALM019,Pasadena,Home and lifestyle,36.0,1,30/11/21,17:56:00,Ewallet,9.0,0.48,36.0,17.28
4496,WALM004,Austin,Fashion accessories,20.0,2,29/09/22,16:00:00,Ewallet,6.0,0.48,40.0,19.2
4497,WALM081,Friendswood,Home and lifestyle,45.0,1,19/12/20,18:36:00,Ewallet,6.0,0.33,45.0,14.85
4498,WALM030,Richardson,Fashion accessories,85.0,3,05/11/21,17:58:00,Ewallet,8.0,0.48,255.0,122.4
4499,WALM076,Huntsville,Home and lifestyle,63.0,3,20/08/23,17:28:00,Ewallet,9.0,0.33,189.0,62.37
4500,WALM072,Lancaster,Fashion accessories,81.0,1,18/08/21,15:11:00,Ewallet,5.0,0.33,81.0,26.73
4501,WALM022,Mesquite,Home and lifestyle,74.0,3,07/10/22,17:27:00,Ewallet,9.0,0.48,222.0,106.56
4502,WALM095,Big Spring,Fashion accessories,72.0,2,04/08/21,16:21:00,Ewallet,9.0,0.33,144.0,47.52
4503,WALM077,Coppell,Home and lifestyle,41.0,3,07/08/20,20:15:00,Ewallet,8.0,0.33,123.0,40.59
4504,WALM085,Kerrville,Fashion accessories,19.0,3,20/09/23,15:13:00,Ewallet,6.0,0.33,57.0,18.81
4505,WALM070,Hurst,Home and lifestyle,62.0,2,01/10/23,15:01:00,Ewallet,6.0,0.33,124.0,40.92
4506,WALM004,Austin,Fashion accessories,45.0,3,30/11/23,20:59:00,Ewallet,8.0,0.48,135.0,64.8
4507,WALM061,Cedar Park,Home and lifestyle,32.0,2,11/11/20,17:52:00,Ewallet,6.0,0.33,64.0,21.12
4508,WALM053,Conroe,Fashion accessories,85.0,3,07/12/20,19:37:00,Ewallet,4.0,0.21,255.0,53.55
4509,WALM095,Big Spring,Home and lifestyle,85.0,3,18/09/23,15:54:00,Ewallet,8.0,0.33,255.0,84.15
4510,WALM049,North Richland Hills,Fashion accessories,80.0,1,28/12/22,20:06:00,Ewallet,4.0,0.48,80.0,38.4
4511,WALM026,Denton,Home and lifestyle,60.0,2,23/09/23,20:53:00,Ewallet,6.0,0.48,120.0,57.6
4512,WALM049,North Richland Hills,Fashion accessories,44.0,2,22/09/20,20:26:00,Credit card,4.0,0.48,88.0,42.24
4513,WALM034,College Station,Home and lifestyle,54.0,1,21/11/20,15:02:00,Credit card,5.0,0.48,54.0,25.92
4514,WALM023,Midland,Fashion accessories,34.0,1,09/12/22,15:54:00,Credit card,4.0,0.48,34.0,16.32
4515,WALM020,Killeen,Home and lifestyle,84.0,3,03/11/23,16:18:00,Credit card,5.0,0.48,252.0,120.96
4516,WALM069,Rockwall,Fashion accessories,81.0,1,26/08/21,16:21:00,Credit card,5.0,0.33,81.0,26.73
4517,WALM076,Huntsville,Home and lifestyle,63.0,2,27/08/23,17:06:00,Credit card,6.0,0.33,126.0,41.58
4518,WALM034,College Station,Fashion accessories,66.0,3,02/11/22,20:18:00,Credit card,6.0,0.48,198.0,95.04
4519,WALM047,Flower Mound,Home and lifestyle,65.0,1,26/08/22,15:52:00,Credit card,8.0,0.48,65.0,31.2
4520,WALM093,Angleton,Fashion accessories,23.0,2,09/08/23,20:55:00,Credit card,8.0,0.33,46.0,15.18
4521,WALM033,Pearland,Home and lifestyle,42.0,1,14/12/20,16:43:00,Credit card,9.0,0.48,42.0,20.16
4522,WALM053,Conroe,Fashion accessories,54.0,3,03/10/23,16:32:00,Credit card,5.0,0.21,162.0,34.02
4523,WALM059,Pflugerville,Home and lifestyle,74.0,3,03/09/22,17:11:00,Credit card,8.0,0.33,222.0,73.26
4524,WALM048,Harlingen,Fashion accessories,24.0,1,03/12/21,19:18:00,Credit card,8.0,0.48,24.0,11.52
4525,WALM031,Lewisville,Home and lifestyle,25.0,3,15/09/21,19:37:00,Credit card,4.0,0.48,75.0,36.0
4526,WALM001,Houston,Fashion accessories,51.0,1,29/08/21,17:26:00,Credit card,7.0,0.36,51.0,18.36
4527,WALM067,Haltom City,Home and lifestyle,18.0,1,04/12/21,19:54:00,Credit card,4.0,0.33,18.0,5.94
4528,WALM044,Pharr,Fashion accessories,35.0,1,09/08/20,19:02:00,Credit card,8.0,0.48,35.0,16.8
4529,WALM066,Grapevine,Home and lifestyle,43.0,3,12/11/22,20:57:00,Credit card,4.0,0.33,129.0,42.57
4530,WALM036,Allen,Fashion accessories,84.0,2,03/12/20,15:11:00,Credit card,7.0,0.48,168.0,80.64
4531,WALM051,New Braunfels,Home and lifestyle,24.0,3,27/10/20,15:14:00,Credit card,6.0,0.48,72.0,34.56
4532,WALM068,Burleson,Fashion accessories,74.0,2,22/10/23,20:09:00,Credit card,6.0,0.33,148.0,48.84
4533,WALM048,Harlingen,Home and lifestyle,65.0,1,08/11/22,15:02:00,Credit card,9.0,0.48,65.0,31.2
4534,WALM028,Odessa,Fashion accessories,63.0,3,30/10/21,20:05:00,Credit card,5.0,0.48,189.0,90.72
4535,WALM081,Friendswood,Home and lifestyle,33.0,2,01/12/23,18:11:00,Credit card,4.0,0.33,66.0,21.78
4536,WALM057,Euless,Fashion accessories,71.0,1,18/12/23,16:49:00,Credit card,5.0,0.33,71.0,23.43
4537,WALM033,Pearland,Home and lifestyle,31.0,2,28/10/23,18:45:00,Credit card,6.0,0.48,62.0,29.76
4538,WALM057,Euless,Fashion accessories,16.0,1,01/12/21,16:19:00,Credit card,8.0,0.33,16.0,5.28
4539,WALM040,Edinburg,Home and lifestyle,42.0,3,09/08/20,20:54:00,Credit card,4.0,0.48,126.0,60.48
4540,WALM040,Edinburg,Fashion accessories,62.0,2,17/10/21,15:32:00,Credit card,9.0,0.48,124.0,59.52
4541,WALM080,Nacogdoches,Home and lifestyle,51.0,2,01/10/22,17:02:00,Credit card,9.0,0.33,102.0,33.66
4542,WALM036,Allen,Fashion accessories,52.0,3,29/08/21,18:29:00,Credit card,9.0,0.48,156.0,74.88
4543,WALM018,Frisco,Home and lifestyle,46.0,2,24/12/23,16:01:00,Credit card,8.0,0.48,92.0,44.16
4544,WALM058,Port Arthur,Fashion accessories,49.0,1,08/12/20,15:44:00,Credit card,6.0,0.33,49.0,16.17
4545,WALM081,Friendswood,Home and lifestyle,26.0,3,12/11/20,15:02:00,Credit card,7.0,0.33,78.0,25.74
4546,WALM024,Carrollton,Fashion accessories,17.0,1,05/12/21,17:36:00,Credit card,8.0,0.48,17.0,8.16
4547,WALM094,Alamo,Home and lifestyle,33.0,3,19/09/23,16:28:00,Credit card,7.0,0.33,99.0,32.67
4548,WALM015,Grand Prairie,Fashion accessories,29.0,1,06/12/23,17:40:00,Credit card,5.0,0.48,29.0,13.92
4549,WALM028,Odessa,Home and lifestyle,80.0,2,07/09/23,19:52:00,Credit card,8.0,0.48,160.0,76.8
4550,WALM072,Lancaster,Fashion accessories,34.0,2,21/12/21,15:26:00,Credit card,9.0,0.33,68.0,22.44
4551,WALM044,Pharr,Home and lifestyle,31.0,3,19/10/20,16:24:00,Credit card,6.0,0.48,93.0,44.64
4552,WALM085,Kerrville,Fashion accessories,52.0,2,29/12/21,15:32:00,Credit card,4.0,0.33,104.0,34.32
4553,WALM001,Houston,Home and lifestyle,44.0,2,18/10/22,20:12:00,Credit card,7.0,0.36,88.0,31.68
4554,WALM095,Big Spring,Fashion accessories,75.0,1,12/12/22,17:11:00,Credit card,9.0,0.33,75.0,24.75
4555,WALM010,Laredo,Home and lifestyle,72.0,3,27/11/23,17:56:00,Credit card,5.0,0.48,216.0,103.68
4556,WALM076,Huntsville,Fashion accessories,59.0,2,29/12/20,18:44:00,Credit card,7.0,0.33,118.0,38.94
4557,WALM070,Hurst,Home and lifestyle,33.0,1,19/12/21,17:36:00,Credit card,7.0,0.33,33.0,10.89
4558,WALM001,Houston,Fashion accessories,68.0,1,11/08/22,15:01:00,Credit card,7.0,0.36,68.0,24.48
4559,WALM100,Canyon,Home and lifestyle,65.0,3,12/10/20,18:04:00,Credit card,9.0,0.18,195.0,35.1
4560,WALM096,Eagle Pass,Fashion accessories,65.0,1,17/08/21,15:35:00,Credit card,7.0,0.18,65.0,11.7
4561,WALM040,Edinburg,Home and lifestyle,36.0,1,22/10/21,15:36:00,Credit card,8.0,0.48,36.0,17.28
4562,WALM093,Angleton,Fashion accessories,52.0,2,19/09/23,19:42:00,Credit card,6.0,0.33,104.0,34.32
4563,WALM008,Corpus Christi,Home and lifestyle,65.0,2,25/08/23,15:15:00,Credit card,7.0,0.48,130.0,62.4
4564,WALM018,Frisco,Fashion accessories,19.0,1,29/08/23,18:24:00,Credit card,8.0,0.48,19.0,9.12
4565,WALM034,College Station,Home and lifestyle,40.0,1,15/10/23,19:05:00,Credit card,7.0,0.48,40.0,19.2
4566,WALM091,Little Elm,Fashion accessories,38.0,3,03/11/22,15:04:00,Credit card,4.0,0.33,114.0,37.62
4567,WALM100,Canyon,Home and lifestyle,56.0,1,27/11/23,17:33:00,Credit card,6.0,0.18,56.0,10.08
4568,WALM094,Alamo,Fashion accessories,69.0,2,23/12/22,19:38:00,Credit card,9.0,0.33,138.0,45.54
4569,WALM091,Little Elm,Home and lifestyle,80.0,1,14/10/20,18:38:00,Credit card,7.0,0.33,80.0,26.4
4570,WALM011,Lubbock,Fashion accessories,85.0,1,04/11/21,16:34:00,Credit card,7.0,0.48,85.0,40.8
4571,WALM004,Austin,Home and lifestyle,80.0,2,27/09/20,19:53:00,Credit card,7.0,0.48,160.0,76.8
4572,WALM047,Flower Mound,Fashion accessories,67.0,3,21/10/20,20:31:00,Credit card,8.0,0.48,201.0,96.48
4573,WALM069,Rockwall,Home and lifestyle,24.0,1,01/08/20,18:05:00,Credit card,6.0,0.33,24.0,7.92
4574,WALM036,Allen,Fashion accessories,52.0,3,20/08/22,19:57:00,Credit card,8.0,0.48,156.0,74.88
4575,WALM026,Denton,Home and lifestyle,62.0,2,17/11/22,19:19:00,Credit card,5.0,0.48,124.0,59.52
4576,WALM069,Rockwall,Fashion accessories,81.0,1,01/10/20,19:05:00,Credit card,7.0,0.33,81.0,26.73
4577,WALM017,McKinney,Home and lifestyle,58.0,2,21/08/23,16:24:00,Credit card,6.0,0.48,116.0,55.68
4578,WALM093,Angleton,Fashion accessories,57.0,1,08/11/22,17:26:00,Credit card,5.0,0.33,57.0,18.81
4579,WALM067,Haltom City,Home and lifestyle,74.0,1,23/08/23,17:09:00,Credit card,9.0,0.33,74.0,24.42
4580,WALM079,La Porte,Fashion accessories,73.0,3,26/12/21,19:56:00,Credit card,6.0,0.33,219.0,72.27
4581,WALM030,Richardson,Home and lifestyle,50.0,1,17/12/20,17:23:00,Credit card,4.0,0.48,50.0,24.0
4582,WALM053,Conroe,Fashion accessories,68.0,1,29/09/20,19:17:00,Credit card,8.0,0.21,68.0,14.28
4583,WALM095,Big Spring,Home and lifestyle,73.0,1,09/09/20,15:09:00,Credit card,8.0,0.33,73.0,24.09
4584,WALM009,Plano,Fashion accessories,33.0,3,26/10/21,15:57:00,Credit card,4.0,0.48,99.0,47.52
4585,WALM096,Eagle Pass,Home and lifestyle,64.0,3,17/11/20,20:56:00,Credit card,4.0,0.18,192.0,34.56
4586,WALM052,Mansfield,Fashion accessories,42.0,3,01/08/22,18:32:00,Credit card,5.0,0.57,126.0,71.82
4587,WALM059,Pflugerville,Home and lifestyle,55.0,3,20/12/23,18:10:00,Credit card,6.0,0.33,165.0,54.45
4588,WALM005,Fort Worth,Fashion accessories,58.0,2,28/12/20,18:22:00,Credit card,4.0,0.48,116.0,55.68
4589,WALM033,Pearland,Home and lifestyle,48.0,3,28/11/21,17:15:00,Credit card,8.0,0.48,144.0,69.12
4590,WALM091,Little Elm,Fashion accessories,46.0,3,25/12/20,19:50:00,Credit card,6.0,0.33,138.0,45.54
4591,WALM090,Brownwood,Home and lifestyle,29.0,3,22/12/23,19:08:00,Credit card,8.0,0.33,87.0,28.71
4592,WALM076,Huntsville,Fashion accessories,36.0,2,20/11/21,20:18:00,Credit card,7.0,0.33,72.0,23.76
4593,WALM061,Cedar Park,Home and lifestyle,82.0,1,30/08/20,18:43:00,Credit card,9.0,0.33,82.0,27.06
4594,WALM034,College Station,Fashion accessories,23.0,3,21/09/22,20:33:00,Credit card,9.0,0.48,69.0,33.12
4595,WALM042,Bryan,Home and lifestyle,71.0,1,01/10/20,17:25:00,Credit card,6.0,0.48,71.0,34.08
4596,WALM021,McAllen,Fashion accessories,46.0,2,31/08/22,20:53:00,Credit card,4.0,0.48,92.0,44.16
4597,WALM071,Lufkin,Home and lifestyle,25.0,1,05/10/22,20:51:00,Credit card,6.0,0.33,25.0,8.25
4598,WALM014,Amarillo,Fashion accessories,57.0,1,14/11/22,15:05:00,Credit card,6.0,0.48,57.0,27.36
4599,WALM057,Euless,Home and lifestyle,64.0,1,04/11/20,20:01:00,Credit card,6.0,0.33,64.0,21.12
4600,WALM049,North Richland Hills,Fashion accessories,54.0,1,22/10/20,16:05:00,Credit card,6.0,0.48,54.0,25.92
4601,WALM026,Denton,Home and lifestyle,66.0,3,09/08/23,18:51:00,Credit card,6.0,0.48,198.0,95.04
4602,WALM070,Hurst,Fashion accessories,33.0,2,05/10/20,20:53:00,Credit card,9.0,0.33,66.0,21.78
4603,WALM021,McAllen,Home and lifestyle,79.0,3,17/08/22,18:40:00,Credit card,7.0,0.48,237.0,113.76
4604,WALM002,Dallas,Fashion accessories,25.0,2,05/09/22,16:31:00,Credit card,5.0,0.36,50.0,18.0
4605,WALM085,Kerrville,Home and lifestyle,78.0,2,20/10/20,15:04:00,Credit card,5.0,0.33,156.0,51.48
4606,WALM053,Conroe,Fashion accessories,35.0,3,25/08/22,19:16:00,Credit card,9.0,0.21,105.0,22.05
4607,WALM061,Cedar Park,Home and lifestyle,35.0,2,29/08/20,16:13:00,Credit card,8.0,0.33,70.0,23.1
4608,WALM008,Corpus Christi,Fashion accessories,47.0,1,01/08/23,19:23:00,Credit card,6.0,0.48,47.0,22.56
4609,WALM100,Canyon,Home and lifestyle,49.0,1,18/12/23,17:16:00,Credit card,8.0,0.18,49.0,8.82
4610,WALM080,Nacogdoches,Fashion accessories,61.0,1,14/08/23,18:26:00,Credit card,4.0,0.33,61.0,20.13
4611,WALM002,Dallas,Home and lifestyle,21.0,3,30/09/23,18:19:00,Credit card,4.0,0.36,63.0,22.68
4612,WALM030,Richardson,Fashion accessories,16.0,1,16/12/23,17:52:00,Credit card,9.0,0.48,16.0,7.68
4613,WALM094,Alamo,Home and lifestyle,48.0,1,24/12/21,18:36:00,Credit card,9.0,0.33,48.0,15.84
4614,WALM069,Rockwall,Fashion accessories,55.0,1,13/12/22,15:07:00,Credit card,9.0,0.33,55.0,18.15
4615,WALM031,Lewisville,Home and lifestyle,41.0,1,22/12/21,16:33:00,Credit card,6.0,0.48,41.0,19.68
4616,WALM064,Bedford,Fashion accessories,23.0,3,01/12/20,16:21:00,Credit card,5.0,0.33,69.0,22.77
4617,WALM069,Rockwall,Home and lifestyle,40.0,1,22/11/21,16:08:00,Credit card,5.0,0.33,40.0,13.2
4618,WALM058,Port Arthur,Fashion accessories,85.0,2,28/09/22,20:54:00,Credit card,8.0,0.33,170.0,56.1
4619,WALM060,DeSoto,Home and lifestyle,49.0,3,10/12/23,19:41:00,Credit card,4.0,0.33,147.0,48.51
4620,WALM094,Alamo,Fashion accessories,52.0,2,05/10/21,16:19:00,Credit card,5.0,0.33,104.0,34.32
4621,WALM076,Huntsville,Home and lifestyle,44.0,1,10/12/22,20:23:00,Credit card,6.0,0.33,44.0,14.52
4622,WALM095,Big Spring,Fashion accessories,21.0,1,19/08/22,15:23:00,Credit card,5.0,0.33,21.0,6.93
4623,WALM015,Grand Prairie,Home and lifestyle,21.0,2,12/08/20,15:33:00,Credit card,4.0,0.48,42.0,20.16
4624,WALM098,Mineral Wells,Fashion accessories,53.0,2,01/11/21,19:46:00,Credit card,4.0,0.18,106.0,19.08
4625,WALM059,Pflugerville,Home and lifestyle,25.0,1,12/11/23,18:24:00,Credit card,6.0,0.33,25.0,8.25
4626,WALM042,Bryan,Fashion accessories,26.0,3,04/09/22,17:33:00,Credit card,5.0,0.48,78.0,37.44
4627,WALM052,Mansfield,Home and lifestyle,83.0,3,23/08/22,18:08:00,Credit card,8.0,0.57,249.0,141.93
4628,WALM011,Lubbock,Fashion accessories,24.0,1,19/09/21,15:21:00,Credit card,5.0,0.48,24.0,11.52
4629,WALM002,Dallas,Home and lifestyle,41.0,3,13/09/20,21:00:00,Credit card,4.0,0.36,123.0,44.28
4630,WALM079,La Porte,Fashion accessories,43.0,1,21/10/20,19:02:00,Credit card,7.0,0.33,43.0,14.19
4631,WALM071,Lufkin,Home and lifestyle,38.0,1,13/08/22,16:23:00,Credit card,5.0,0.33,38.0,12.54
4632,WALM020,Killeen,Fashion accessories,62.0,2,29/08/21,15:20:00,Credit card,8.0,0.48,124.0,59.52
4633,WALM058,Port Arthur,Home and lifestyle,57.0,3,04/11/22,20:51:00,Credit card,5.0,0.33,171.0,56.43
4634,WALM049,North Richland Hills,Fashion accessories,60.0,2,19/08/23,20:13:00,Credit card,9.0,0.48,120.0,57.6
4635,WALM080,Nacogdoches,Home and lifestyle,72.0,1,09/12/23,19:53:00,Credit card,7.0,0.33,72.0,23.76
4636,WALM070,Hurst,Fashion accessories,84.0,3,19/11/22,20:23:00,Credit card,9.0,0.33,252.0,83.16
4637,WALM015,Grand Prairie,Home and lifestyle,37.0,3,22/11/21,18:00:00,Credit card,8.0,0.48,111.0,53.28
4638,WALM051,New Braunfels,Fashion accessories,37.0,2,01/12/20,18:19:00,Credit card,4.0,0.57,74.0,42.18
4639,WALM043,Baytown,Home and lifestyle,22.0,3,28/12/23,18:59:00,Credit card,4.0,0.48,66.0,31.68
4640,WALM014,Amarillo,Fashion accessories,52.0,3,01/09/23,17:27:00,Credit card,4.0,0.48,156.0,74.88
4641,WALM042,Bryan,Home and lifestyle,57.0,3,06/10/21,20:27:00,Credit card,8.0,0.48,171.0,82.08
4642,WALM045,Missouri City,Fashion accessories,19.0,2,11/08/21,18:26:00,Credit card,6.0,0.48,38.0,18.24
4643,WALM027,Abilene,Home and lifestyle,71.0,1,11/09/23,15:28:00,Credit card,4.0,0.48,71.0,34.08
4644,WALM083,Farmers Branch,Fashion accessories,76.0,3,15/10/21,18:07:00,Credit card,4.0,0.33,228.0,75.24
4645,WALM017,McKinney,Home and lifestyle,31.0,3,08/11/23,19:27:00,Credit card,4.0,0.48,93.0,44.64
4646,WALM081,Friendswood,Fashion accessories,43.0,3,24/09/23,19:22:00,Credit card,4.0,0.33,129.0,42.57
4647,WALM027,Abilene,Home and lifestyle,29.0,3,30/11/22,19:36:00,Credit card,6.0,0.48,87.0,41.76
4648,WALM077,Coppell,Fashion accessories,44.0,1,19/11/23,18:23:00,Credit card,9.0,0.33,44.0,14.52
4649,WALM094,Alamo,Home and lifestyle,74.0,3,14/08/22,16:22:00,Credit card,7.0,0.33,222.0,73.26
4650,WALM036,Allen,Fashion accessories,35.0,2,05/12/20,18:13:00,Credit card,5.0,0.48,70.0,33.6
4651,WALM010,Laredo,Home and lifestyle,49.0,2,31/12/21,18:50:00,Credit card,4.0,0.48,98.0,47.04
4652,WALM016,Brownsville,Fashion accessories,49.0,2,09/08/22,15:59:00,Credit card,8.0,0.48,98.0,47.04
4653,WALM018,Frisco,Home and lifestyle,15.0,3,27/12/20,16:19:00,Credit card,6.0,0.48,45.0,21.6
4654,WALM064,Bedford,Fashion accessories,17.0,3,16/10/20,18:39:00,Credit card,4.0,0.33,51.0,16.83
4655,WALM061,Cedar Park,Home and lifestyle,35.0,2,02/11/20,17:06:00,Credit card,5.0,0.33,70.0,23.1
4656,WALM037,League City,Fashion accessories,26.0,2,07/10/22,18:42:00,Credit card,4.0,0.48,52.0,24.96
4657,WALM042,Bryan,Home and lifestyle,75.0,1,29/09/21,20:14:00,Credit card,9.0,0.48,75.0,36.0
4658,WALM049,North Richland Hills,Fashion accessories,18.0,1,09/12/22,18:12:00,Credit card,5.0,0.48,18.0,8.64
4659,WALM001,Houston,Home and lifestyle,41.0,2,14/09/21,16:22:00,Credit card,6.0,0.36,82.0,29.52
4660,WALM041,Mission,Fashion accessories,74.0,3,05/09/20,19:38:00,Ewallet,5.0,0.48,222.0,106.56
4661,WALM037,League City,Home and lifestyle,29.0,1,06/09/20,18:47:00,Credit card,5.0,0.48,29.0,13.92
4662,WALM060,DeSoto,Fashion accessories,73.0,3,01/10/22,18:25:00,Credit card,5.0,0.33,219.0,72.27
4663,WALM015,Grand Prairie,Home and lifestyle,73.0,2,11/11/23,17:37:00,Credit card,5.0,0.48,146.0,70.08
4664,WALM067,Haltom City,Fashion accessories,22.0,3,30/09/23,16:22:00,Credit card,7.0,0.33,66.0,21.78
4665,WALM079,La Porte,Home and lifestyle,45.0,1,19/08/23,16:06:00,Credit card,6.0,0.33,45.0,14.85
4666,WALM053,Conroe,Fashion accessories,74.0,2,21/10/20,17:54:00,Credit card,4.0,0.21,148.0,31.08
4667,WALM059,Pflugerville,Home and lifestyle,43.0,3,08/11/21,20:00:00,Credit card,6.0,0.33,129.0,42.57
4668,WALM008,Corpus Christi,Fashion accessories,30.0,3,01/09/22,17:09:00,Credit card,9.0,0.48,90.0,43.2
4669,WALM085,Kerrville,Home and lifestyle,69.0,1,08/12/23,15:31:00,Credit card,7.0,0.33,69.0,22.77
4670,WALM039,Longview,Fashion accessories,18.0,3,10/09/21,18:46:00,Credit card,7.0,0.48,54.0,25.92
4671,WALM096,Eagle Pass,Home and lifestyle,37.0,2,23/12/20,18:19:00,Credit card,6.0,0.18,74.0,13.32
4672,WALM081,Friendswood,Fashion accessories,33.0,2,14/09/22,17:25:00,Credit card,8.0,0.33,66.0,21.78
4673,WALM066,Grapevine,Home and lifestyle,64.0,2,29/11/21,18:57:00,Credit card,9.0,0.33,128.0,42.24
4674,WALM062,Galveston,Fashion accessories,33.0,3,17/08/21,17:15:00,Credit card,5.0,0.33,99.0,32.67
4675,WALM048,Harlingen,Home and lifestyle,37.0,2,16/09/21,17:56:00,Credit card,6.0,0.48,74.0,35.52
4676,WALM036,Allen,Fashion accessories,71.0,3,13/09/20,19:39:00,Credit card,4.0,0.48,213.0,102.24
4677,WALM041,Mission,Home and lifestyle,23.0,3,20/10/23,20:54:00,Ewallet,8.0,0.48,69.0,33.12
4678,WALM081,Friendswood,Fashion accessories,55.0,3,02/08/22,18:51:00,Credit card,9.0,0.33,165.0,54.45
4679,WALM023,Midland,Home and lifestyle,79.0,2,28/10/21,16:42:00,Credit card,8.0,0.48,158.0,75.84
4680,WALM083,Farmers Branch,Fashion accessories,66.0,1,15/12/23,19:44:00,Credit card,4.0,0.33,66.0,21.78
4681,WALM005,Fort Worth,Home and lifestyle,71.0,2,16/12/20,20:43:00,Credit card,9.0,0.48,142.0,68.16
4682,WALM012,Garland,Fashion accessories,33.0,1,08/12/23,19:32:00,Credit card,7.0,0.48,33.0,15.84
4683,WALM060,DeSoto,Home and lifestyle,21.0,3,14/11/21,19:24:00,Credit card,6.0,0.33,63.0,20.79
4684,WALM021,McAllen,Fashion accessories,63.0,1,06/11/23,16:58:00,Credit card,4.0,0.48,63.0,30.24
4685,WALM041,Mission,Home and lifestyle,39.0,3,07/11/20,15:51:00,Ewallet,5.0,0.48,117.0,56.16
4686,WALM068,Burleson,Fashion accessories,22.0,3,31/12/23,16:22:00,Credit card,4.0,0.33,66.0,21.78
4687,WALM091,Little Elm,Home and lifestyle,63.0,2,31/10/22,20:06:00,Credit card,8.0,0.33,126.0,41.58
4688,WALM001,Houston,Fashion accessories,77.0,3,23/09/21,20:00:00,Credit card,6.0,0.36,231.0,83.16
4689,WALM016,Brownsville,Home and lifestyle,31.0,1,11/09/21,17:35:00,Credit card,9.0,0.48,31.0,14.88
4690,WALM027,Abilene,Fashion accessories,28.0,2,27/10/21,18:04:00,Credit card,7.0,0.48,56.0,26.88
4691,WALM095,Big Spring,Home and lifestyle,78.0,2,17/11/23,16:41:00,Credit card,8.0,0.33,156.0,51.48
4692,WALM076,Huntsville,Fashion accessories,17.0,1,13/10/20,20:06:00,Credit card,7.0,0.33,17.0,5.61
4693,WALM018,Frisco,Home and lifestyle,26.0,3,13/08/20,18:54:00,Credit card,8.0,0.48,78.0,37.44
4694,WALM004,Austin,Fashion accessories,73.0,1,16/08/21,18:57:00,Credit card,7.0,0.48,73.0,35.04
4695,WALM019,Pasadena,Home and lifestyle,79.0,2,10/11/21,20:17:00,Credit card,9.0,0.48,158.0,75.84
4696,WALM067,Haltom City,Fashion accessories,85.0,2,25/12/23,15:34:00,Credit card,8.0,0.33,170.0,56.1
4697,WALM085,Kerrville,Home and lifestyle,19.0,3,02/10/20,20:26:00,Credit card,4.0,0.33,57.0,18.81
4698,WALM060,DeSoto,Fashion accessories,80.0,3,07/11/21,16:51:00,Credit card,6.0,0.33,240.0,79.2
4699,WALM043,Baytown,Home and lifestyle,61.0,2,05/09/23,15:48:00,Credit card,7.0,0.48,122.0,58.56
4700,WALM042,Bryan,Fashion accessories,55.0,2,09/10/22,15:23:00,Credit card,4.0,0.48,110.0,52.8
4701,WALM093,Angleton,Home and lifestyle,16.0,1,28/10/20,16:22:00,Credit card,5.0,0.33,16.0,5.28
4702,WALM052,Mansfield,Fashion accessories,34.0,1,24/10/21,17:48:00,Credit card,5.0,0.57,34.0,19.38
4703,WALM051,New Braunfels,Home and lifestyle,42.0,1,09/08/20,17:19:00,Credit card,8.0,0.48,42.0,20.16
4704,WALM022,Mesquite,Fashion accessories,43.0,1,21/10/22,18:23:00,Credit card,6.0,0.48,43.0,20.64
4705,WALM090,Brownwood,Home and lifestyle,60.0,3,22/10/20,16:50:00,Credit card,9.0,0.33,180.0,59.4
4706,WALM024,Carrollton,Fashion accessories,22.0,2,15/09/23,15:26:00,Credit card,4.0,0.48,44.0,21.12
4707,WALM070,Hurst,Home and lifestyle,48.0,1,26/09/23,16:17:00,Credit card,8.0,0.33,48.0,15.84
4708,WALM001,Houston,Fashion accessories,52.0,1,26/09/20,16:25:00,Credit card,5.0,0.36,52.0,18.72
4709,WALM048,Harlingen,Home and lifestyle,44.0,1,05/11/20,16:11:00,Credit card,7.0,0.48,44.0,21.12
4710,WALM047,Flower Mound,Fashion accessories,57.0,2,04/08/21,16:03:00,Credit card,9.0,0.48,114.0,54.72
4711,WALM078,Del Rio,Home and lifestyle,25.0,2,01/08/22,16:54:00,Credit card,4.0,0.33,50.0,16.5
4712,WALM057,Euless,Fashion accessories,66.0,3,20/10/21,15:45:00,Credit card,9.0,0.33,198.0,65.34
4713,WALM048,Harlingen,Home and lifestyle,81.0,2,27/11/20,17:47:00,Credit card,7.0,0.48,162.0,77.76
4714,WALM007,Arlington,Fashion accessories,20.0,1,25/11/22,17:18:00,Credit card,5.0,0.48,20.0,9.6
4715,WALM008,Corpus Christi,Home and lifestyle,62.0,3,15/08/21,20:54:00,Credit card,5.0,0.48,186.0,89.28
4716,WALM072,Lancaster,Fashion accessories,63.0,1,13/09/23,17:45:00,Credit card,6.0,0.33,63.0,20.79
4717,WALM083,Farmers Branch,Home and lifestyle,68.0,3,31/12/22,16:53:00,Credit card,6.0,0.33,204.0,67.32
4718,WALM078,Del Rio,Fashion accessories,65.0,3,06/11/22,18:22:00,Credit card,7.0,0.33,195.0,64.35
4719,WALM053,Conroe,Home and lifestyle,65.0,3,10/08/21,19:36:00,Credit card,8.0,0.57,195.0,111.15
4720,WALM080,Nacogdoches,Fashion accessories,27.0,2,05/08/23,18:12:00,Credit card,4.0,0.33,54.0,17.82
4721,WALM024,Carrollton,Home and lifestyle,18.0,3,20/09/22,18:47:00,Credit card,5.0,0.48,54.0,25.92
4722,WALM060,DeSoto,Fashion accessories,26.0,3,25/12/21,19:55:00,Credit card,9.0,0.33,78.0,25.74
4723,WALM040,Edinburg,Home and lifestyle,50.0,2,07/08/21,16:47:00,Credit card,7.0,0.48,100.0,48.0
4724,WALM090,Brownwood,Fashion accessories,73.0,1,13/10/20,15:48:00,Credit card,7.0,0.33,73.0,24.09
4725,WALM021,McAllen,Home and lifestyle,81.0,1,09/09/21,19:03:00,Credit card,7.0,0.48,81.0,38.88
4726,WALM080,Nacogdoches,Fashion accessories,39.0,1,04/12/22,17:32:00,Credit card,6.0,0.33,39.0,12.87
4727,WALM023,Midland,Home and lifestyle,31.0,1,28/12/22,19:26:00,Credit card,4.0,0.48,31.0,14.88
4728,WALM012,Garland,Fashion accessories,70.0,3,13/10/20,16:38:00,Credit card,4.0,0.48,210.0,100.8
4729,WALM061,Cedar Park,Home and lifestyle,58.0,3,16/08/21,17:13:00,Credit card,9.0,0.33,174.0,57.42
4730,WALM085,Kerrville,Fashion accessories,27.0,3,29/12/21,20:19:00,Credit card,9.0,0.33,81.0,26.73
4731,WALM049,North Richland Hills,Home and lifestyle,72.0,3,09/11/20,16:54:00,Credit card,6.0,0.48,216.0,103.68
4732,WALM068,Burleson,Fashion accessories,34.0,2,17/10/22,15:04:00,Credit card,7.0,0.33,68.0,22.44
4733,WALM096,Eagle Pass,Home and lifestyle,74.0,2,09/09/22,16:56:00,Credit card,4.0,0.18,148.0,26.64
4734,WALM016,Brownsville,Fashion accessories,61.0,1,04/10/22,18:37:00,Credit card,7.0,0.48,61.0,29.28
4735,WALM014,Amarillo,Home and lifestyle,18.0,3,01/09/22,18:57:00,Credit card,7.0,0.48,54.0,25.92
4736,WALM078,Del Rio,Fashion accessories,66.0,1,15/11/22,15:09:00,Credit card,6.0,0.33,66.0,21.78
4737,WALM048,Harlingen,Home and lifestyle,84.0,3,04/09/23,16:09:00,Credit card,9.0,0.48,252.0,120.96
4738,WALM100,Canyon,Fashion accessories,66.0,3,26/09/20,16:25:00,Credit card,9.0,0.18,198.0,35.64
4739,WALM057,Euless,Home and lifestyle,58.0,2,08/09/20,19:28:00,Credit card,8.0,0.33,116.0,38.28
4740,WALM066,Grapevine,Fashion accessories,22.0,1,10/11/23,20:31:00,Credit card,7.0,0.33,22.0,7.26
4741,WALM008,Corpus Christi,Home and lifestyle,34.0,3,14/11/21,18:57:00,Credit card,9.0,0.48,102.0,48.96
4742,WALM002,Dallas,Fashion accessories,35.0,3,22/11/23,16:02:00,Credit card,9.0,0.36,105.0,37.8
4743,WALM064,Bedford,Home and lifestyle,69.0,2,01/09/21,18:48:00,Credit card,9.0,0.33,138.0,45.54
4744,WALM083,Farmers Branch,Fashion accessories,56.0,1,04/12/20,19:00:00,Credit card,6.0,0.33,56.0,18.48
4745,WALM017,McKinney,Home and lifestyle,68.0,3,12/12/20,18:06:00,Credit card,4.0,0.48,204.0,97.92
4746,WALM040,Edinburg,Fashion accessories,41.0,1,07/12/22,18:58:00,Credit card,5.0,0.48,41.0,19.68
4747,WALM012,Garland,Home and lifestyle,34.0,1,22/11/22,16:41:00,Credit card,8.0,0.48,34.0,16.32
4748,WALM076,Huntsville,Fashion accessories,48.0,2,01/10/20,20:34:00,Credit card,8.0,0.33,96.0,31.68
4749,WALM076,Huntsville,Home and lifestyle,38.0,3,18/12/21,19:38:00,Credit card,7.0,0.33,114.0,37.62
4750,WALM033,Pearland,Fashion accessories,40.0,3,06/12/21,20:21:00,Credit card,7.0,0.48,120.0,57.6
4751,WALM012,Garland,Home and lifestyle,82.0,2,08/09/20,19:07:00,Credit card,6.0,0.48,164.0,78.72
4752,WALM048,Harlingen,Fashion accessories,17.0,3,18/08/20,17:35:00,Credit card,8.0,0.48,51.0,24.48
4753,WALM083,Farmers Branch,Home and lifestyle,29.0,3,19/12/22,18:48:00,Credit card,8.0,0.33,87.0,28.71
4754,WALM016,Brownsville,Fashion accessories,61.0,3,15/12/22,16:04:00,Credit card,5.0,0.48,183.0,87.84
4755,WALM049,North Richland Hills,Home and lifestyle,23.0,1,16/10/23,15:30:00,Credit card,7.0,0.48,23.0,11.04
4756,WALM009,Plano,Fashion accessories,63.0,2,06/09/20,15:20:00,Credit card,6.0,0.48,126.0,60.48
4757,WALM048,Harlingen,Home and lifestyle,66.0,3,01/10/20,20:39:00,Credit card,5.0,0.48,198.0,95.04
4758,WALM012,Garland,Fashion accessories,39.0,3,25/09/20,18:27:00,Credit card,9.0,0.48,117.0,56.16
4759,WALM019,Pasadena,Home and lifestyle,69.0,1,23/11/23,16:43:00,Credit card,9.0,0.48,69.0,33.12
4760,WALM094,Alamo,Fashion accessories,50.0,1,02/08/21,19:37:00,Credit card,9.0,0.33,50.0,16.5
4761,WALM026,Denton,Home and lifestyle,61.0,2,09/08/20,16:56:00,Credit card,6.0,0.48,122.0,58.56
4762,WALM005,Fort Worth,Fashion accessories,83.0,1,26/10/22,17:43:00,Credit card,8.0,0.48,83.0,39.84
4763,WALM045,Missouri City,Home and lifestyle,71.0,1,08/09/22,16:10:00,Credit card,7.0,0.48,71.0,34.08
4764,WALM045,Missouri City,Fashion accessories,49.0,3,24/11/22,19:11:00,Credit card,4.0,0.48,147.0,70.56
4765,WALM031,Lewisville,Home and lifestyle,48.0,1,01/10/20,15:47:00,Credit card,5.0,0.48,48.0,23.04
4766,WALM066,Grapevine,Fashion accessories,62.0,1,24/08/21,19:34:00,Credit card,6.0,0.33,62.0,20.46
4767,WALM021,McAllen,Home and lifestyle,67.0,3,25/10/20,17:37:00,Credit card,9.0,0.48,201.0,96.48
4768,WALM060,DeSoto,Fashion accessories,52.0,1,19/12/23,18:13:00,Credit card,7.0,0.33,52.0,17.16
4769,WALM017,McKinney,Home and lifestyle,78.0,3,13/08/21,19:50:00,Credit card,7.0,0.48,234.0,112.32
4770,WALM095,Big Spring,Fashion accessories,35.0,1,21/11/20,17:15:00,Credit card,5.0,0.33,35.0,11.55
4771,WALM083,Farmers Branch,Home and lifestyle,71.0,3,02/08/22,20:12:00,Credit card,4.0,0.33,213.0,70.29
4772,WALM080,Nacogdoches,Fashion accessories,47.0,2,25/10/23,19:23:00,Credit card,7.0,0.33,94.0,31.02
4773,WALM076,Huntsville,Home and lifestyle,41.0,2,21/12/23,18:10:00,Credit card,6.0,0.33,82.0,27.06
4774,WALM022,Mesquite,Fashion accessories,72.0,1,15/11/21,19:29:00,Credit card,9.0,0.48,72.0,34.56
4775,WALM002,Dallas,Home and lifestyle,51.0,1,03/09/20,16:31:00,Credit card,6.0,0.36,51.0,18.36
4776,WALM021,McAllen,Fashion accessories,41.0,1,25/12/20,17:11:00,Credit card,5.0,0.48,41.0,19.68
4777,WALM096,Eagle Pass,Home and lifestyle,67.0,1,11/12/20,20:28:00,Credit card,6.0,0.18,67.0,12.06
4778,WALM021,McAllen,Fashion accessories,22.0,2,13/08/21,16:53:00,Credit card,7.0,0.48,44.0,21.12
4779,WALM058,Port Arthur,Home and lifestyle,74.0,3,03/10/20,16:09:00,Credit card,7.0,0.33,222.0,73.26
4780,WALM020,Killeen,Fashion accessories,27.0,1,09/08/22,20:44:00,Credit card,5.0,0.48,27.0,12.96
4781,WALM041,Mission,Home and lifestyle,78.0,1,07/08/20,16:27:00,Ewallet,4.0,0.48,78.0,37.44
4782,WALM044,Pharr,Fashion accessories,81.0,1,29/12/21,16:23:00,Credit card,5.0,0.48,81.0,38.88
4783,WALM041,Mission,Home and lifestyle,59.0,2,15/08/23,19:05:00,Cash,6.0,0.48,118.0,56.64
4784,WALM072,Lancaster,Fashion accessories,75.0,2,17/12/20,15:30:00,Credit card,5.0,0.33,150.0,49.5
4785,WALM039,Longview,Home and lifestyle,29.0,1,30/10/22,20:50:00,Credit card,5.0,0.48,29.0,13.92
4786,WALM043,Baytown,Fashion accessories,30.0,2,26/10/21,20:21:00,Credit card,9.0,0.48,60.0,28.8
4787,WALM026,Denton,Home and lifestyle,44.0,2,10/08/22,17:34:00,Credit card,9.0,0.48,88.0,42.24
4788,WALM066,Grapevine,Fashion accessories,69.0,2,27/12/21,16:13:00,Credit card,7.0,0.33,138.0,45.54
4789,WALM066,Grapevine,Home and lifestyle,78.0,1,27/11/21,16:47:00,Credit card,9.0,0.33,78.0,25.74
4790,WALM083,Farmers Branch,Fashion accessories,32.0,1,01/11/21,20:50:00,Credit card,7.0,0.33,32.0,10.56
4791,WALM094,Alamo,Home and lifestyle,18.0,1,12/10/21,19:09:00,Credit card,4.0,0.33,18.0,5.94
4792,WALM047,Flower Mound,Fashion accessories,15.0,2,28/11/23,20:47:00,Credit card,4.0,0.48,30.0,14.4
4793,WALM067,Haltom City,Home and lifestyle,57.0,1,06/11/23,19:39:00,Credit card,7.0,0.33,57.0,18.81
4794,WALM070,Hurst,Fashion accessories,50.0,3,31/10/23,15:42:00,Credit card,7.0,0.33,150.0,49.5
4795,WALM059,Pflugerville,Home and lifestyle,67.0,3,18/12/21,15:41:00,Credit card,5.0,0.33,201.0,66.33
4796,WALM083,Farmers Branch,Fashion accessories,19.0,1,24/11/23,18:45:00,Credit card,7.0,0.33,19.0,6.27
4797,WALM061,Cedar Park,Home and lifestyle,60.0,3,29/08/20,20:02:00,Credit card,4.0,0.33,180.0,59.4
4798,WALM097,Alice,Fashion accessories,42.0,1,10/09/20,20:20:00,Credit card,4.0,0.18,42.0,7.56
4799,WALM043,Baytown,Home and lifestyle,26.0,3,24/11/20,20:32:00,Credit card,8.0,0.48,78.0,37.44
4800,WALM007,Arlington,Fashion accessories,48.0,3,13/09/21,18:37:00,Credit card,7.0,0.48,144.0,69.12
4801,WALM064,Bedford,Home and lifestyle,65.0,2,16/12/20,18:29:00,Credit card,9.0,0.33,130.0,42.9
4802,WALM080,Nacogdoches,Fashion accessories,34.0,3,22/08/22,16:39:00,Credit card,8.0,0.33,102.0,33.66
4803,WALM043,Baytown,Home and lifestyle,40.0,2,13/09/20,17:42:00,Credit card,9.0,0.48,80.0,38.4
4804,WALM019,Pasadena,Fashion accessories,83.0,2,08/09/20,20:35:00,Credit card,5.0,0.48,166.0,79.68
4805,WALM001,Houston,Home and lifestyle,84.0,1,27/10/20,19:39:00,Credit card,9.0,0.36,84.0,30.24
4806,WALM078,Del Rio,Fashion accessories,84.0,3,28/11/20,18:15:00,Credit card,4.0,0.33,252.0,83.16
4807,WALM078,Del Rio,Home and lifestyle,63.0,2,05/10/23,16:36:00,Credit card,4.0,0.33,126.0,41.58
4808,WALM011,Lubbock,Fashion accessories,31.0,1,03/12/20,18:51:00,Credit card,8.0,0.48,31.0,14.88
4809,WALM076,Huntsville,Home and lifestyle,26.0,2,13/10/22,17:39:00,Credit card,8.0,0.33,52.0,17.16
4810,WALM045,Missouri City,Fashion accessories,31.0,2,27/09/20,18:41:00,Credit card,7.0,0.48,62.0,29.76
4811,WALM042,Bryan,Home and lifestyle,27.0,1,31/08/21,17:58:00,Credit card,6.0,0.48,27.0,12.96
4812,WALM088,Cleburne,Fashion accessories,50.0,3,15/12/21,18:20:00,Credit card,6.0,0.33,150.0,49.5
4813,WALM083,Farmers Branch,Home and lifestyle,17.0,3,20/08/20,15:03:00,Credit card,5.0,0.33,51.0,16.83
4814,WALM043,Baytown,Fashion accessories,80.0,3,01/11/21,15:50:00,Credit card,5.0,0.48,240.0,115.2
4815,WALM006,El Paso,Home and lifestyle,48.0,1,09/12/21,16:17:00,Credit card,5.0,0.48,48.0,23.04
4816,WALM060,DeSoto,Fashion accessories,41.0,3,10/12/21,17:17:00,Credit card,9.0,0.33,123.0,40.59
4817,WALM049,North Richland Hills,Home and lifestyle,69.0,3,19/11/22,17:40:00,Credit card,8.0,0.48,207.0,99.36
4818,WALM096,Eagle Pass,Fashion accessories,58.0,3,30/09/20,18:48:00,Credit card,6.0,0.18,174.0,31.32
4819,WALM088,Cleburne,Home and lifestyle,62.0,2,31/10/20,18:15:00,Credit card,7.0,0.33,124.0,40.92
4820,WALM041,Mission,Fashion accessories,52.0,2,04/12/21,15:35:00,Ewallet,7.0,0.48,104.0,49.92
4821,WALM019,Pasadena,Home and lifestyle,43.0,3,29/10/21,15:44:00,Credit card,8.0,0.48,129.0,61.92
4822,WALM090,Brownwood,Fashion accessories,55.0,3,07/11/23,17:39:00,Credit card,5.0,0.33,165.0,54.45
4823,WALM013,Irving,Home and lifestyle,15.0,3,24/09/21,15:16:00,Credit card,7.0,0.48,45.0,21.6
4824,WALM002,Dallas,Fashion accessories,42.0,1,25/08/20,20:49:00,Credit card,5.0,0.36,42.0,15.12
4825,WALM093,Angleton,Home and lifestyle,51.0,3,05/09/21,18:03:00,Credit card,7.0,0.33,153.0,50.49
4826,WALM067,Haltom City,Fashion accessories,39.0,3,29/10/20,18:11:00,Credit card,7.0,0.33,117.0,38.61
4827,WALM059,Pflugerville,Home and lifestyle,40.0,2,26/09/21,19:07:00,Credit card,8.0,0.33,80.0,26.4
4828,WALM059,Pflugerville,Fashion accessories,72.0,3,08/08/20,17:44:00,Credit card,9.0,0.33,216.0,71.28
4829,WALM027,Abilene,Home and lifestyle,69.0,1,05/08/21,20:27:00,Credit card,6.0,0.48,69.0,33.12
4830,WALM041,Mission,Fashion accessories,69.0,3,13/09/23,19:25:00,Cash,8.0,0.48,207.0,99.36
4831,WALM098,Mineral Wells,Home and lifestyle,76.0,1,20/12/22,16:17:00,Credit card,7.0,0.18,76.0,13.68
4832,WALM005,Fort Worth,Fashion accessories,31.0,1,09/10/22,18:08:00,Credit card,6.0,0.48,31.0,14.88
4833,WALM022,Mesquite,Home and lifestyle,16.0,1,21/10/21,15:29:00,Credit card,8.0,0.48,16.0,7.68
4834,WALM039,Longview,Fashion accessories,61.0,3,16/11/23,18:31:00,Credit card,9.0,0.48,183.0,87.84
4835,WALM017,McKinney,Home and lifestyle,71.0,3,30/08/21,19:06:00,Credit card,6.0,0.48,213.0,102.24
4836,WALM092,Lake Jackson,Fashion accessories,39.0,2,24/09/21,17:56:00,Credit card,6.0,0.33,78.0,25.74
4837,WALM010,Laredo,Home and lifestyle,57.0,1,19/11/20,17:05:00,Credit card,5.0,0.48,57.0,27.36
4838,WALM081,Friendswood,Fashion accessories,78.0,3,25/09/20,15:57:00,Credit card,6.0,0.33,234.0,77.22
4839,WALM095,Big Spring,Home and lifestyle,72.0,2,20/09/22,20:12:00,Credit card,7.0,0.33,144.0,47.52
4840,WALM053,Conroe,Fashion accessories,76.0,1,22/10/23,19:38:00,Credit card,4.0,0.21,76.0,15.96
4841,WALM021,McAllen,Home and lifestyle,27.0,1,22/11/23,17:21:00,Credit card,4.0,0.48,27.0,12.96
4842,WALM016,Brownsville,Fashion accessories,81.0,2,24/09/22,15:17:00,Credit card,9.0,0.48,162.0,77.76
4843,WALM052,Mansfield,Home and lifestyle,33.0,3,08/09/21,18:58:00,Credit card,5.0,0.57,99.0,56.43
4844,WALM023,Midland,Fashion accessories,37.0,3,21/09/22,20:55:00,Credit card,6.0,0.48,111.0,53.28
4845,WALM052,Mansfield,Home and lifestyle,28.0,1,15/09/23,18:46:00,Credit card,7.0,0.57,28.0,15.96
4846,WALM095,Big Spring,Fashion accessories,34.0,1,24/10/21,20:40:00,Credit card,7.0,0.33,34.0,11.22
4847,WALM069,Rockwall,Home and lifestyle,54.0,3,23/12/22,15:53:00,Credit card,8.0,0.33,162.0,53.46
4848,WALM005,Fort Worth,Fashion accessories,48.0,2,16/09/21,20:30:00,Credit card,4.0,0.48,96.0,46.08
4849,WALM068,Burleson,Home and lifestyle,53.0,3,15/09/21,15:19:00,Credit card,8.0,0.33,159.0,52.47
4850,WALM068,Burleson,Fashion accessories,54.0,3,15/10/22,19:32:00,Credit card,9.0,0.33,162.0,53.46
4851,WALM002,Dallas,Home and lifestyle,62.0,2,10/12/21,18:11:00,Credit card,4.0,0.36,124.0,44.64
4852,WALM059,Pflugerville,Fashion accessories,27.0,2,29/12/23,16:05:00,Credit card,9.0,0.33,54.0,17.82
4853,WALM016,Brownsville,Home and lifestyle,33.0,3,27/10/22,19:55:00,Credit card,9.0,0.48,99.0,47.52
4854,WALM005,Fort Worth,Fashion accessories,76.0,1,02/11/20,15:43:00,Credit card,8.0,0.48,76.0,36.48
4855,WALM091,Little Elm,Home and lifestyle,85.0,1,31/08/22,15:02:00,Credit card,8.0,0.33,85.0,28.05
4856,WALM011,Lubbock,Fashion accessories,75.0,2,29/12/23,19:56:00,Credit card,8.0,0.48,150.0,72.0
4857,WALM062,Galveston,Home and lifestyle,22.0,3,15/10/21,17:19:00,Credit card,8.0,0.33,66.0,21.78
4858,WALM042,Bryan,Fashion accessories,77.0,2,02/09/20,19:10:00,Credit card,6.0,0.48,154.0,73.92
4859,WALM088,Cleburne,Home and lifestyle,29.0,1,14/12/23,17:12:00,Credit card,5.0,0.33,29.0,9.57
4860,WALM097,Alice,Fashion accessories,82.0,1,14/10/20,16:30:00,Credit card,7.0,0.18,82.0,14.76
4861,WALM008,Corpus Christi,Home and lifestyle,84.0,3,13/09/23,19:47:00,Credit card,4.0,0.48,252.0,120.96
4862,WALM022,Mesquite,Fashion accessories,57.0,1,09/10/21,17:08:00,Credit card,6.0,0.48,57.0,27.36
4863,WALM013,Irving,Home and lifestyle,72.0,2,27/10/23,17:54:00,Credit card,8.0,0.48,144.0,69.12
4864,WALM069,Rockwall,Fashion accessories,45.0,1,26/09/21,16:44:00,Credit card,5.0,0.33,45.0,14.85
4865,WALM088,Cleburne,Home and lifestyle,30.0,3,12/08/20,16:44:00,Credit card,8.0,0.33,90.0,29.7
4866,WALM001,Houston,Fashion accessories,75.0,2,18/09/23,16:01:00,Credit card,9.0,0.36,150.0,54.0
4867,WALM013,Irving,Home and lifestyle,69.0,2,07/09/21,18:13:00,Credit card,4.0,0.48,138.0,66.24
4868,WALM030,Richardson,Fashion accessories,32.0,3,29/08/21,20:55:00,Credit card,4.0,0.48,96.0,46.08
4869,WALM091,Little Elm,Home and lifestyle,28.0,3,23/09/20,18:10:00,Credit card,4.0,0.33,84.0,27.72
4870,WALM011,Lubbock,Fashion accessories,63.0,2,01/11/23,20:54:00,Credit card,4.0,0.48,126.0,60.48
4871,WALM043,Baytown,Home and lifestyle,31.0,1,01/10/21,15:03:00,Credit card,4.0,0.48,31.0,14.88
4872,WALM096,Eagle Pass,Fashion accessories,39.0,3,26/12/22,17:06:00,Credit card,7.0,0.18,117.0,21.06
4873,WALM097,Alice,Home and lifestyle,73.0,2,28/08/20,15:35:00,Credit card,6.0,0.18,146.0,26.28
4874,WALM083,Farmers Branch,Fashion accessories,15.0,1,29/08/21,15:27:00,Credit card,7.0,0.33,15.0,4.95
4875,WALM094,Alamo,Home and lifestyle,22.0,2,22/12/23,19:39:00,Credit card,5.0,0.33,44.0,14.52
4876,WALM014,Amarillo,Fashion accessories,55.0,2,26/09/23,17:57:00,Credit card,6.0,0.48,110.0,52.8
4877,WALM043,Baytown,Home and lifestyle,33.0,2,26/11/20,20:09:00,Credit card,8.0,0.48,66.0,31.68
4878,WALM020,Killeen,Fashion accessories,31.0,2,10/08/23,16:09:00,Credit card,7.0,0.48,62.0,29.76
4879,WALM068,Burleson,Home and lifestyle,36.0,2,06/08/23,20:30:00,Credit card,9.0,0.33,72.0,23.76
4880,WALM001,Houston,Fashion accessories,47.0,1,06/10/21,17:51:00,Credit card,9.0,0.36,47.0,16.92
4881,WALM022,Mesquite,Home and lifestyle,17.0,1,28/12/22,15:26:00,Credit card,4.0,0.48,17.0,8.16
4882,WALM039,Longview,Fashion accessories,17.0,3,29/09/22,15:29:00,Credit card,7.0,0.48,51.0,24.48
4883,WALM064,Bedford,Home and lifestyle,15.0,3,18/08/22,17:53:00,Credit card,8.0,0.33,45.0,14.85
4884,WALM012,Garland,Fashion accessories,19.0,2,21/12/23,20:35:00,Credit card,7.0,0.48,38.0,18.24
4885,WALM049,North Richland Hills,Home and lifestyle,62.0,1,19/08/22,20:09:00,Credit card,5.0,0.48,62.0,29.76
4886,WALM015,Grand Prairie,Fashion accessories,65.0,3,10/12/22,17:47:00,Credit card,5.0,0.48,195.0,93.6
4887,WALM097,Alice,Home and lifestyle,23.0,1,24/12/20,16:31:00,Credit card,5.0,0.18,23.0,4.14
4888,WALM053,Conroe,Fashion accessories,79.0,3,24/09/21,18:24:00,Credit card,7.0,0.21,237.0,49.77
4889,WALM008,Corpus Christi,Home and lifestyle,20.0,3,10/08/23,17:02:00,Credit card,4.0,0.48,60.0,28.8
4890,WALM092,Lake Jackson,Fashion accessories,34.0,2,31/12/22,18:04:00,Credit card,9.0,0.33,68.0,22.44
4891,WALM090,Brownwood,Home and lifestyle,85.0,1,11/11/21,20:56:00,Credit card,7.0,0.33,85.0,28.05
4892,WALM044,Pharr,Fashion accessories,15.0,1,07/10/20,20:49:00,Credit card,4.0,0.48,15.0,7.2
4893,WALM009,Plano,Home and lifestyle,71.0,2,16/08/20,16:29:00,Credit card,6.0,0.48,142.0,68.16
4894,WALM014,Amarillo,Fashion accessories,69.0,1,01/12/21,15:45:00,Credit card,8.0,0.48,69.0,33.12
4895,WALM094,Alamo,Home and lifestyle,30.0,3,17/11/21,18:20:00,Credit card,9.0,0.33,90.0,29.7
4896,WALM015,Grand Prairie,Fashion accessories,40.0,3,22/12/21,20:27:00,Credit card,5.0,0.48,120.0,57.6
4897,WALM079,La Porte,Home and lifestyle,15.0,1,18/09/22,16:20:00,Credit card,4.0,0.33,15.0,4.95
4898,WALM097,Alice,Fashion accessories,21.0,2,06/12/22,20:40:00,Credit card,5.0,0.18,42.0,7.56
4899,WALM037,League City,Home and lifestyle,22.0,3,30/09/22,20:03:00,Credit card,9.0,0.48,66.0,31.68
4900,WALM062,Galveston,Fashion accessories,43.0,2,01/12/20,16:31:00,Credit card,5.0,0.33,86.0,28.38
4901,WALM019,Pasadena,Home and lifestyle,18.0,2,11/11/20,18:23:00,Credit card,8.0,0.48,36.0,17.28
4902,WALM016,Brownsville,Fashion accessories,70.0,1,01/08/23,20:08:00,Credit card,6.0,0.48,70.0,33.6
4903,WALM027,Abilene,Home and lifestyle,54.0,3,02/09/21,18:13:00,Credit card,5.0,0.48,162.0,77.76
4904,WALM041,Mission,Fashion accessories,81.0,2,20/08/21,18:25:00,Cash,7.0,0.48,162.0,77.76
4905,WALM036,Allen,Home and lifestyle,58.0,1,09/12/22,18:27:00,Credit card,4.0,0.48,58.0,27.84
4906,WALM061,Cedar Park,Fashion accessories,41.0,2,29/11/23,20:41:00,Credit card,4.0,0.33,82.0,27.06
4907,WALM002,Dallas,Home and lifestyle,69.0,3,27/08/21,17:16:00,Credit card,5.0,0.36,207.0,74.52
4908,WALM095,Big Spring,Fashion accessories,74.0,1,02/09/22,18:56:00,Credit card,7.0,0.33,74.0,24.42
4909,WALM001,Houston,Home and lifestyle,33.0,1,24/12/20,15:03:00,Credit card,6.0,0.36,33.0,11.88
4910,WALM057,Euless,Fashion accessories,68.0,2,23/12/23,18:36:00,Credit card,4.0,0.33,136.0,44.88
4911,WALM096,Eagle Pass,Home and lifestyle,48.0,1,02/12/22,18:48:00,Credit card,9.0,0.18,48.0,8.64
4912,WALM015,Grand Prairie,Fashion accessories,15.0,3,01/09/21,17:27:00,Credit card,9.0,0.48,45.0,21.6
4913,WALM063,Georgetown,Home and lifestyle,50.0,2,06/09/22,17:56:00,Credit card,6.0,0.33,100.0,33.0
4914,WALM010,Laredo,Fashion accessories,79.0,2,06/08/23,15:58:00,Credit card,5.0,0.48,158.0,75.84
4915,WALM041,Mission,Home and lifestyle,48.0,1,22/08/23,18:05:00,Cash,4.0,0.48,48.0,23.04
4916,WALM066,Grapevine,Fashion accessories,75.0,2,01/10/23,15:44:00,Credit card,6.0,0.33,150.0,49.5
4917,WALM039,Longview,Home and lifestyle,36.0,3,30/09/21,18:44:00,Credit card,7.0,0.48,108.0,51.84
4918,WALM023,Midland,Fashion accessories,80.0,2,10/12/21,20:25:00,Credit card,8.0,0.48,160.0,76.8
4919,WALM097,Alice,Home and lifestyle,28.0,2,03/08/23,15:25:00,Credit card,7.0,0.18,56.0,10.08
4920,WALM042,Bryan,Fashion accessories,73.0,3,28/12/20,19:04:00,Credit card,9.0,0.48,219.0,105.12
4921,WALM015,Grand Prairie,Home and lifestyle,75.0,2,10/10/20,18:50:00,Credit card,7.0,0.48,150.0,72.0
4922,WALM066,Grapevine,Fashion accessories,23.0,3,17/09/22,18:19:00,Credit card,5.0,0.33,69.0,22.77
4923,WALM081,Friendswood,Home and lifestyle,28.0,1,04/08/20,16:35:00,Credit card,6.0,0.33,28.0,9.24
4924,WALM011,Lubbock,Fashion accessories,72.0,1,01/12/21,18:41:00,Credit card,4.0,0.48,72.0,34.56
4925,WALM023,Midland,Home and lifestyle,32.0,1,15/12/21,15:31:00,Credit card,4.0,0.48,32.0,15.36
4926,WALM004,Austin,Fashion accessories,57.0,3,21/11/23,15:10:00,Credit card,7.0,0.48,171.0,82.08
4927,WALM006,El Paso,Home and lifestyle,47.0,3,23/08/20,17:16:00,Credit card,6.0,0.48,141.0,67.68
4928,WALM083,Farmers Branch,Fashion accessories,81.0,2,28/08/23,17:39:00,Credit card,8.0,0.33,162.0,53.46
4929,WALM019,Pasadena,Home and lifestyle,42.0,3,17/08/23,19:47:00,Credit card,9.0,0.48,126.0,60.48
4930,WALM033,Pearland,Fashion accessories,84.0,1,03/12/22,20:42:00,Credit card,7.0,0.48,84.0,40.32
4931,WALM008,Corpus Christi,Home and lifestyle,34.0,1,13/12/22,18:09:00,Credit card,8.0,0.48,34.0,16.32
4932,WALM045,Missouri City,Fashion accessories,83.0,2,07/10/20,16:52:00,Credit card,7.0,0.48,166.0,79.68
4933,WALM020,Killeen,Home and lifestyle,54.0,1,25/11/21,17:46:00,Credit card,9.0,0.48,54.0,25.92
4934,WALM040,Edinburg,Fashion accessories,63.0,2,02/10/23,18:47:00,Credit card,7.0,0.48,126.0,60.48
4935,WALM063,Georgetown,Home and lifestyle,66.0,2,17/09/23,17:53:00,Credit card,6.0,0.33,132.0,43.56
4936,WALM068,Burleson,Fashion accessories,20.0,1,17/10/21,17:08:00,Credit card,6.0,0.33,20.0,6.6
4937,WALM047,Flower Mound,Home and lifestyle,27.0,2,18/10/23,19:11:00,Credit card,5.0,0.48,54.0,25.92
4938,WALM042,Bryan,Fashion accessories,78.0,3,07/11/23,15:09:00,Credit card,9.0,0.48,234.0,112.32
4939,WALM005,Fort Worth,Home and lifestyle,73.0,2,20/11/23,15:39:00,Credit card,6.0,0.48,146.0,70.08
4940,WALM034,College Station,Fashion accessories,28.0,3,19/10/23,20:16:00,Credit card,4.0,0.48,84.0,40.32
4941,WALM096,Eagle Pass,Home and lifestyle,63.0,3,01/11/23,20:04:00,Credit card,6.0,0.18,189.0,34.02
4942,WALM036,Allen,Fashion accessories,16.0,1,02/12/23,18:58:00,Credit card,8.0,0.48,16.0,7.68
4943,WALM071,Lufkin,Home and lifestyle,26.0,1,16/09/21,18:19:00,Credit card,9.0,0.33,26.0,8.58
4944,WALM043,Baytown,Fashion accessories,27.0,3,26/10/21,19:33:00,Credit card,4.0,0.48,81.0,38.88
4945,WALM001,Houston,Home and lifestyle,83.0,2,12/10/22,19:59:00,Credit card,6.0,0.36,166.0,59.76
4946,WALM034,College Station,Fashion accessories,70.0,3,24/09/22,15:25:00,Credit card,5.0,0.48,210.0,100.8
4947,WALM002,Dallas,Home and lifestyle,71.0,3,29/10/23,16:26:00,Credit card,5.0,0.36,213.0,76.68
4948,WALM034,College Station,Fashion accessories,55.0,2,05/08/21,20:21:00,Credit card,9.0,0.48,110.0,52.8
4949,WALM026,Denton,Home and lifestyle,20.0,1,21/08/20,15:46:00,Credit card,7.0,0.48,20.0,9.6
4950,WALM081,Friendswood,Fashion accessories,48.0,1,12/12/22,20:05:00,Credit card,7.0,0.33,48.0,15.84
4951,WALM005,Fort Worth,Home and lifestyle,41.0,2,01/12/21,16:39:00,Credit card,6.0,0.48,82.0,39.36
4952,WALM078,Del Rio,Fashion accessories,81.0,3,01/10/22,20:41:00,Credit card,4.0,0.33,243.0,80.19
4953,WALM045,Missouri City,Home and lifestyle,62.0,1,07/11/21,18:24:00,Credit card,4.0,0.48,62.0,29.76
4954,WALM069,Rockwall,Fashion accessories,23.0,3,31/12/23,15:54:00,Credit card,8.0,0.33,69.0,22.77
4955,WALM095,Big Spring,Home and lifestyle,66.0,3,31/08/20,19:03:00,Credit card,8.0,0.33,198.0,65.34
4956,WALM088,Cleburne,Fashion accessories,63.0,2,15/10/21,18:48:00,Credit card,5.0,0.33,126.0,41.58
4957,WALM036,Allen,Home and lifestyle,27.0,2,18/12/22,15:34:00,Credit card,9.0,0.48,54.0,25.92
4958,WALM057,Euless,Fashion accessories,36.0,2,20/11/20,20:25:00,Credit card,7.0,0.33,72.0,23.76
4959,WALM090,Brownwood,Home and lifestyle,53.0,1,25/12/23,18:12:00,Credit card,6.0,0.33,53.0,17.49
4960,WALM015,Grand Prairie,Fashion accessories,65.0,1,19/12/23,19:40:00,Credit card,5.0,0.48,65.0,31.2
4961,WALM071,Lufkin,Home and lifestyle,38.0,2,14/08/23,16:23:00,Credit card,4.0,0.33,76.0,25.08
4962,WALM016,Brownsville,Fashion accessories,75.0,1,15/09/21,18:30:00,Credit card,7.0,0.48,75.0,36.0
4963,WALM051,New Braunfels,Home and lifestyle,57.0,2,06/10/23,18:49:00,Credit card,8.0,0.48,114.0,54.72
4964,WALM040,Edinburg,Fashion accessories,20.0,1,12/09/20,20:19:00,Credit card,8.0,0.48,20.0,9.6
4965,WALM091,Little Elm,Home and lifestyle,62.0,3,13/09/21,19:20:00,Credit card,4.0,0.33,186.0,61.38
4966,WALM093,Angleton,Fashion accessories,26.0,1,03/09/20,17:20:00,Credit card,5.0,0.33,26.0,8.58
4967,WALM044,Pharr,Home and lifestyle,67.0,1,06/08/23,19:29:00,Credit card,8.0,0.48,67.0,32.16
4968,WALM064,Bedford,Fashion accessories,81.0,2,30/09/20,16:47:00,Credit card,9.0,0.33,162.0,53.46
4969,WALM024,Carrollton,Home and lifestyle,36.0,3,07/10/23,15:29:00,Credit card,6.0,0.48,108.0,51.84
4970,WALM070,Hurst,Fashion accessories,70.0,3,07/08/20,20:11:00,Credit card,7.0,0.33,210.0,69.3
4971,WALM057,Euless,Home and lifestyle,42.0,2,07/11/20,17:47:00,Credit card,9.0,0.33,84.0,27.72
4972,WALM068,Burleson,Fashion accessories,46.0,1,26/11/21,18:05:00,Credit card,8.0,0.33,46.0,15.18
4973,WALM061,Cedar Park,Home and lifestyle,76.0,2,21/12/20,18:56:00,Credit card,7.0,0.33,152.0,50.16
4974,WALM078,Del Rio,Fashion accessories,35.0,3,29/10/20,15:23:00,Credit card,4.0,0.33,105.0,34.65
4975,WALM049,North Richland Hills,Home and lifestyle,83.0,2,02/09/23,16:42:00,Credit card,4.0,0.48,166.0,79.68
4976,WALM020,Killeen,Fashion accessories,55.0,2,01/10/21,15:48:00,Credit card,4.0,0.48,110.0,52.8
4977,WALM090,Brownwood,Home and lifestyle,41.0,3,01/12/21,15:57:00,Credit card,7.0,0.33,123.0,40.59
4978,WALM078,Del Rio,Fashion accessories,72.0,1,20/08/22,18:46:00,Credit card,9.0,0.33,72.0,23.76
4979,WALM028,Odessa,Home and lifestyle,65.0,2,13/08/21,20:12:00,Credit card,5.0,0.48,130.0,62.4
4980,WALM058,Port Arthur,Fashion accessories,35.0,1,20/09/20,18:10:00,Credit card,5.0,0.33,35.0,11.55
4981,WALM017,McKinney,Home and lifestyle,58.0,3,06/11/21,15:05:00,Credit card,8.0,0.48,174.0,83.52
4982,WALM001,Houston,Fashion accessories,67.0,1,24/12/23,20:40:00,Credit card,8.0,0.36,67.0,24.12
4983,WALM037,League City,Home and lifestyle,56.0,1,28/09/23,16:59:00,Credit card,9.0,0.48,56.0,26.88
4984,WALM017,McKinney,Fashion accessories,67.0,3,30/11/23,20:21:00,Credit card,4.0,0.48,201.0,96.48
4985,WALM024,Carrollton,Home and lifestyle,79.0,1,22/09/21,17:21:00,Credit card,6.0,0.48,79.0,37.92
4986,WALM083,Farmers Branch,Fashion accessories,43.0,3,05/10/20,19:05:00,Credit card,8.0,0.33,129.0,42.57
4987,WALM052,Mansfield,Home and lifestyle,61.0,1,31/10/23,15:17:00,Credit card,8.0,0.57,61.0,34.77
4988,WALM059,Pflugerville,Fashion accessories,57.0,3,25/09/22,18:15:00,Credit card,9.0,0.33,171.0,56.43
4989,WALM098,Mineral Wells,Home and lifestyle,82.0,2,27/12/23,18:35:00,Credit card,9.0,0.18,164.0,29.52
4990,WALM060,DeSoto,Fashion accessories,62.0,1,20/11/23,15:59:00,Credit card,5.0,0.33,62.0,20.46
4991,WALM015,Grand Prairie,Home and lifestyle,63.0,2,29/11/23,16:49:00,Credit card,9.0,0.48,126.0,60.48
4992,WALM059,Pflugerville,Fashion accessories,64.0,3,01/10/21,16:05:00,Credit card,8.0,0.33,192.0,63.36
4993,WALM017,McKinney,Home and lifestyle,43.0,1,20/08/20,17:51:00,Credit card,6.0,0.48,43.0,20.64
4994,WALM043,Baytown,Fashion accessories,70.0,3,01/12/20,17:11:00,Credit card,6.0,0.48,210.0,100.8
4995,WALM009,Plano,Home and lifestyle,39.0,3,21/11/23,19:11:00,Credit card,6.0,0.48,117.0,56.16
4996,WALM001,Houston,Fashion accessories,70.0,3,01/10/21,17:57:00,Credit card,8.0,0.36,210.0,75.6
4997,WALM060,DeSoto,Home and lifestyle,19.0,3,15/09/21,17:59:00,Credit card,8.0,0.33,57.0,18.81
4998,WALM083,Farmers Branch,Fashion accessories,67.0,2,17/09/20,20:35:00,Credit card,5.0,0.33,134.0,44.22
4999,WALM023,Midland,Home and lifestyle,65.0,2,08/12/23,20:48:00,Credit card,6.0,0.48,130.0,62.4
5000,WALM052,Mansfield,Fashion accessories,50.0,2,21/10/22,16:17:00,Credit card,7.0,0.57,100.0,57.0
5001,WALM068,Burleson,Home and lifestyle,29.0,3,02/12/23,19:45:00,Credit card,5.0,0.33,87.0,28.71
5002,WALM085,Kerrville,Fashion accessories,38.0,3,20/08/22,19:29:00,Credit card,5.0,0.33,114.0,37.62
5003,WALM051,New Braunfels,Home and lifestyle,84.0,1,13/11/22,18:29:00,Credit card,9.0,0.48,84.0,40.32
5004,WALM063,Georgetown,Fashion accessories,33.0,1,17/12/23,17:14:00,Credit card,4.0,0.33,33.0,10.89
5005,WALM072,Lancaster,Home and lifestyle,61.0,3,25/08/20,16:37:00,Credit card,4.0,0.33,183.0,60.39
5006,WALM031,Lewisville,Fashion accessories,53.0,1,20/08/23,17:39:00,Credit card,5.0,0.48,53.0,25.44
5007,WALM012,Garland,Home and lifestyle,47.0,3,15/08/21,18:41:00,Credit card,8.0,0.48,141.0,67.68
5008,WALM069,Rockwall,Fashion accessories,83.0,1,15/12/23,17:08:00,Credit card,9.0,0.33,83.0,27.39
5009,WALM048,Harlingen,Home and lifestyle,61.0,3,02/08/22,19:48:00,Credit card,4.0,0.48,183.0,87.84
5010,WALM063,Georgetown,Fashion accessories,26.0,1,17/12/21,19:05:00,Credit card,8.0,0.33,26.0,8.58
5011,WALM008,Corpus Christi,Home and lifestyle,73.0,3,29/09/23,19:08:00,Credit card,8.0,0.48,219.0,105.12
5012,WALM052,Mansfield,Fashion accessories,16.0,2,06/11/22,19:16:00,Credit card,4.0,0.57,32.0,18.24
5013,WALM072,Lancaster,Home and lifestyle,75.0,1,28/11/20,20:57:00,Credit card,9.0,0.33,75.0,24.75
5014,WALM041,Mission,Fashion accessories,34.0,3,26/10/23,19:44:00,Cash,6.0,0.48,102.0,48.96
5015,WALM018,Frisco,Home and lifestyle,20.0,1,22/09/21,15:40:00,Credit card,6.0,0.48,20.0,9.6
5016,WALM023,Midland,Fashion accessories,24.0,3,21/08/22,17:40:00,Credit card,8.0,0.48,72.0,34.56
5017,WALM007,Arlington,Home and lifestyle,63.0,2,04/08/23,20:57:00,Credit card,5.0,0.48,126.0,60.48
5018,WALM052,Mansfield,Fashion accessories,29.0,1,15/08/22,19:50:00,Credit card,9.0,0.57,29.0,16.53
5019,WALM067,Haltom City,Home and lifestyle,79.0,1,22/11/21,19:16:00,Credit card,8.0,0.33,79.0,26.07
5020,WALM041,Mission,Fashion accessories,21.0,2,24/09/21,19:56:00,Cash,9.0,0.48,42.0,20.16
5021,WALM096,Eagle Pass,Home and lifestyle,73.0,1,14/11/20,18:11:00,Credit card,8.0,0.18,73.0,13.14
5022,WALM031,Lewisville,Fashion accessories,30.0,2,28/09/22,20:49:00,Credit card,7.0,0.48,60.0,28.8
5023,WALM080,Nacogdoches,Home and lifestyle,82.0,1,20/10/22,15:59:00,Credit card,9.0,0.33,82.0,27.06
5024,WALM041,Mission,Fashion accessories,48.0,1,17/10/22,16:07:00,Cash,9.0,0.48,48.0,23.04
5025,WALM051,New Braunfels,Home and lifestyle,81.0,3,04/10/21,19:41:00,Credit card,5.0,0.48,243.0,116.64
5026,WALM095,Big Spring,Fashion accessories,69.0,2,04/10/20,19:49:00,Credit card,5.0,0.33,138.0,45.54
5027,WALM009,Plano,Home and lifestyle,16.0,3,02/08/20,18:43:00,Credit card,7.0,0.48,48.0,23.04
5028,WALM019,Pasadena,Fashion accessories,67.0,3,07/09/22,20:57:00,Credit card,6.0,0.48,201.0,96.48
5029,WALM040,Edinburg,Home and lifestyle,45.0,1,08/08/22,20:29:00,Credit card,4.0,0.48,45.0,21.6
5030,WALM096,Eagle Pass,Fashion accessories,32.0,3,18/09/22,16:39:00,Credit card,4.0,0.18,96.0,17.28
5031,WALM040,Edinburg,Home and lifestyle,73.0,1,28/08/22,18:02:00,Credit card,4.0,0.48,73.0,35.04
5032,WALM058,Port Arthur,Fashion accessories,84.0,2,22/11/23,16:53:00,Credit card,8.0,0.33,168.0,55.44
5033,WALM081,Friendswood,Home and lifestyle,83.0,1,21/10/23,20:24:00,Credit card,8.0,0.33,83.0,27.39
5034,WALM010,Laredo,Fashion accessories,16.0,1,11/10/21,15:19:00,Credit card,9.0,0.48,16.0,7.68
5035,WALM079,La Porte,Home and lifestyle,35.0,2,06/11/22,17:47:00,Credit card,6.0,0.33,70.0,23.1
5036,WALM044,Pharr,Fashion accessories,35.0,3,22/09/21,17:38:00,Credit card,7.0,0.48,105.0,50.4
5037,WALM095,Big Spring,Home and lifestyle,49.0,2,18/09/22,15:55:00,Credit card,8.0,0.33,98.0,32.34
5038,WALM070,Hurst,Fashion accessories,60.0,2,03/09/22,17:14:00,Credit card,5.0,0.33,120.0,39.6
5039,WALM006,El Paso,Home and lifestyle,82.0,1,14/08/22,19:54:00,Credit card,5.0,0.48,82.0,39.36
5040,WALM100,Canyon,Fashion accessories,15.0,3,14/11/23,19:01:00,Credit card,7.0,0.18,45.0,8.1
5041,WALM005,Fort Worth,Home and lifestyle,30.0,1,06/10/22,16:33:00,Credit card,6.0,0.48,30.0,14.4
5042,WALM002,Dallas,Fashion accessories,67.0,1,20/09/21,15:36:00,Credit card,5.0,0.36,67.0,24.12
5043,WALM014,Amarillo,Home and lifestyle,50.0,3,06/08/21,20:14:00,Credit card,9.0,0.48,150.0,72.0
5044,WALM051,New Braunfels,Fashion accessories,68.0,1,07/10/23,19:00:00,Credit card,7.0,0.57,68.0,38.76
5045,WALM060,DeSoto,Home and lifestyle,19.0,2,03/12/20,18:47:00,Credit card,7.0,0.33,38.0,12.54
5046,WALM039,Longview,Fashion accessories,15.0,3,30/10/23,18:11:00,Credit card,4.0,0.48,45.0,21.6
5047,WALM028,Odessa,Home and lifestyle,58.0,3,02/09/21,17:27:00,Credit card,8.0,0.48,174.0,83.52
5048,WALM006,El Paso,Fashion accessories,83.0,1,22/09/22,18:11:00,Credit card,4.0,0.48,83.0,39.84
5049,WALM036,Allen,Home and lifestyle,27.0,1,28/12/23,16:18:00,Credit card,9.0,0.48,27.0,12.96
5050,WALM070,Hurst,Fashion accessories,67.0,2,27/11/22,15:50:00,Credit card,9.0,0.33,134.0,44.22
5051,WALM078,Del Rio,Home and lifestyle,64.0,2,10/09/22,19:07:00,Credit card,6.0,0.33,128.0,42.24
5052,WALM033,Pearland,Fashion accessories,49.0,2,18/08/22,17:14:00,Credit card,5.0,0.48,98.0,47.04
5053,WALM026,Denton,Home and lifestyle,27.0,2,30/11/22,16:09:00,Credit card,5.0,0.48,54.0,25.92
5054,WALM027,Abilene,Fashion accessories,53.0,3,02/10/21,18:02:00,Credit card,8.0,0.48,159.0,76.32
5055,WALM072,Lancaster,Home and lifestyle,19.0,2,02/09/20,17:21:00,Credit card,6.0,0.33,38.0,12.54
5056,WALM033,Pearland,Fashion accessories,26.0,3,27/11/23,19:10:00,Credit card,6.0,0.48,78.0,37.44
5057,WALM019,Pasadena,Home and lifestyle,29.0,3,14/10/23,18:18:00,Credit card,6.0,0.48,87.0,41.76
5058,WALM013,Irving,Fashion accessories,68.0,1,11/11/20,16:12:00,Credit card,9.0,0.48,68.0,32.64
5059,WALM095,Big Spring,Home and lifestyle,25.0,3,11/10/20,17:37:00,Credit card,6.0,0.33,75.0,24.75
5060,WALM031,Lewisville,Fashion accessories,46.0,2,16/10/22,19:40:00,Credit card,9.0,0.48,92.0,44.16
5061,WALM068,Burleson,Home and lifestyle,75.0,2,28/10/23,15:32:00,Credit card,6.0,0.33,150.0,49.5
5062,WALM076,Huntsville,Fashion accessories,19.0,2,14/11/23,20:55:00,Credit card,5.0,0.33,38.0,12.54
5063,WALM013,Irving,Home and lifestyle,65.0,3,09/11/22,16:03:00,Credit card,9.0,0.48,195.0,93.6
5064,WALM044,Pharr,Fashion accessories,40.0,2,25/10/20,20:47:00,Credit card,5.0,0.48,80.0,38.4
5065,WALM098,Mineral Wells,Home and lifestyle,60.0,3,17/10/23,18:42:00,Credit card,9.0,0.18,180.0,32.4
5066,WALM021,McAllen,Fashion accessories,79.0,2,25/10/21,15:55:00,Credit card,9.0,0.48,158.0,75.84
5067,WALM020,Killeen,Home and lifestyle,30.0,1,31/10/20,19:13:00,Credit card,9.0,0.48,30.0,14.4
5068,WALM017,McKinney,Fashion accessories,68.0,3,16/10/22,17:02:00,Credit card,8.0,0.48,204.0,97.92
5069,WALM031,Lewisville,Home and lifestyle,19.0,2,20/08/22,19:13:00,Credit card,4.0,0.48,38.0,18.24
5070,WALM044,Pharr,Fashion accessories,68.0,1,10/11/20,17:42:00,Credit card,8.0,0.48,68.0,32.64
5071,WALM034,College Station,Home and lifestyle,28.0,1,06/09/21,19:26:00,Credit card,6.0,0.48,28.0,13.44
5072,WALM076,Huntsville,Fashion accessories,49.0,2,02/12/22,16:40:00,Credit card,9.0,0.33,98.0,32.34
5073,WALM097,Alice,Home and lifestyle,37.0,1,29/09/23,17:03:00,Credit card,5.0,0.18,37.0,6.66
5074,WALM013,Irving,Fashion accessories,18.0,2,22/08/20,19:00:00,Credit card,9.0,0.48,36.0,17.28
5075,WALM052,Mansfield,Home and lifestyle,70.0,3,26/12/21,16:55:00,Credit card,8.0,0.57,210.0,119.7
5076,WALM078,Del Rio,Fashion accessories,70.0,3,25/12/21,16:30:00,Credit card,6.0,0.33,210.0,69.3
5077,WALM022,Mesquite,Home and lifestyle,47.0,2,08/08/23,19:04:00,Credit card,6.0,0.48,94.0,45.12
5078,WALM020,Killeen,Fashion accessories,65.0,1,03/11/23,17:53:00,Credit card,8.0,0.48,65.0,31.2
5079,WALM014,Amarillo,Home and lifestyle,62.0,2,30/09/22,20:20:00,Credit card,4.0,0.48,124.0,59.52
5080,WALM070,Hurst,Fashion accessories,27.0,2,12/11/23,16:01:00,Credit card,8.0,0.33,54.0,17.82
5081,WALM006,El Paso,Home and lifestyle,64.0,2,21/11/23,15:56:00,Credit card,5.0,0.48,128.0,61.44
5082,WALM010,Laredo,Fashion accessories,78.0,2,18/08/23,15:47:00,Credit card,9.0,0.48,156.0,74.88
5083,WALM063,Georgetown,Home and lifestyle,71.0,2,11/11/21,18:14:00,Credit card,6.0,0.33,142.0,46.86
5084,WALM049,North Richland Hills,Fashion accessories,83.0,1,27/10/21,19:57:00,Credit card,5.0,0.48,83.0,39.84
5085,WALM005,Fort Worth,Home and lifestyle,48.0,2,10/09/20,17:44:00,Credit card,8.0,0.48,96.0,46.08
5086,WALM078,Del Rio,Fashion accessories,69.0,3,17/10/21,16:39:00,Credit card,5.0,0.33,207.0,68.31
5087,WALM066,Grapevine,Home and lifestyle,37.0,3,11/11/20,19:07:00,Credit card,5.0,0.33,111.0,36.63
5088,WALM041,Mission,Fashion accessories,17.0,1,03/08/20,15:08:00,Cash,6.0,0.48,17.0,8.16
5089,WALM092,Lake Jackson,Home and lifestyle,19.0,1,21/08/21,17:02:00,Credit card,9.0,0.33,19.0,6.27
5090,WALM004,Austin,Fashion accessories,67.0,2,30/10/22,20:10:00,Credit card,6.0,0.48,134.0,64.32
5091,WALM027,Abilene,Home and lifestyle,66.0,2,01/09/23,19:14:00,Credit card,4.0,0.48,132.0,63.36
5092,WALM011,Lubbock,Fashion accessories,18.0,1,22/09/20,18:30:00,Credit card,7.0,0.48,18.0,8.64
5093,WALM020,Killeen,Home and lifestyle,28.0,3,04/09/21,20:16:00,Credit card,7.0,0.48,84.0,40.32
5094,WALM014,Amarillo,Fashion accessories,28.0,2,02/10/22,20:04:00,Credit card,8.0,0.48,56.0,26.88
5095,WALM026,Denton,Home and lifestyle,73.0,3,30/12/20,15:17:00,Credit card,9.0,0.48,219.0,105.12
5096,WALM067,Haltom City,Fashion accessories,51.0,1,22/10/21,18:03:00,Credit card,4.0,0.33,51.0,16.83
5097,WALM081,Friendswood,Home and lifestyle,59.0,3,13/08/20,16:00:00,Credit card,4.0,0.33,177.0,58.41
5098,WALM028,Odessa,Fashion accessories,60.0,3,04/09/22,20:09:00,Credit card,5.0,0.48,180.0,86.4
5099,WALM009,Plano,Home and lifestyle,42.0,2,26/10/23,17:21:00,Credit card,9.0,0.48,84.0,40.32
5100,WALM071,Lufkin,Fashion accessories,81.0,1,08/12/20,17:36:00,Credit card,7.0,0.33,81.0,26.73
5101,WALM059,Pflugerville,Home and lifestyle,75.0,1,16/10/23,20:57:00,Credit card,6.0,0.33,75.0,24.75
5102,WALM062,Galveston,Fashion accessories,64.0,2,12/08/23,15:22:00,Credit card,7.0,0.33,128.0,42.24
5103,WALM072,Lancaster,Home and lifestyle,45.0,2,09/12/21,16:46:00,Credit card,6.0,0.33,90.0,29.7
5104,WALM059,Pflugerville,Fashion accessories,42.0,1,14/11/23,15:26:00,Credit card,7.0,0.33,42.0,13.86
5105,WALM023,Midland,Home and lifestyle,38.0,2,21/10/21,15:52:00,Credit card,8.0,0.48,76.0,36.48
5106,WALM008,Corpus Christi,Fashion accessories,56.0,1,15/08/23,19:27:00,Credit card,4.0,0.48,56.0,26.88
5107,WALM093,Angleton,Home and lifestyle,74.0,2,21/10/20,16:38:00,Credit card,6.0,0.33,148.0,48.84
5108,WALM002,Dallas,Fashion accessories,38.0,1,16/09/21,17:48:00,Credit card,9.0,0.36,38.0,13.68
5109,WALM094,Alamo,Home and lifestyle,33.0,2,18/10/23,17:57:00,Credit card,5.0,0.33,66.0,21.78
5110,WALM072,Lancaster,Fashion accessories,33.0,3,10/12/23,16:57:00,Credit card,5.0,0.33,99.0,32.67
5111,WALM069,Rockwall,Home and lifestyle,62.0,3,31/08/20,17:16:00,Credit card,9.0,0.33,186.0,61.38
5112,WALM090,Brownwood,Fashion accessories,29.0,1,21/09/21,17:22:00,Credit card,7.0,0.33,29.0,9.57
5113,WALM023,Midland,Home and lifestyle,29.0,2,16/08/20,18:29:00,Credit card,5.0,0.48,58.0,27.84
5114,WALM051,New Braunfels,Fashion accessories,36.0,1,27/08/22,20:31:00,Credit card,7.0,0.57,36.0,20.52
5115,WALM060,DeSoto,Home and lifestyle,65.0,1,04/08/23,17:11:00,Credit card,6.0,0.33,65.0,21.45
5116,WALM083,Farmers Branch,Fashion accessories,28.0,3,14/12/22,19:44:00,Credit card,7.0,0.33,84.0,27.72
5117,WALM028,Odessa,Home and lifestyle,71.0,3,09/12/20,18:22:00,Credit card,5.0,0.48,213.0,102.24
5118,WALM061,Cedar Park,Fashion accessories,19.0,1,08/11/21,19:31:00,Credit card,5.0,0.33,19.0,6.27
5119,WALM017,McKinney,Home and lifestyle,33.0,1,03/12/22,19:11:00,Credit card,9.0,0.48,33.0,15.84
5120,WALM047,Flower Mound,Fashion accessories,43.0,1,14/08/23,16:39:00,Credit card,4.0,0.48,43.0,20.64
5121,WALM093,Angleton,Home and lifestyle,59.0,1,06/09/22,18:19:00,Credit card,7.0,0.33,59.0,19.47
5122,WALM090,Brownwood,Fashion accessories,30.0,2,05/12/22,15:16:00,Credit card,6.0,0.33,60.0,19.8
5123,WALM085,Kerrville,Home and lifestyle,62.0,1,21/08/22,19:11:00,Credit card,4.0,0.33,62.0,20.46
5124,WALM085,Kerrville,Fashion accessories,68.0,1,13/08/20,16:01:00,Credit card,7.0,0.33,68.0,22.44
5125,WALM034,College Station,Home and lifestyle,38.0,1,26/08/23,15:02:00,Credit card,8.0,0.48,38.0,18.24
5126,WALM020,Killeen,Fashion accessories,48.0,2,28/12/21,19:16:00,Credit card,5.0,0.48,96.0,46.08
5127,WALM023,Midland,Home and lifestyle,78.0,1,04/12/21,19:11:00,Credit card,5.0,0.48,78.0,37.44
5128,WALM076,Huntsville,Fashion accessories,37.0,1,09/11/22,17:09:00,Credit card,6.0,0.33,37.0,12.21
5129,WALM100,Canyon,Home and lifestyle,61.0,3,10/10/20,20:25:00,Credit card,4.0,0.18,183.0,32.94
5130,WALM091,Little Elm,Fashion accessories,32.0,3,25/12/21,15:49:00,Credit card,4.0,0.33,96.0,31.68
5131,WALM088,Cleburne,Home and lifestyle,65.0,1,02/11/22,18:10:00,Credit card,8.0,0.33,65.0,21.45
5132,WALM026,Denton,Fashion accessories,20.0,2,03/10/21,20:25:00,Credit card,8.0,0.48,40.0,19.2
5133,WALM072,Lancaster,Home and lifestyle,42.0,1,13/11/22,20:36:00,Credit card,7.0,0.33,42.0,13.86
5134,WALM096,Eagle Pass,Fashion accessories,54.0,2,28/12/23,19:49:00,Credit card,5.0,0.18,108.0,19.44
5135,WALM012,Garland,Home and lifestyle,24.0,2,21/09/20,16:43:00,Credit card,7.0,0.48,48.0,23.04
5136,WALM095,Big Spring,Fashion accessories,38.0,3,15/08/21,15:12:00,Credit card,4.0,0.33,114.0,37.62
5137,WALM095,Big Spring,Home and lifestyle,22.0,2,01/10/21,20:48:00,Credit card,8.0,0.33,44.0,14.52
5138,WALM014,Amarillo,Fashion accessories,43.0,3,13/10/23,15:10:00,Credit card,4.0,0.48,129.0,61.92
5139,WALM081,Friendswood,Home and lifestyle,75.0,3,22/11/22,19:14:00,Credit card,6.0,0.33,225.0,74.25
5140,WALM052,Mansfield,Fashion accessories,25.0,2,09/11/23,19:36:00,Credit card,5.0,0.57,50.0,28.5
5141,WALM020,Killeen,Home and lifestyle,35.0,3,09/08/22,19:23:00,Credit card,6.0,0.48,105.0,50.4
5142,WALM072,Lancaster,Fashion accessories,62.0,2,15/11/23,16:25:00,Credit card,5.0,0.33,124.0,40.92
5143,WALM012,Garland,Home and lifestyle,62.0,1,22/09/21,18:55:00,Credit card,4.0,0.48,62.0,29.76
5144,WALM057,Euless,Fashion accessories,20.0,2,01/10/22,19:28:00,Credit card,8.0,0.33,40.0,13.2
5145,WALM023,Midland,Home and lifestyle,25.0,3,14/08/23,17:02:00,Credit card,9.0,0.48,75.0,36.0
5146,WALM020,Killeen,Fashion accessories,69.0,3,10/10/21,19:02:00,Credit card,8.0,0.48,207.0,99.36
5147,WALM006,El Paso,Home and lifestyle,48.0,3,19/09/23,15:30:00,Credit card,5.0,0.48,144.0,69.12
5148,WALM033,Pearland,Fashion accessories,59.0,3,20/08/22,20:40:00,Credit card,5.0,0.48,177.0,84.96
5149,WALM005,Fort Worth,Home and lifestyle,49.0,3,30/08/22,17:45:00,Credit card,7.0,0.48,147.0,70.56
5150,WALM027,Abilene,Fashion accessories,17.0,2,11/11/21,16:14:00,Credit card,9.0,0.48,34.0,16.32
5151,WALM004,Austin,Home and lifestyle,55.0,1,19/10/20,15:04:00,Credit card,7.0,0.48,55.0,26.4
5152,WALM005,Fort Worth,Fashion accessories,24.0,2,03/10/23,18:27:00,Credit card,4.0,0.48,48.0,23.04
5153,WALM091,Little Elm,Home and lifestyle,32.0,1,26/08/20,15:32:00,Credit card,7.0,0.33,32.0,10.56
5154,WALM011,Lubbock,Fashion accessories,29.0,2,04/09/21,15:42:00,Credit card,4.0,0.48,58.0,27.84
5155,WALM024,Carrollton,Home and lifestyle,42.0,1,22/08/22,20:32:00,Credit card,6.0,0.48,42.0,20.16
5156,WALM017,McKinney,Fashion accessories,67.0,3,28/09/20,17:29:00,Credit card,8.0,0.48,201.0,96.48
5157,WALM060,DeSoto,Home and lifestyle,79.0,1,13/10/20,17:16:00,Credit card,5.0,0.33,79.0,26.07
5158,WALM070,Hurst,Fashion accessories,53.0,3,11/10/23,20:49:00,Credit card,4.0,0.33,159.0,52.47
5159,WALM060,DeSoto,Home and lifestyle,51.0,3,15/08/23,15:20:00,Credit card,7.0,0.33,153.0,50.49
5160,WALM026,Denton,Fashion accessories,83.0,3,03/10/23,15:47:00,Credit card,6.0,0.48,249.0,119.52
5161,WALM006,El Paso,Home and lifestyle,78.0,2,26/11/22,19:20:00,Credit card,4.0,0.48,156.0,74.88
5162,WALM098,Mineral Wells,Fashion accessories,46.0,2,25/08/21,16:25:00,Credit card,6.0,0.18,92.0,16.56
5163,WALM028,Odessa,Home and lifestyle,69.0,2,13/08/23,19:03:00,Credit card,9.0,0.48,138.0,66.24
5164,WALM014,Amarillo,Fashion accessories,49.0,1,17/08/22,15:43:00,Credit card,7.0,0.48,49.0,23.52
5165,WALM045,Missouri City,Home and lifestyle,16.0,3,23/09/21,16:21:00,Credit card,9.0,0.48,48.0,23.04
5166,WALM015,Grand Prairie,Fashion accessories,62.0,2,29/09/23,16:21:00,Credit card,5.0,0.48,124.0,59.52
5167,WALM015,Grand Prairie,Home and lifestyle,69.0,2,01/08/22,20:39:00,Credit card,8.0,0.48,138.0,66.24
5168,WALM021,McAllen,Fashion accessories,39.0,1,14/12/23,18:58:00,Credit card,4.0,0.48,39.0,18.72
5169,WALM012,Garland,Home and lifestyle,32.0,2,19/10/22,17:30:00,Credit card,8.0,0.48,64.0,30.72
5170,WALM037,League City,Fashion accessories,69.0,1,01/10/22,15:05:00,Credit card,4.0,0.48,69.0,33.12
5171,WALM062,Galveston,Home and lifestyle,28.0,2,01/12/20,18:19:00,Credit card,8.0,0.33,56.0,18.48
5172,WALM034,College Station,Fashion accessories,43.0,3,25/10/21,18:29:00,Credit card,9.0,0.48,129.0,61.92
5173,WALM034,College Station,Home and lifestyle,83.0,1,29/08/20,18:37:00,Credit card,9.0,0.48,83.0,39.84
5174,WALM060,DeSoto,Fashion accessories,47.0,2,25/09/23,18:30:00,Credit card,5.0,0.33,94.0,31.02
5175,WALM060,DeSoto,Home and lifestyle,43.0,1,20/11/20,17:15:00,Credit card,5.0,0.33,43.0,14.19
5176,WALM027,Abilene,Fashion accessories,84.0,3,21/09/23,18:49:00,Credit card,8.0,0.48,252.0,120.96
5177,WALM036,Allen,Home and lifestyle,64.0,2,01/11/20,17:00:00,Credit card,7.0,0.48,128.0,61.44
5178,WALM002,Dallas,Fashion accessories,78.0,1,19/12/21,20:44:00,Credit card,5.0,0.36,78.0,28.08
5179,WALM092,Lake Jackson,Home and lifestyle,55.0,3,25/11/22,19:56:00,Credit card,7.0,0.33,165.0,54.45
5180,WALM007,Arlington,Fashion accessories,76.0,2,21/10/23,18:37:00,Credit card,6.0,0.48,152.0,72.96
5181,WALM023,Midland,Home and lifestyle,34.0,1,30/09/21,19:50:00,Credit card,5.0,0.48,34.0,16.32
5182,WALM019,Pasadena,Fashion accessories,44.0,2,12/08/21,19:26:00,Credit card,5.0,0.48,88.0,42.24
5183,WALM041,Mission,Home and lifestyle,49.0,3,14/09/21,20:19:00,Ewallet,6.0,0.48,147.0,70.56
5184,WALM027,Abilene,Fashion accessories,23.0,3,03/08/21,15:02:00,Credit card,5.0,0.48,69.0,33.12
5185,WALM043,Baytown,Home and lifestyle,63.0,2,02/08/22,18:50:00,Credit card,6.0,0.48,126.0,60.48
5186,WALM063,Georgetown,Fashion accessories,60.0,3,02/11/23,18:14:00,Credit card,4.0,0.33,180.0,59.4
5187,WALM004,Austin,Home and lifestyle,84.0,2,29/12/23,17:10:00,Credit card,8.0,0.48,168.0,80.64
5188,WALM063,Georgetown,Fashion accessories,85.0,3,24/12/23,16:41:00,Credit card,7.0,0.33,255.0,84.15
5189,WALM071,Lufkin,Home and lifestyle,16.0,1,10/12/20,19:34:00,Credit card,9.0,0.33,16.0,5.28
5190,WALM001,Houston,Fashion accessories,54.0,1,10/11/23,20:36:00,Credit card,9.0,0.36,54.0,19.44
5191,WALM048,Harlingen,Home and lifestyle,81.0,2,08/10/21,18:42:00,Credit card,5.0,0.48,162.0,77.76
5192,WALM023,Midland,Fashion accessories,38.0,2,08/09/21,17:25:00,Credit card,8.0,0.48,76.0,36.48
5193,WALM047,Flower Mound,Home and lifestyle,40.0,3,26/11/21,15:34:00,Credit card,5.0,0.48,120.0,57.6
5194,WALM092,Lake Jackson,Fashion accessories,71.0,1,27/09/23,15:11:00,Credit card,6.0,0.33,71.0,23.43
5195,WALM019,Pasadena,Home and lifestyle,24.0,1,17/09/20,17:25:00,Credit card,6.0,0.48,24.0,11.52
5196,WALM059,Pflugerville,Fashion accessories,68.0,1,06/08/22,20:58:00,Credit card,8.0,0.33,68.0,22.44
5197,WALM024,Carrollton,Home and lifestyle,16.0,3,30/11/22,19:00:00,Credit card,6.0,0.48,48.0,23.04
5198,WALM072,Lancaster,Fashion accessories,29.0,2,05/09/21,16:07:00,Credit card,5.0,0.33,58.0,19.14
5199,WALM041,Mission,Home and lifestyle,21.0,1,03/12/21,20:31:00,Ewallet,4.0,0.48,21.0,10.08
5200,WALM005,Fort Worth,Fashion accessories,68.0,3,17/09/23,20:47:00,Credit card,8.0,0.48,204.0,97.92
5201,WALM083,Farmers Branch,Home and lifestyle,47.0,2,03/08/20,16:36:00,Credit card,5.0,0.33,94.0,31.02
5202,WALM017,McKinney,Fashion accessories,29.0,3,30/11/23,20:09:00,Credit card,4.0,0.48,87.0,41.76
5203,WALM090,Brownwood,Home and lifestyle,48.0,3,28/09/22,17:27:00,Credit card,5.0,0.33,144.0,47.52
5204,WALM068,Burleson,Fashion accessories,84.0,2,08/12/21,20:20:00,Credit card,5.0,0.33,168.0,55.44
5205,WALM058,Port Arthur,Home and lifestyle,80.0,2,25/08/21,17:23:00,Credit card,8.0,0.33,160.0,52.8
5206,WALM006,El Paso,Fashion accessories,76.0,2,17/12/21,15:27:00,Credit card,7.0,0.48,152.0,72.96
5207,WALM010,Laredo,Home and lifestyle,74.0,1,02/12/21,19:28:00,Credit card,6.0,0.48,74.0,35.52
5208,WALM057,Euless,Fashion accessories,76.0,1,10/09/21,16:41:00,Credit card,8.0,0.33,76.0,25.08
5209,WALM042,Bryan,Home and lifestyle,28.0,3,28/08/23,16:28:00,Credit card,9.0,0.48,84.0,40.32
5210,WALM002,Dallas,Fashion accessories,36.0,1,13/08/21,15:47:00,Credit card,7.0,0.36,36.0,12.96
5211,WALM048,Harlingen,Home and lifestyle,37.0,2,21/08/21,15:40:00,Credit card,9.0,0.48,74.0,35.52
5212,WALM005,Fort Worth,Fashion accessories,24.0,1,30/08/23,20:43:00,Credit card,8.0,0.48,24.0,11.52
5213,WALM076,Huntsville,Home and lifestyle,44.0,1,27/10/21,17:59:00,Credit card,4.0,0.33,44.0,14.52
5214,WALM018,Frisco,Fashion accessories,34.0,2,23/11/21,18:39:00,Credit card,7.0,0.48,68.0,32.64
5215,WALM024,Carrollton,Home and lifestyle,41.0,2,21/08/22,16:32:00,Credit card,6.0,0.48,82.0,39.36
5216,WALM061,Cedar Park,Fashion accessories,84.0,2,26/11/20,15:43:00,Credit card,8.0,0.33,168.0,55.44
5217,WALM031,Lewisville,Home and lifestyle,36.0,2,08/11/22,17:50:00,Credit card,6.0,0.48,72.0,34.56
5218,WALM079,La Porte,Fashion accessories,30.0,1,21/11/23,20:35:00,Credit card,8.0,0.33,30.0,9.9
5219,WALM057,Euless,Home and lifestyle,23.0,1,06/12/22,15:43:00,Credit card,6.0,0.33,23.0,7.59
5220,WALM066,Grapevine,Fashion accessories,25.0,1,07/10/23,17:24:00,Credit card,9.0,0.33,25.0,8.25
5221,WALM051,New Braunfels,Home and lifestyle,19.0,1,13/08/20,18:04:00,Credit card,4.0,0.48,19.0,9.12
5222,WALM015,Grand Prairie,Fashion accessories,80.0,3,07/11/21,19:48:00,Credit card,4.0,0.48,240.0,115.2
5223,WALM100,Canyon,Home and lifestyle,40.0,1,16/11/22,17:49:00,Credit card,8.0,0.18,40.0,7.2
5224,WALM068,Burleson,Fashion accessories,80.0,1,17/10/22,15:39:00,Credit card,8.0,0.33,80.0,26.4
5225,WALM080,Nacogdoches,Home and lifestyle,55.0,3,09/11/21,15:49:00,Credit card,7.0,0.33,165.0,54.45
5226,WALM042,Bryan,Fashion accessories,51.0,3,16/11/22,17:06:00,Credit card,9.0,0.48,153.0,73.44
5227,WALM005,Fort Worth,Home and lifestyle,47.0,2,30/08/23,18:52:00,Credit card,5.0,0.48,94.0,45.12
5228,WALM048,Harlingen,Fashion accessories,82.0,2,17/08/20,19:54:00,Credit card,8.0,0.48,164.0,78.72
5229,WALM004,Austin,Home and lifestyle,70.0,3,29/08/22,18:15:00,Credit card,7.0,0.48,210.0,100.8
5230,WALM043,Baytown,Fashion accessories,63.0,3,25/11/20,19:09:00,Credit card,7.0,0.48,189.0,90.72
5231,WALM030,Richardson,Home and lifestyle,27.0,2,06/09/22,18:23:00,Credit card,4.0,0.48,54.0,25.92
5232,WALM092,Lake Jackson,Fashion accessories,29.0,1,09/10/20,20:51:00,Credit card,8.0,0.33,29.0,9.57
5233,WALM005,Fort Worth,Home and lifestyle,47.0,3,14/11/20,17:37:00,Credit card,8.0,0.48,141.0,67.68
5234,WALM015,Grand Prairie,Fashion accessories,80.0,3,20/12/22,20:16:00,Credit card,9.0,0.48,240.0,115.2
5235,WALM052,Mansfield,Home and lifestyle,57.0,2,05/12/20,19:53:00,Credit card,4.0,0.57,114.0,64.98
5236,WALM045,Missouri City,Fashion accessories,47.0,1,07/12/22,18:43:00,Credit card,6.0,0.48,47.0,22.56
5237,WALM059,Pflugerville,Home and lifestyle,42.0,1,25/08/21,19:50:00,Credit card,4.0,0.33,42.0,13.86
5238,WALM064,Bedford,Fashion accessories,73.0,2,27/12/22,16:57:00,Credit card,4.0,0.33,146.0,48.18
5239,WALM069,Rockwall,Home and lifestyle,25.0,3,25/10/22,19:54:00,Credit card,6.0,0.33,75.0,24.75
5240,WALM051,New Braunfels,Fashion accessories,19.0,2,07/11/22,16:04:00,Credit card,6.0,0.57,38.0,21.66
5241,WALM002,Dallas,Home and lifestyle,20.0,2,23/11/23,15:41:00,Credit card,7.0,0.36,40.0,14.4
5242,WALM068,Burleson,Fashion accessories,82.0,1,19/08/21,18:07:00,Credit card,3.0,0.33,82.0,27.06
5243,WALM022,Mesquite,Home and lifestyle,49.0,1,15/10/21,19:38:00,Credit card,6.0,0.48,49.0,23.52
5244,WALM043,Baytown,Fashion accessories,67.0,1,24/09/21,18:07:00,Credit card,3.0,0.48,67.0,32.16
5245,WALM078,Del Rio,Home and lifestyle,24.0,2,13/11/23,15:55:00,Credit card,7.0,0.33,48.0,15.84
5246,WALM001,Houston,Fashion accessories,54.0,3,28/09/20,17:12:00,Credit card,6.0,0.36,162.0,58.32
5247,WALM060,DeSoto,Home and lifestyle,81.0,1,23/08/20,15:48:00,Credit card,5.0,0.33,81.0,26.73
5248,WALM061,Cedar Park,Fashion accessories,45.0,3,11/09/22,16:52:00,Credit card,5.0,0.33,135.0,44.55
5249,WALM026,Denton,Home and lifestyle,74.0,2,06/09/21,19:02:00,Credit card,7.0,0.48,148.0,71.04
5250,WALM026,Denton,Fashion accessories,43.0,3,25/12/22,19:14:00,Credit card,7.0,0.48,129.0,61.92
5251,WALM058,Port Arthur,Home and lifestyle,62.0,3,02/08/23,15:51:00,Credit card,6.0,0.33,186.0,61.38
5252,WALM068,Burleson,Fashion accessories,79.0,1,09/11/20,17:01:00,Credit card,7.0,0.33,79.0,26.07
5253,WALM037,League City,Home and lifestyle,29.0,3,06/12/22,17:53:00,Credit card,7.0,0.48,87.0,41.76
5254,WALM015,Grand Prairie,Fashion accessories,19.0,1,23/12/23,15:48:00,Credit card,6.0,0.48,19.0,9.12
5255,WALM071,Lufkin,Home and lifestyle,17.0,2,21/12/23,19:37:00,Credit card,5.0,0.33,34.0,11.22
5256,WALM008,Corpus Christi,Fashion accessories,82.0,1,20/12/23,19:16:00,Credit card,4.0,0.48,82.0,39.36
5257,WALM053,Conroe,Home and lifestyle,59.0,1,15/12/22,17:47:00,Credit card,6.0,0.57,59.0,33.63
5258,WALM088,Cleburne,Fashion accessories,49.0,2,01/11/22,17:57:00,Credit card,5.0,0.33,98.0,32.34
5259,WALM037,League City,Home and lifestyle,29.0,2,11/10/22,18:15:00,Credit card,5.0,0.48,58.0,27.84
5260,WALM040,Edinburg,Fashion accessories,32.0,2,25/08/21,20:45:00,Credit card,6.0,0.48,64.0,30.72
5261,WALM078,Del Rio,Home and lifestyle,63.0,3,04/11/22,20:38:00,Credit card,4.0,0.33,189.0,62.37
5262,WALM019,Pasadena,Fashion accessories,27.0,1,24/11/21,19:25:00,Credit card,3.0,0.48,27.0,12.96
5263,WALM013,Irving,Home and lifestyle,51.0,1,24/11/22,19:27:00,Credit card,6.0,0.48,51.0,24.48
5264,WALM059,Pflugerville,Fashion accessories,75.0,2,26/11/20,18:59:00,Credit card,7.0,0.33,150.0,49.5
5265,WALM093,Angleton,Home and lifestyle,50.0,2,19/11/22,15:02:00,Credit card,7.0,0.33,100.0,33.0
5266,WALM092,Lake Jackson,Fashion accessories,15.0,1,23/11/21,15:05:00,Credit card,6.0,0.33,15.0,4.95
5267,WALM018,Frisco,Home and lifestyle,74.0,1,18/11/21,19:22:00,Credit card,5.0,0.48,74.0,35.52
5268,WALM001,Houston,Fashion accessories,41.0,2,15/12/22,16:27:00,Credit card,3.0,0.36,82.0,29.52
5269,WALM037,League City,Home and lifestyle,40.0,2,25/11/21,15:54:00,Credit card,5.0,0.48,80.0,38.4
5270,WALM053,Conroe,Fashion accessories,47.0,2,01/12/22,18:23:00,Credit card,5.0,0.21,94.0,19.74
5271,WALM061,Cedar Park,Home and lifestyle,73.0,1,06/11/20,16:40:00,Credit card,5.0,0.33,73.0,24.09
5272,WALM052,Mansfield,Fashion accessories,42.0,3,28/12/21,18:01:00,Credit card,6.0,0.57,126.0,71.82
5273,WALM010,Laredo,Home and lifestyle,67.0,1,03/12/21,19:00:00,Credit card,3.0,0.48,67.0,32.16
5274,WALM047,Flower Mound,Fashion accessories,77.0,2,25/11/22,19:41:00,Credit card,6.0,0.48,154.0,73.92
5275,WALM044,Pharr,Home and lifestyle,53.0,3,06/12/20,17:31:00,Credit card,5.0,0.48,159.0,76.32
5276,WALM008,Corpus Christi,Fashion accessories,56.0,2,23/12/23,20:14:00,Credit card,5.0,0.48,112.0,53.76
5277,WALM004,Austin,Home and lifestyle,42.0,1,12/12/20,18:25:00,Credit card,5.0,0.48,42.0,20.16
5278,WALM062,Galveston,Fashion accessories,66.0,2,14/11/20,17:00:00,Credit card,7.0,0.33,132.0,43.56
5279,WALM017,McKinney,Home and lifestyle,85.0,1,15/12/22,20:10:00,Credit card,7.0,0.48,85.0,40.8
5280,WALM028,Odessa,Fashion accessories,47.0,1,06/12/20,19:41:00,Credit card,4.0,0.48,47.0,22.56
5281,WALM007,Arlington,Home and lifestyle,28.0,3,21/11/23,18:17:00,Credit card,4.0,0.48,84.0,40.32
5282,WALM041,Mission,Fashion accessories,37.0,3,12/11/20,17:31:00,Ewallet,7.0,0.48,111.0,53.28
5283,WALM095,Big Spring,Home and lifestyle,38.0,1,21/11/20,15:17:00,Credit card,6.0,0.33,38.0,12.54
5284,WALM072,Lancaster,Fashion accessories,38.0,3,04/12/22,19:15:00,Credit card,7.0,0.33,114.0,37.62
5285,WALM060,DeSoto,Home and lifestyle,50.0,2,28/12/20,20:52:00,Credit card,7.0,0.33,100.0,33.0
5286,WALM071,Lufkin,Fashion accessories,22.0,1,11/12/20,20:25:00,Credit card,4.0,0.33,22.0,7.26
5287,WALM062,Galveston,Home and lifestyle,45.0,3,22/11/23,20:03:00,Credit card,6.0,0.33,135.0,44.55
5288,WALM009,Plano,Fashion accessories,29.0,1,12/11/23,16:02:00,Credit card,6.0,0.48,29.0,13.92
5289,WALM039,Longview,Home and lifestyle,22.0,1,06/12/23,17:14:00,Credit card,5.0,0.48,22.0,10.56
5290,WALM005,Fort Worth,Fashion accessories,39.0,1,01/11/22,20:05:00,Credit card,5.0,0.48,39.0,18.72
5291,WALM037,League City,Home and lifestyle,15.0,3,30/11/21,16:28:00,Credit card,7.0,0.48,45.0,21.6
5292,WALM008,Corpus Christi,Fashion accessories,31.0,2,08/11/22,19:25:00,Credit card,5.0,0.48,62.0,29.76
5293,WALM063,Georgetown,Home and lifestyle,47.0,1,17/11/22,15:32:00,Credit card,4.0,0.33,47.0,15.51
5294,WALM036,Allen,Fashion accessories,24.0,3,23/12/20,18:53:00,Credit card,3.0,0.48,72.0,34.56
5295,WALM040,Edinburg,Home and lifestyle,71.0,3,18/12/22,19:48:00,Credit card,7.0,0.48,213.0,102.24
5296,WALM048,Harlingen,Fashion accessories,63.0,3,29/11/21,20:52:00,Credit card,5.0,0.48,189.0,90.72
5297,WALM090,Brownwood,Home and lifestyle,79.0,3,16/12/23,19:24:00,Credit card,6.0,0.33,237.0,78.21
5298,WALM081,Friendswood,Fashion accessories,17.0,3,15/12/22,18:32:00,Credit card,4.0,0.33,51.0,16.83
5299,WALM022,Mesquite,Home and lifestyle,24.0,2,18/11/20,19:40:00,Credit card,3.0,0.48,48.0,23.04
5300,WALM051,New Braunfels,Fashion accessories,73.0,3,15/11/21,18:52:00,Credit card,7.0,0.57,219.0,124.83
5301,WALM062,Galveston,Home and lifestyle,30.0,3,15/12/23,17:40:00,Credit card,6.0,0.33,90.0,29.7
5302,WALM083,Farmers Branch,Fashion accessories,55.0,2,11/12/21,18:10:00,Credit card,5.0,0.33,110.0,36.3
5303,WALM010,Laredo,Home and lifestyle,83.0,2,24/11/23,16:14:00,Credit card,7.0,0.48,166.0,79.68
5304,WALM088,Cleburne,Fashion accessories,62.0,2,28/11/21,15:12:00,Credit card,3.0,0.33,124.0,40.92
5305,WALM028,Odessa,Home and lifestyle,23.0,1,30/11/23,18:15:00,Credit card,4.0,0.48,23.0,11.04
5306,WALM057,Euless,Fashion accessories,16.0,1,11/11/21,18:19:00,Credit card,7.0,0.33,16.0,5.28
5307,WALM048,Harlingen,Home and lifestyle,82.0,2,23/11/22,19:21:00,Credit card,3.0,0.48,164.0,78.72
5308,WALM017,McKinney,Fashion accessories,18.0,1,23/11/22,18:31:00,Credit card,6.0,0.48,18.0,8.64
5309,WALM045,Missouri City,Home and lifestyle,23.0,1,17/12/23,16:20:00,Credit card,5.0,0.48,23.0,11.04
5310,WALM067,Haltom City,Fashion accessories,79.0,2,01/12/23,17:09:00,Credit card,3.0,0.33,158.0,52.14
5311,WALM048,Harlingen,Home and lifestyle,40.0,1,11/11/21,18:59:00,Credit card,5.0,0.48,40.0,19.2
5312,WALM098,Mineral Wells,Fashion accessories,71.0,1,11/12/20,15:09:00,Credit card,4.0,0.18,71.0,12.78
5313,WALM037,League City,Home and lifestyle,79.0,1,26/11/22,18:23:00,Credit card,6.0,0.48,79.0,37.92
5314,WALM100,Canyon,Fashion accessories,25.0,2,15/11/23,17:04:00,Credit card,5.0,0.18,50.0,9.0
5315,WALM001,Houston,Home and lifestyle,22.0,2,08/12/23,15:17:00,Credit card,5.0,0.36,44.0,15.84
5316,WALM060,DeSoto,Fashion accessories,34.0,3,15/11/23,20:17:00,Credit card,6.0,0.33,102.0,33.66
5317,WALM053,Conroe,Home and lifestyle,15.0,2,26/12/23,15:12:00,Credit card,3.0,0.57,30.0,17.1
5318,WALM048,Harlingen,Fashion accessories,56.0,2,07/11/20,17:19:00,Credit card,5.0,0.48,112.0,53.76
5319,WALM036,Allen,Home and lifestyle,60.0,1,02/12/22,19:21:00,Credit card,4.0,0.48,60.0,28.8
5320,WALM030,Richardson,Fashion accessories,71.0,1,12/11/21,16:02:00,Credit card,5.0,0.48,71.0,34.08
5321,WALM026,Denton,Home and lifestyle,81.0,1,10/12/22,18:35:00,Credit card,3.0,0.48,81.0,38.88
5322,WALM090,Brownwood,Fashion accessories,28.0,2,22/12/20,20:16:00,Credit card,6.0,0.33,56.0,18.48
5323,WALM042,Bryan,Home and lifestyle,81.0,1,23/11/23,19:31:00,Credit card,4.0,0.48,81.0,38.88
5324,WALM064,Bedford,Fashion accessories,15.0,1,09/11/20,18:13:00,Credit card,4.0,0.33,15.0,4.95
5325,WALM045,Missouri City,Home and lifestyle,31.0,3,29/12/20,16:20:00,Credit card,5.0,0.48,93.0,44.64
5326,WALM043,Baytown,Fashion accessories,41.0,2,18/12/22,17:23:00,Credit card,7.0,0.48,82.0,39.36
5327,WALM045,Missouri City,Home and lifestyle,20.0,1,18/12/21,15:51:00,Credit card,5.0,0.48,20.0,9.6
5328,WALM058,Port Arthur,Fashion accessories,51.0,3,13/12/20,16:14:00,Credit card,7.0,0.33,153.0,50.49
5329,WALM024,Carrollton,Home and lifestyle,63.0,2,29/12/20,15:55:00,Credit card,5.0,0.48,126.0,60.48
5330,WALM028,Odessa,Fashion accessories,59.0,2,28/12/21,19:46:00,Credit card,7.0,0.48,118.0,56.64
5331,WALM028,Odessa,Home and lifestyle,75.0,3,16/11/23,18:17:00,Credit card,3.0,0.48,225.0,108.0
5332,WALM049,North Richland Hills,Fashion accessories,71.0,3,14/12/21,17:59:00,Credit card,3.0,0.48,213.0,102.24
5333,WALM037,League City,Home and lifestyle,79.0,2,12/12/20,17:32:00,Credit card,4.0,0.48,158.0,75.84
5334,WALM061,Cedar Park,Fashion accessories,60.0,2,24/11/23,15:32:00,Credit card,5.0,0.33,120.0,39.6
5335,WALM062,Galveston,Home and lifestyle,85.0,3,08/11/22,17:26:00,Credit card,7.0,0.33,255.0,84.15
5336,WALM023,Midland,Fashion accessories,31.0,1,07/12/23,15:40:00,Credit card,6.0,0.48,31.0,14.88
5337,WALM033,Pearland,Home and lifestyle,61.0,1,29/11/23,20:18:00,Credit card,3.0,0.48,61.0,29.28
5338,WALM021,McAllen,Fashion accessories,28.0,1,24/11/22,19:22:00,Credit card,6.0,0.48,28.0,13.44
5339,WALM096,Eagle Pass,Home and lifestyle,54.0,1,26/12/22,15:17:00,Credit card,4.0,0.18,54.0,9.72
5340,WALM006,El Paso,Fashion accessories,57.0,2,10/11/20,15:58:00,Credit card,6.0,0.48,114.0,54.72
5341,WALM094,Alamo,Home and lifestyle,36.0,2,29/12/21,19:22:00,Credit card,4.0,0.33,72.0,23.76
5342,WALM070,Hurst,Fashion accessories,83.0,2,22/12/23,17:22:00,Credit card,5.0,0.33,166.0,54.78
5343,WALM063,Georgetown,Home and lifestyle,42.0,1,04/11/20,19:46:00,Credit card,5.0,0.33,42.0,13.86
5344,WALM013,Irving,Fashion accessories,53.0,2,02/12/20,15:39:00,Credit card,3.0,0.48,106.0,50.88
5345,WALM012,Garland,Home and lifestyle,27.0,3,17/12/23,20:47:00,Credit card,7.0,0.48,81.0,38.88
5346,WALM039,Longview,Fashion accessories,43.0,2,08/12/21,20:46:00,Credit card,5.0,0.48,86.0,41.28
5347,WALM066,Grapevine,Home and lifestyle,57.0,2,25/11/20,20:18:00,Credit card,3.0,0.33,114.0,37.62
5348,WALM019,Pasadena,Fashion accessories,63.0,3,10/12/21,16:50:00,Credit card,4.0,0.48,189.0,90.72
5349,WALM066,Grapevine,Home and lifestyle,18.0,3,05/11/22,16:22:00,Credit card,6.0,0.33,54.0,17.82
5350,WALM028,Odessa,Fashion accessories,62.0,2,16/12/23,20:10:00,Credit card,6.0,0.48,124.0,59.52
5351,WALM088,Cleburne,Home and lifestyle,20.0,2,28/11/22,16:08:00,Credit card,3.0,0.33,40.0,13.2
5352,WALM048,Harlingen,Fashion accessories,53.0,2,07/11/22,18:34:00,Credit card,5.0,0.48,106.0,50.88
5353,WALM092,Lake Jackson,Home and lifestyle,73.0,1,27/11/21,15:19:00,Credit card,6.0,0.33,73.0,24.09
5354,WALM002,Dallas,Fashion accessories,84.0,3,02/12/22,20:50:00,Credit card,5.0,0.36,252.0,90.72
5355,WALM009,Plano,Home and lifestyle,82.0,3,11/12/21,16:42:00,Credit card,5.0,0.48,246.0,118.08
5356,WALM012,Garland,Fashion accessories,29.0,2,02/12/23,19:34:00,Credit card,3.0,0.48,58.0,27.84
5357,WALM053,Conroe,Home and lifestyle,71.0,2,29/12/22,20:13:00,Credit card,4.0,0.57,142.0,80.94
5358,WALM067,Haltom City,Fashion accessories,55.0,2,07/12/21,16:56:00,Credit card,7.0,0.33,110.0,36.3
5359,WALM098,Mineral Wells,Home and lifestyle,33.0,2,28/12/20,16:13:00,Credit card,4.0,0.18,66.0,11.88
5360,WALM041,Mission,Fashion accessories,50.0,2,18/12/20,20:05:00,Ewallet,6.0,0.48,100.0,48.0
5361,WALM096,Eagle Pass,Home and lifestyle,44.0,1,14/12/21,20:23:00,Credit card,6.0,0.18,44.0,7.92
5362,WALM053,Conroe,Fashion accessories,61.0,2,02/11/22,15:50:00,Credit card,5.0,0.21,122.0,25.62
5363,WALM042,Bryan,Home and lifestyle,23.0,2,18/11/22,17:21:00,Credit card,4.0,0.48,46.0,22.08
5364,WALM080,Nacogdoches,Fashion accessories,62.0,1,18/12/20,17:23:00,Credit card,5.0,0.33,62.0,20.46
5365,WALM011,Lubbock,Home and lifestyle,80.0,3,12/11/23,18:49:00,Credit card,6.0,0.48,240.0,115.2
5366,WALM010,Laredo,Fashion accessories,48.0,2,18/11/23,20:55:00,Credit card,7.0,0.48,96.0,46.08
5367,WALM017,McKinney,Home and lifestyle,45.0,3,12/11/20,19:20:00,Credit card,5.0,0.48,135.0,64.8
5368,WALM018,Frisco,Fashion accessories,60.0,2,06/12/20,16:46:00,Credit card,6.0,0.48,120.0,57.6
5369,WALM037,League City,Home and lifestyle,51.0,3,30/12/21,19:30:00,Credit card,4.0,0.48,153.0,73.44
5370,WALM062,Galveston,Fashion accessories,31.0,1,28/12/21,17:18:00,Credit card,5.0,0.33,31.0,10.23
5371,WALM009,Plano,Home and lifestyle,51.0,1,27/11/23,20:11:00,Credit card,7.0,0.48,51.0,24.48
5372,WALM019,Pasadena,Fashion accessories,37.0,1,15/11/23,15:03:00,Credit card,7.0,0.48,37.0,17.76
5373,WALM040,Edinburg,Home and lifestyle,70.0,1,04/11/23,19:33:00,Credit card,6.0,0.48,70.0,33.6
5374,WALM033,Pearland,Fashion accessories,21.0,1,01/11/21,20:31:00,Credit card,4.0,0.48,21.0,10.08
5375,WALM058,Port Arthur,Home and lifestyle,63.0,3,02/12/23,15:36:00,Credit card,7.0,0.33,189.0,62.37
5376,WALM062,Galveston,Fashion accessories,45.0,2,26/11/20,20:47:00,Credit card,7.0,0.33,90.0,29.7
5377,WALM078,Del Rio,Home and lifestyle,46.0,1,18/11/23,17:57:00,Credit card,6.0,0.33,46.0,15.18
5378,WALM007,Arlington,Fashion accessories,57.0,3,16/11/21,20:04:00,Credit card,3.0,0.48,171.0,82.08
5379,WALM041,Mission,Home and lifestyle,69.0,1,13/12/23,16:18:00,Ewallet,4.0,0.48,69.0,33.12
5380,WALM059,Pflugerville,Fashion accessories,44.0,1,03/11/22,17:00:00,Credit card,3.0,0.33,44.0,14.52
5381,WALM019,Pasadena,Home and lifestyle,82.0,3,21/12/23,16:32:00,Credit card,6.0,0.48,246.0,118.08
5382,WALM004,Austin,Fashion accessories,20.0,3,11/11/20,16:02:00,Credit card,7.0,0.48,60.0,28.8
5383,WALM047,Flower Mound,Home and lifestyle,82.0,2,30/12/21,17:30:00,Credit card,6.0,0.48,164.0,78.72
5384,WALM071,Lufkin,Fashion accessories,54.0,3,16/11/21,19:45:00,Credit card,3.0,0.33,162.0,53.46
5385,WALM098,Mineral Wells,Home and lifestyle,57.0,2,16/12/21,18:59:00,Credit card,5.0,0.18,114.0,20.52
5386,WALM083,Farmers Branch,Fashion accessories,25.0,3,29/12/23,19:15:00,Credit card,3.0,0.33,75.0,24.75
5387,WALM042,Bryan,Home and lifestyle,27.0,3,20/12/20,18:30:00,Credit card,4.0,0.48,81.0,38.88
5388,WALM042,Bryan,Fashion accessories,65.0,3,08/12/22,15:16:00,Credit card,5.0,0.48,195.0,93.6
5389,WALM072,Lancaster,Home and lifestyle,29.0,1,12/12/20,17:06:00,Credit card,5.0,0.33,29.0,9.57
5390,WALM051,New Braunfels,Fashion accessories,81.0,3,19/11/22,19:48:00,Credit card,6.0,0.57,243.0,138.51
5391,WALM095,Big Spring,Home and lifestyle,39.0,3,03/11/23,18:14:00,Credit card,6.0,0.33,117.0,38.61
5392,WALM030,Richardson,Fashion accessories,70.0,2,11/11/21,17:58:00,Credit card,7.0,0.48,140.0,67.2
5393,WALM018,Frisco,Home and lifestyle,57.0,2,25/11/21,15:18:00,Credit card,6.0,0.48,114.0,54.72
5394,WALM036,Allen,Fashion accessories,25.0,3,26/12/22,20:55:00,Credit card,5.0,0.48,75.0,36.0
5395,WALM090,Brownwood,Home and lifestyle,69.0,3,05/11/21,16:47:00,Credit card,6.0,0.33,207.0,68.31
5396,WALM008,Corpus Christi,Fashion accessories,37.0,3,31/12/23,15:30:00,Credit card,7.0,0.48,111.0,53.28
5397,WALM067,Haltom City,Home and lifestyle,19.0,3,16/11/23,17:15:00,Credit card,5.0,0.33,57.0,18.81
5398,WALM021,McAllen,Fashion accessories,15.0,3,13/11/23,15:10:00,Credit card,5.0,0.48,45.0,21.6
5399,WALM085,Kerrville,Home and lifestyle,56.0,2,05/12/23,20:41:00,Credit card,4.0,0.33,112.0,36.96
5400,WALM067,Haltom City,Fashion accessories,84.0,3,05/12/23,16:28:00,Credit card,3.0,0.33,252.0,83.16
5401,WALM051,New Braunfels,Home and lifestyle,62.0,1,23/12/23,15:38:00,Credit card,3.0,0.48,62.0,29.76
5402,WALM091,Little Elm,Fashion accessories,78.0,3,11/11/23,20:42:00,Credit card,7.0,0.33,234.0,77.22
5403,WALM057,Euless,Home and lifestyle,81.0,2,05/11/23,18:57:00,Credit card,7.0,0.33,162.0,53.46
5404,WALM051,New Braunfels,Fashion accessories,37.0,1,08/12/22,20:40:00,Credit card,3.0,0.57,37.0,21.09
5405,WALM080,Nacogdoches,Home and lifestyle,42.0,1,22/12/22,20:35:00,Credit card,4.0,0.33,42.0,13.86
5406,WALM020,Killeen,Fashion accessories,30.0,2,05/11/22,16:40:00,Credit card,5.0,0.48,60.0,28.8
5407,WALM070,Hurst,Home and lifestyle,43.0,1,08/12/23,20:53:00,Credit card,4.0,0.33,43.0,14.19
5408,WALM013,Irving,Fashion accessories,29.0,2,27/12/21,17:49:00,Credit card,3.0,0.48,58.0,27.84
5409,WALM037,League City,Home and lifestyle,40.0,1,11/12/21,15:42:00,Credit card,7.0,0.48,40.0,19.2
5410,WALM080,Nacogdoches,Fashion accessories,67.0,2,27/12/21,16:09:00,Credit card,5.0,0.33,134.0,44.22
5411,WALM071,Lufkin,Home and lifestyle,59.0,1,24/12/21,20:57:00,Credit card,7.0,0.33,59.0,19.47
5412,WALM040,Edinburg,Fashion accessories,66.0,1,06/11/20,19:14:00,Credit card,7.0,0.48,66.0,31.68
5413,WALM048,Harlingen,Home and lifestyle,48.0,3,03/11/22,18:39:00,Credit card,5.0,0.48,144.0,69.12
5414,WALM047,Flower Mound,Fashion accessories,42.0,2,31/12/22,16:06:00,Credit card,5.0,0.48,84.0,40.32
5415,WALM060,DeSoto,Home and lifestyle,24.0,2,26/11/23,15:40:00,Credit card,3.0,0.33,48.0,15.84
5416,WALM002,Dallas,Fashion accessories,64.0,3,28/12/21,15:44:00,Credit card,4.0,0.36,192.0,69.12
5417,WALM014,Amarillo,Home and lifestyle,64.0,2,04/12/23,19:23:00,Credit card,3.0,0.48,128.0,61.44
5418,WALM067,Haltom City,Fashion accessories,75.0,1,22/12/22,19:42:00,Credit card,7.0,0.33,75.0,24.75
5419,WALM026,Denton,Home and lifestyle,46.0,2,05/12/22,15:02:00,Credit card,4.0,0.48,92.0,44.16
5420,WALM057,Euless,Fashion accessories,50.0,3,23/11/22,18:49:00,Credit card,3.0,0.33,150.0,49.5
5421,WALM036,Allen,Home and lifestyle,49.0,2,01/12/22,19:31:00,Credit card,7.0,0.48,98.0,47.04
5422,WALM008,Corpus Christi,Fashion accessories,82.0,3,29/12/23,18:00:00,Credit card,3.0,0.48,246.0,118.08
5423,WALM062,Galveston,Home and lifestyle,63.0,3,06/12/22,17:18:00,Credit card,3.0,0.33,189.0,62.37
5424,WALM005,Fort Worth,Fashion accessories,39.0,3,10/12/21,19:41:00,Credit card,3.0,0.48,117.0,56.16
5425,WALM016,Brownsville,Home and lifestyle,46.0,3,29/12/20,19:10:00,Credit card,3.0,0.48,138.0,66.24
5426,WALM012,Garland,Fashion accessories,17.0,3,08/11/21,19:26:00,Credit card,7.0,0.48,51.0,24.48
5427,WALM048,Harlingen,Home and lifestyle,58.0,1,01/11/20,16:17:00,Credit card,4.0,0.48,58.0,27.84
5428,WALM062,Galveston,Fashion accessories,65.0,3,29/12/20,17:46:00,Credit card,5.0,0.33,195.0,64.35
5429,WALM090,Brownwood,Home and lifestyle,60.0,1,18/11/23,18:59:00,Credit card,4.0,0.33,60.0,19.8
5430,WALM030,Richardson,Fashion accessories,49.0,2,26/12/22,20:41:00,Credit card,7.0,0.48,98.0,47.04
5431,WALM030,Richardson,Home and lifestyle,31.0,3,06/11/20,17:25:00,Credit card,6.0,0.48,93.0,44.64
5432,WALM012,Garland,Fashion accessories,21.0,1,29/11/20,18:56:00,Credit card,5.0,0.48,21.0,10.08
5433,WALM027,Abilene,Home and lifestyle,28.0,3,17/12/21,17:33:00,Credit card,7.0,0.48,84.0,40.32
5434,WALM097,Alice,Fashion accessories,28.0,3,27/12/22,20:19:00,Credit card,7.0,0.18,84.0,15.12
5435,WALM090,Brownwood,Home and lifestyle,28.0,3,18/11/20,18:23:00,Credit card,4.0,0.33,84.0,27.72
5436,WALM024,Carrollton,Fashion accessories,29.0,1,13/11/22,17:27:00,Credit card,3.0,0.48,29.0,13.92
5437,WALM008,Corpus Christi,Home and lifestyle,72.0,1,26/11/20,15:16:00,Credit card,7.0,0.48,72.0,34.56
5438,WALM044,Pharr,Fashion accessories,57.0,1,14/12/22,19:15:00,Credit card,4.0,0.48,57.0,27.36
5439,WALM030,Richardson,Home and lifestyle,78.0,1,08/12/21,17:57:00,Credit card,3.0,0.48,78.0,37.44
5440,WALM022,Mesquite,Fashion accessories,47.0,3,06/11/23,15:06:00,Credit card,6.0,0.48,141.0,67.68
5441,WALM019,Pasadena,Home and lifestyle,19.0,1,03/12/23,17:02:00,Credit card,5.0,0.48,19.0,9.12
5442,WALM040,Edinburg,Fashion accessories,60.0,2,16/11/22,16:16:00,Credit card,3.0,0.48,120.0,57.6
5443,WALM085,Kerrville,Home and lifestyle,35.0,2,16/11/21,16:43:00,Credit card,4.0,0.33,70.0,23.1
5444,WALM057,Euless,Fashion accessories,81.0,2,16/12/21,16:48:00,Credit card,3.0,0.33,162.0,53.46
5445,WALM012,Garland,Home and lifestyle,44.0,1,28/11/20,16:55:00,Credit card,6.0,0.48,44.0,21.12
5446,WALM062,Galveston,Fashion accessories,43.0,1,29/12/20,17:35:00,Credit card,3.0,0.33,43.0,14.19
5447,WALM066,Grapevine,Home and lifestyle,40.0,1,24/11/20,20:49:00,Credit card,5.0,0.33,40.0,13.2
5448,WALM096,Eagle Pass,Fashion accessories,42.0,3,30/11/22,16:20:00,Credit card,5.0,0.18,126.0,22.68
5449,WALM039,Longview,Home and lifestyle,47.0,2,21/12/21,16:08:00,Credit card,4.0,0.48,94.0,45.12
5450,WALM097,Alice,Fashion accessories,59.0,3,17/11/22,15:20:00,Credit card,6.0,0.18,177.0,31.86
5451,WALM001,Houston,Home and lifestyle,80.0,3,18/12/20,15:53:00,Credit card,3.0,0.36,240.0,86.4
5452,WALM017,McKinney,Fashion accessories,59.0,3,06/12/21,16:15:00,Credit card,5.0,0.48,177.0,84.96
5453,WALM066,Grapevine,Home and lifestyle,73.0,3,13/12/21,15:15:00,Credit card,5.0,0.33,219.0,72.27
5454,WALM052,Mansfield,Fashion accessories,20.0,3,12/12/20,16:55:00,Credit card,4.0,0.57,60.0,34.2
5455,WALM070,Hurst,Home and lifestyle,22.0,3,05/11/20,17:50:00,Credit card,7.0,0.33,66.0,21.78
5456,WALM041,Mission,Fashion accessories,31.0,3,12/11/20,15:55:00,Ewallet,4.0,0.48,93.0,44.64
5457,WALM068,Burleson,Home and lifestyle,45.0,1,20/12/20,19:49:00,Credit card,7.0,0.33,45.0,14.85
5458,WALM068,Burleson,Fashion accessories,42.0,2,18/12/21,18:51:00,Credit card,3.0,0.33,84.0,27.72
5459,WALM047,Flower Mound,Home and lifestyle,58.0,3,23/12/22,15:52:00,Credit card,5.0,0.48,174.0,83.52
5460,WALM002,Dallas,Fashion accessories,56.0,2,04/12/21,18:57:00,Credit card,7.0,0.36,112.0,40.32
5461,WALM009,Plano,Home and lifestyle,84.0,3,01/11/21,15:53:00,Credit card,4.0,0.48,252.0,120.96
5462,WALM042,Bryan,Fashion accessories,84.0,1,30/12/22,17:31:00,Credit card,7.0,0.48,84.0,40.32
5463,WALM081,Friendswood,Home and lifestyle,24.0,3,27/12/23,17:01:00,Credit card,4.0,0.33,72.0,23.76
5464,WALM043,Baytown,Fashion accessories,27.0,2,17/12/21,16:44:00,Credit card,4.0,0.48,54.0,25.92
5465,WALM094,Alamo,Home and lifestyle,15.0,2,28/11/23,15:42:00,Credit card,4.0,0.33,30.0,9.9
5466,WALM031,Lewisville,Fashion accessories,36.0,1,01/11/20,15:24:00,Credit card,6.0,0.48,36.0,17.28
5467,WALM097,Alice,Home and lifestyle,36.0,3,06/11/20,17:29:00,Credit card,5.0,0.18,108.0,19.44
5468,WALM077,Coppell,Fashion accessories,21.0,3,09/12/23,15:03:00,Credit card,6.0,0.33,63.0,20.79
5469,WALM078,Del Rio,Home and lifestyle,22.0,3,02/12/22,15:01:00,Credit card,5.0,0.33,66.0,21.78
5470,WALM001,Houston,Fashion accessories,70.0,1,26/12/20,19:47:00,Credit card,7.0,0.36,70.0,25.2
5471,WALM036,Allen,Home and lifestyle,61.0,2,04/11/21,18:54:00,Credit card,6.0,0.48,122.0,58.56
5472,WALM008,Corpus Christi,Fashion accessories,83.0,2,04/12/23,19:37:00,Credit card,6.0,0.48,166.0,79.68
5473,WALM037,League City,Home and lifestyle,68.0,3,08/11/23,20:26:00,Credit card,3.0,0.48,204.0,97.92
5474,WALM059,Pflugerville,Fashion accessories,55.0,1,02/12/20,18:11:00,Credit card,7.0,0.33,55.0,18.15
5475,WALM040,Edinburg,Home and lifestyle,19.0,2,18/11/20,16:49:00,Credit card,3.0,0.48,38.0,18.24
5476,WALM039,Longview,Fashion accessories,60.0,1,29/11/22,15:25:00,Credit card,6.0,0.48,60.0,28.8
5477,WALM051,New Braunfels,Home and lifestyle,43.0,1,10/12/20,17:57:00,Credit card,3.0,0.48,43.0,20.64
5478,WALM076,Huntsville,Fashion accessories,82.0,2,23/11/20,20:28:00,Credit card,6.0,0.33,164.0,54.12
5479,WALM043,Baytown,Home and lifestyle,43.0,1,09/12/21,19:04:00,Credit card,5.0,0.48,43.0,20.64
5480,WALM041,Mission,Fashion accessories,53.0,2,11/12/20,20:35:00,Ewallet,4.0,0.48,106.0,50.88
5481,WALM023,Midland,Home and lifestyle,28.0,3,09/11/22,20:14:00,Credit card,6.0,0.48,84.0,40.32
5482,WALM067,Haltom City,Fashion accessories,81.0,1,02/11/21,15:57:00,Credit card,3.0,0.33,81.0,26.73
5483,WALM027,Abilene,Home and lifestyle,29.0,2,22/12/23,18:52:00,Credit card,6.0,0.48,58.0,27.84
5484,WALM016,Brownsville,Fashion accessories,58.0,1,08/11/22,16:00:00,Credit card,6.0,0.48,58.0,27.84
5485,WALM068,Burleson,Home and lifestyle,26.0,2,28/12/20,17:12:00,Credit card,7.0,0.33,52.0,17.16
5486,WALM076,Huntsville,Fashion accessories,56.0,2,19/12/20,19:55:00,Credit card,4.0,0.33,112.0,36.96
5487,WALM033,Pearland,Home and lifestyle,59.0,3,25/11/21,18:31:00,Credit card,4.0,0.48,177.0,84.96
5488,WALM051,New Braunfels,Fashion accessories,22.0,3,09/12/20,20:11:00,Credit card,3.0,0.57,66.0,37.62
5489,WALM008,Corpus Christi,Home and lifestyle,30.0,3,12/11/23,17:26:00,Credit card,3.0,0.48,90.0,43.2
5490,WALM040,Edinburg,Fashion accessories,23.0,1,30/11/20,20:49:00,Credit card,5.0,0.48,23.0,11.04
5491,WALM097,Alice,Home and lifestyle,83.0,1,25/11/22,16:49:00,Credit card,7.0,0.18,83.0,14.94
5492,WALM017,McKinney,Fashion accessories,60.0,3,20/12/23,19:18:00,Credit card,7.0,0.48,180.0,86.4
5493,WALM030,Richardson,Home and lifestyle,74.0,2,07/11/23,20:30:00,Credit card,7.0,0.48,148.0,71.04
5494,WALM048,Harlingen,Fashion accessories,60.0,1,26/11/20,20:34:00,Credit card,7.0,0.48,60.0,28.8
5495,WALM072,Lancaster,Home and lifestyle,38.0,2,13/12/22,18:55:00,Credit card,3.0,0.33,76.0,25.08
5496,WALM071,Lufkin,Fashion accessories,82.0,1,26/11/23,17:25:00,Credit card,4.0,0.33,82.0,27.06
5497,WALM067,Haltom City,Home and lifestyle,44.0,3,05/11/23,18:03:00,Credit card,4.0,0.33,132.0,43.56
5498,WALM047,Flower Mound,Fashion accessories,85.0,2,17/11/23,19:31:00,Credit card,7.0,0.48,170.0,81.6
5499,WALM058,Port Arthur,Home and lifestyle,46.0,2,09/11/20,17:49:00,Credit card,7.0,0.33,92.0,30.36
5500,WALM088,Cleburne,Fashion accessories,41.0,1,01/12/22,19:50:00,Credit card,7.0,0.33,41.0,13.53
5501,WALM066,Grapevine,Home and lifestyle,73.0,1,30/11/20,20:48:00,Credit card,3.0,0.33,73.0,24.09
5502,WALM051,New Braunfels,Fashion accessories,59.0,3,29/11/21,20:56:00,Credit card,6.0,0.57,177.0,100.89
5503,WALM091,Little Elm,Home and lifestyle,45.0,2,20/12/22,20:24:00,Credit card,4.0,0.33,90.0,29.7
5504,WALM048,Harlingen,Fashion accessories,37.0,1,16/11/20,18:15:00,Credit card,4.0,0.48,37.0,17.76
5505,WALM041,Mission,Home and lifestyle,23.0,2,20/12/22,20:39:00,Ewallet,5.0,0.48,46.0,22.08
5506,WALM036,Allen,Fashion accessories,53.0,1,12/11/22,18:49:00,Credit card,4.0,0.48,53.0,25.44
5507,WALM048,Harlingen,Home and lifestyle,81.0,1,19/12/21,20:45:00,Credit card,5.0,0.48,81.0,38.88
5508,WALM034,College Station,Fashion accessories,59.0,2,03/11/22,16:24:00,Credit card,5.0,0.48,118.0,56.64
5509,WALM061,Cedar Park,Home and lifestyle,17.0,2,30/11/22,16:32:00,Credit card,6.0,0.33,34.0,11.22
5510,WALM026,Denton,Fashion accessories,55.0,1,01/12/23,19:26:00,Credit card,6.0,0.48,55.0,26.4
5511,WALM014,Amarillo,Home and lifestyle,29.0,1,07/12/20,18:57:00,Credit card,6.0,0.48,29.0,13.92
5512,WALM088,Cleburne,Fashion accessories,60.0,1,10/12/21,17:20:00,Credit card,3.0,0.33,60.0,19.8
5513,WALM014,Amarillo,Home and lifestyle,15.0,2,25/12/23,19:05:00,Credit card,6.0,0.48,30.0,14.4
5514,WALM036,Allen,Fashion accessories,64.0,3,16/11/23,16:53:00,Credit card,7.0,0.48,192.0,92.16
5515,WALM083,Farmers Branch,Home and lifestyle,56.0,2,15/11/21,15:43:00,Credit card,7.0,0.33,112.0,36.96
5516,WALM040,Edinburg,Fashion accessories,30.0,3,10/12/22,19:59:00,Credit card,6.0,0.48,90.0,43.2
5517,WALM040,Edinburg,Home and lifestyle,78.0,2,06/11/23,18:16:00,Credit card,5.0,0.48,156.0,74.88
5518,WALM071,Lufkin,Fashion accessories,62.0,2,14/11/20,17:56:00,Credit card,4.0,0.33,124.0,40.92
5519,WALM095,Big Spring,Home and lifestyle,30.0,3,15/12/21,16:57:00,Credit card,4.0,0.33,90.0,29.7
5520,WALM098,Mineral Wells,Fashion accessories,15.0,2,24/11/22,17:36:00,Credit card,3.0,0.18,30.0,5.4
5521,WALM021,McAllen,Home and lifestyle,39.0,3,16/12/21,17:04:00,Credit card,4.0,0.48,117.0,56.16
5522,WALM067,Haltom City,Fashion accessories,71.0,3,05/11/22,18:34:00,Credit card,7.0,0.33,213.0,70.29
5523,WALM048,Harlingen,Home and lifestyle,46.0,3,16/11/20,15:28:00,Credit card,7.0,0.48,138.0,66.24
5524,WALM098,Mineral Wells,Fashion accessories,75.0,2,31/12/22,20:39:00,Credit card,3.0,0.18,150.0,27.0
5525,WALM097,Alice,Home and lifestyle,82.0,3,27/11/20,19:36:00,Credit card,7.0,0.18,246.0,44.28
5526,WALM018,Frisco,Fashion accessories,84.0,1,14/12/21,17:36:00,Credit card,5.0,0.48,84.0,40.32
5527,WALM048,Harlingen,Home and lifestyle,38.0,2,01/12/23,15:09:00,Credit card,7.0,0.48,76.0,36.48
5528,WALM010,Laredo,Fashion accessories,84.0,3,26/11/20,16:58:00,Credit card,4.0,0.48,252.0,120.96
5529,WALM053,Conroe,Home and lifestyle,67.0,3,31/12/21,19:41:00,Credit card,3.0,0.57,201.0,114.57
5530,WALM004,Austin,Fashion accessories,22.0,3,27/12/20,20:59:00,Credit card,7.0,0.48,66.0,31.68
5531,WALM045,Missouri City,Home and lifestyle,20.0,1,16/11/20,16:40:00,Credit card,7.0,0.48,20.0,9.6
5532,WALM067,Haltom City,Fashion accessories,53.0,3,09/11/20,16:14:00,Credit card,5.0,0.33,159.0,52.47
5533,WALM061,Cedar Park,Home and lifestyle,44.0,3,19/12/23,20:39:00,Credit card,3.0,0.33,132.0,43.56
5534,WALM052,Mansfield,Fashion accessories,42.0,3,22/11/20,20:13:00,Credit card,3.0,0.57,126.0,71.82
5535,WALM042,Bryan,Home and lifestyle,28.0,3,03/12/21,16:19:00,Credit card,5.0,0.48,84.0,40.32
5536,WALM079,La Porte,Fashion accessories,72.0,3,09/11/20,17:02:00,Credit card,5.0,0.33,216.0,71.28
5537,WALM015,Grand Prairie,Home and lifestyle,22.0,2,21/11/21,15:18:00,Credit card,3.0,0.48,44.0,21.12
5538,WALM060,DeSoto,Fashion accessories,75.0,1,27/12/23,17:21:00,Credit card,5.0,0.33,75.0,24.75
5539,WALM076,Huntsville,Home and lifestyle,76.0,3,10/11/20,15:12:00,Credit card,6.0,0.33,228.0,75.24
5540,WALM072,Lancaster,Fashion accessories,30.0,1,15/12/23,17:35:00,Credit card,4.0,0.33,30.0,9.9
5541,WALM008,Corpus Christi,Home and lifestyle,85.0,3,17/11/21,16:38:00,Credit card,3.0,0.48,255.0,122.4
5542,WALM015,Grand Prairie,Fashion accessories,49.0,2,19/11/23,20:41:00,Credit card,7.0,0.48,98.0,47.04
5543,WALM036,Allen,Home and lifestyle,54.0,2,20/12/20,18:47:00,Credit card,5.0,0.48,108.0,51.84
5544,WALM072,Lancaster,Fashion accessories,48.0,3,22/12/21,20:27:00,Credit card,6.0,0.33,144.0,47.52
5545,WALM063,Georgetown,Home and lifestyle,48.0,1,20/11/21,15:49:00,Credit card,5.0,0.33,48.0,15.84
5546,WALM006,El Paso,Fashion accessories,85.0,2,29/12/23,17:12:00,Credit card,6.0,0.48,170.0,81.6
5547,WALM045,Missouri City,Home and lifestyle,68.0,2,17/12/22,16:03:00,Credit card,3.0,0.48,136.0,65.28
5548,WALM062,Galveston,Fashion accessories,29.0,1,01/12/20,18:19:00,Credit card,6.0,0.33,29.0,9.57
5549,WALM049,North Richland Hills,Home and lifestyle,72.0,3,20/11/20,17:41:00,Credit card,4.0,0.48,216.0,103.68
5550,WALM039,Longview,Fashion accessories,44.0,1,08/12/22,15:57:00,Credit card,5.0,0.48,44.0,21.12
5551,WALM080,Nacogdoches,Home and lifestyle,47.0,1,25/11/21,16:04:00,Credit card,5.0,0.33,47.0,15.51
5552,WALM011,Lubbock,Fashion accessories,84.0,2,07/12/22,17:16:00,Credit card,3.0,0.48,168.0,80.64
5553,WALM090,Brownwood,Home and lifestyle,20.0,3,01/11/23,19:47:00,Credit card,7.0,0.33,60.0,19.8
5554,WALM047,Flower Mound,Fashion accessories,67.0,3,19/12/21,19:27:00,Credit card,4.0,0.48,201.0,96.48
5555,WALM067,Haltom City,Home and lifestyle,63.0,1,20/11/23,16:37:00,Credit card,5.0,0.33,63.0,20.79
5556,WALM015,Grand Prairie,Fashion accessories,35.0,1,22/11/22,16:15:00,Credit card,3.0,0.48,35.0,16.8
5557,WALM051,New Braunfels,Home and lifestyle,76.0,3,30/11/21,19:46:00,Credit card,6.0,0.48,228.0,109.44
5558,WALM094,Alamo,Fashion accessories,45.0,1,14/12/20,20:46:00,Credit card,3.0,0.33,45.0,14.85
5559,WALM018,Frisco,Home and lifestyle,34.0,2,03/12/22,18:49:00,Credit card,3.0,0.48,68.0,32.64
5560,WALM014,Amarillo,Fashion accessories,34.0,1,22/11/23,19:45:00,Credit card,3.0,0.48,34.0,16.32
5561,WALM014,Amarillo,Home and lifestyle,73.0,1,26/11/22,19:00:00,Credit card,5.0,0.48,73.0,35.04
5562,WALM021,McAllen,Fashion accessories,39.0,1,22/12/22,17:51:00,Credit card,3.0,0.48,39.0,18.72
5563,WALM037,League City,Home and lifestyle,43.0,3,01/11/21,18:44:00,Credit card,3.0,0.48,129.0,61.92
5564,WALM090,Brownwood,Fashion accessories,47.0,2,27/12/22,15:30:00,Credit card,5.0,0.33,94.0,31.02
5565,WALM049,North Richland Hills,Home and lifestyle,17.0,3,29/12/20,20:01:00,Credit card,7.0,0.48,51.0,24.48
5566,WALM002,Dallas,Fashion accessories,26.0,1,05/11/22,18:40:00,Credit card,4.0,0.36,26.0,9.36
5567,WALM027,Abilene,Home and lifestyle,16.0,1,11/12/20,18:16:00,Credit card,5.0,0.48,16.0,7.68
5568,WALM096,Eagle Pass,Fashion accessories,15.0,3,04/12/20,16:09:00,Credit card,3.0,0.18,45.0,8.1
5569,WALM095,Big Spring,Home and lifestyle,29.0,2,30/12/21,19:58:00,Credit card,6.0,0.33,58.0,19.14
5570,WALM063,Georgetown,Fashion accessories,40.0,2,02/11/22,19:28:00,Credit card,5.0,0.33,80.0,26.4
5571,WALM009,Plano,Home and lifestyle,60.0,3,31/12/23,15:48:00,Credit card,7.0,0.48,180.0,86.4
5572,WALM011,Lubbock,Fashion accessories,41.0,2,31/12/22,20:04:00,Credit card,6.0,0.48,82.0,39.36
5573,WALM090,Brownwood,Home and lifestyle,65.0,3,19/12/20,18:20:00,Credit card,7.0,0.33,195.0,64.35
5574,WALM001,Houston,Fashion accessories,16.0,1,25/12/20,18:58:00,Credit card,6.0,0.36,16.0,5.76
5575,WALM066,Grapevine,Home and lifestyle,31.0,3,17/12/21,16:47:00,Credit card,6.0,0.33,93.0,30.69
5576,WALM036,Allen,Fashion accessories,78.0,3,18/11/20,15:04:00,Credit card,3.0,0.48,234.0,112.32
5577,WALM079,La Porte,Home and lifestyle,15.0,3,15/12/23,16:05:00,Credit card,4.0,0.33,45.0,14.85
5578,WALM016,Brownsville,Fashion accessories,63.0,3,29/11/21,17:48:00,Credit card,5.0,0.48,189.0,90.72
5579,WALM041,Mission,Home and lifestyle,29.0,2,29/11/23,19:29:00,Ewallet,3.0,0.48,58.0,27.84
5580,WALM085,Kerrville,Fashion accessories,48.0,2,19/11/22,19:06:00,Credit card,6.0,0.33,96.0,31.68
5581,WALM008,Corpus Christi,Home and lifestyle,37.0,1,21/11/23,20:27:00,Credit card,3.0,0.48,37.0,17.76
5582,WALM020,Killeen,Fashion accessories,75.0,2,10/11/20,19:45:00,Credit card,5.0,0.48,150.0,72.0
5583,WALM022,Mesquite,Home and lifestyle,73.0,2,14/11/21,16:15:00,Credit card,3.0,0.48,146.0,70.08
5584,WALM019,Pasadena,Fashion accessories,41.0,3,01/11/20,17:32:00,Credit card,6.0,0.48,123.0,59.04
5585,WALM014,Amarillo,Home and lifestyle,41.0,1,05/12/22,16:29:00,Credit card,3.0,0.48,41.0,19.68
5586,WALM090,Brownwood,Fashion accessories,52.0,2,27/12/21,15:44:00,Credit card,5.0,0.33,104.0,34.32
5587,WALM068,Burleson,Home and lifestyle,68.0,2,06/12/21,16:28:00,Credit card,3.0,0.33,136.0,44.88
5588,WALM072,Lancaster,Fashion accessories,46.0,1,15/11/20,17:35:00,Credit card,4.0,0.33,46.0,15.18
5589,WALM070,Hurst,Home and lifestyle,79.0,3,27/11/20,15:24:00,Credit card,7.0,0.33,237.0,78.21
5590,WALM037,League City,Fashion accessories,19.0,1,27/12/22,20:53:00,Credit card,4.0,0.48,19.0,9.12
5591,WALM091,Little Elm,Home and lifestyle,62.0,2,18/11/20,17:27:00,Credit card,7.0,0.33,124.0,40.92
5592,WALM014,Amarillo,Fashion accessories,84.0,2,25/11/22,16:21:00,Credit card,3.0,0.48,168.0,80.64
5593,WALM044,Pharr,Home and lifestyle,22.0,1,02/11/21,15:24:00,Credit card,4.0,0.48,22.0,10.56
5594,WALM093,Angleton,Fashion accessories,41.0,3,05/12/22,16:45:00,Credit card,4.0,0.33,123.0,40.59
5595,WALM067,Haltom City,Home and lifestyle,57.0,3,23/12/23,15:50:00,Credit card,7.0,0.33,171.0,56.43
5596,WALM007,Arlington,Fashion accessories,48.0,1,30/12/22,20:30:00,Credit card,5.0,0.48,48.0,23.04
5597,WALM060,DeSoto,Home and lifestyle,39.0,3,06/12/20,19:42:00,Credit card,3.0,0.33,117.0,38.61
5598,WALM081,Friendswood,Fashion accessories,60.0,1,10/11/23,16:55:00,Credit card,3.0,0.33,60.0,19.8
5599,WALM091,Little Elm,Home and lifestyle,43.0,1,28/12/23,16:39:00,Credit card,3.0,0.33,43.0,14.19
5600,WALM060,DeSoto,Fashion accessories,76.0,2,19/12/23,17:25:00,Credit card,3.0,0.33,152.0,50.16
5601,WALM060,DeSoto,Home and lifestyle,81.0,3,06/11/22,15:22:00,Credit card,6.0,0.33,243.0,80.19
5602,WALM066,Grapevine,Fashion accessories,62.0,1,06/11/20,17:00:00,Credit card,5.0,0.33,62.0,20.46
5603,WALM022,Mesquite,Home and lifestyle,51.0,1,25/12/21,15:06:00,Credit card,3.0,0.48,51.0,24.48
5604,WALM062,Galveston,Fashion accessories,34.0,1,08/11/22,17:24:00,Credit card,5.0,0.33,34.0,11.22
5605,WALM033,Pearland,Home and lifestyle,39.0,3,06/12/23,20:45:00,Credit card,3.0,0.48,117.0,56.16
5606,WALM012,Garland,Fashion accessories,64.0,3,22/12/21,16:32:00,Credit card,7.0,0.48,192.0,92.16
5607,WALM093,Angleton,Home and lifestyle,82.0,1,27/11/21,20:18:00,Credit card,3.0,0.33,82.0,27.06
5608,WALM015,Grand Prairie,Fashion accessories,23.0,1,25/11/21,17:57:00,Credit card,5.0,0.48,23.0,11.04
5609,WALM062,Galveston,Home and lifestyle,75.0,2,01/12/21,19:54:00,Credit card,6.0,0.33,150.0,49.5
5610,WALM088,Cleburne,Fashion accessories,45.0,2,05/11/21,16:58:00,Credit card,7.0,0.33,90.0,29.7
5611,WALM096,Eagle Pass,Home and lifestyle,28.0,3,25/12/23,16:28:00,Credit card,6.0,0.18,84.0,15.12
5612,WALM022,Mesquite,Fashion accessories,77.0,3,07/11/23,19:56:00,Credit card,6.0,0.48,231.0,110.88
5613,WALM097,Alice,Home and lifestyle,28.0,1,11/12/21,19:17:00,Credit card,5.0,0.18,28.0,5.04
5614,WALM030,Richardson,Fashion accessories,29.0,2,05/11/23,19:20:00,Credit card,5.0,0.48,58.0,27.84
5615,WALM017,McKinney,Home and lifestyle,42.0,3,04/12/23,16:02:00,Credit card,3.0,0.48,126.0,60.48
5616,WALM015,Grand Prairie,Fashion accessories,62.0,1,09/11/22,18:57:00,Credit card,5.0,0.48,62.0,29.76
5617,WALM058,Port Arthur,Home and lifestyle,32.0,1,09/11/22,15:15:00,Credit card,5.0,0.33,32.0,10.56
5618,WALM060,DeSoto,Fashion accessories,82.0,1,08/12/22,18:24:00,Credit card,6.0,0.33,82.0,27.06
5619,WALM083,Farmers Branch,Home and lifestyle,41.0,2,28/12/21,15:06:00,Credit card,3.0,0.33,82.0,27.06
5620,WALM024,Carrollton,Fashion accessories,27.0,1,13/12/22,19:42:00,Credit card,7.0,0.48,27.0,12.96
5621,WALM024,Carrollton,Home and lifestyle,82.0,3,16/11/21,15:34:00,Credit card,4.0,0.48,246.0,118.08
5622,WALM077,Coppell,Fashion accessories,31.0,3,30/12/20,16:10:00,Credit card,3.0,0.33,93.0,30.69
5623,WALM004,Austin,Home and lifestyle,20.0,1,24/12/22,18:28:00,Credit card,7.0,0.48,20.0,9.6
5624,WALM010,Laredo,Fashion accessories,40.0,3,15/11/23,18:32:00,Credit card,7.0,0.48,120.0,57.6
5625,WALM019,Pasadena,Home and lifestyle,39.0,1,18/11/22,19:28:00,Credit card,7.0,0.48,39.0,18.72
5626,WALM091,Little Elm,Fashion accessories,59.0,3,06/12/21,18:17:00,Credit card,6.0,0.33,177.0,58.41
5627,WALM031,Lewisville,Home and lifestyle,49.0,1,31/12/23,17:12:00,Credit card,6.0,0.48,49.0,23.52
5628,WALM060,DeSoto,Fashion accessories,49.0,1,02/11/23,18:23:00,Credit card,7.0,0.33,49.0,16.17
5629,WALM021,McAllen,Home and lifestyle,40.0,3,04/11/22,17:44:00,Credit card,5.0,0.48,120.0,57.6
5630,WALM072,Lancaster,Fashion accessories,41.0,1,10/11/22,17:08:00,Credit card,5.0,0.33,41.0,13.53
5631,WALM100,Canyon,Home and lifestyle,62.0,2,31/12/21,17:06:00,Credit card,3.0,0.18,124.0,22.32
5632,WALM015,Grand Prairie,Fashion accessories,63.0,1,02/12/21,18:36:00,Credit card,4.0,0.48,63.0,30.24
5633,WALM094,Alamo,Home and lifestyle,76.0,2,04/12/23,20:49:00,Credit card,5.0,0.33,152.0,50.16
5634,WALM062,Galveston,Fashion accessories,82.0,2,25/12/21,19:43:00,Credit card,3.0,0.33,164.0,54.12
5635,WALM066,Grapevine,Home and lifestyle,30.0,2,30/11/23,15:40:00,Credit card,7.0,0.33,60.0,19.8
5636,WALM080,Nacogdoches,Fashion accessories,84.0,2,08/12/23,20:28:00,Credit card,3.0,0.33,168.0,55.44
5637,WALM022,Mesquite,Home and lifestyle,24.0,2,01/12/22,16:12:00,Credit card,7.0,0.48,48.0,23.04
5638,WALM016,Brownsville,Fashion accessories,74.0,1,25/11/21,16:21:00,Credit card,5.0,0.48,74.0,35.52
5639,WALM031,Lewisville,Home and lifestyle,36.0,3,02/11/21,19:12:00,Credit card,3.0,0.48,108.0,51.84
5640,WALM010,Laredo,Fashion accessories,46.0,3,14/11/22,20:48:00,Credit card,3.0,0.48,138.0,66.24
5641,WALM067,Haltom City,Home and lifestyle,30.0,3,10/11/20,20:57:00,Credit card,6.0,0.33,90.0,29.7
5642,WALM019,Pasadena,Fashion accessories,56.0,3,23/12/23,15:04:00,Credit card,6.0,0.48,168.0,80.64
5643,WALM011,Lubbock,Home and lifestyle,82.0,1,02/12/23,20:35:00,Credit card,4.0,0.48,82.0,39.36
5644,WALM052,Mansfield,Fashion accessories,61.0,1,20/11/22,20:52:00,Credit card,3.0,0.57,61.0,34.77
5645,WALM076,Huntsville,Home and lifestyle,52.0,3,21/11/22,20:24:00,Credit card,4.0,0.33,156.0,51.48
5646,WALM067,Haltom City,Fashion accessories,39.0,1,09/12/21,18:54:00,Credit card,6.0,0.33,39.0,12.87
5647,WALM045,Missouri City,Home and lifestyle,42.0,2,21/11/21,16:55:00,Credit card,4.0,0.48,84.0,40.32
5648,WALM091,Little Elm,Fashion accessories,45.0,3,01/12/21,18:55:00,Credit card,5.0,0.33,135.0,44.55
5649,WALM061,Cedar Park,Home and lifestyle,24.0,1,19/12/21,17:04:00,Credit card,4.0,0.33,24.0,7.92
5650,WALM090,Brownwood,Fashion accessories,58.0,1,17/12/22,17:25:00,Credit card,3.0,0.33,58.0,19.14
5651,WALM078,Del Rio,Home and lifestyle,58.0,1,02/12/21,18:29:00,Credit card,4.0,0.33,58.0,19.14
5652,WALM015,Grand Prairie,Fashion accessories,47.0,3,03/11/22,16:16:00,Credit card,7.0,0.48,141.0,67.68
5653,WALM047,Flower Mound,Home and lifestyle,62.0,2,22/11/20,16:06:00,Credit card,7.0,0.48,124.0,59.52
5654,WALM026,Denton,Fashion accessories,31.0,2,30/11/22,16:14:00,Credit card,5.0,0.48,62.0,29.76
5655,WALM057,Euless,Home and lifestyle,23.0,1,11/12/23,16:07:00,Credit card,6.0,0.33,23.0,7.59
5656,WALM100,Canyon,Fashion accessories,75.0,1,23/11/20,15:34:00,Credit card,3.0,0.18,75.0,13.5
5657,WALM020,Killeen,Home and lifestyle,66.0,2,04/12/22,17:55:00,Credit card,7.0,0.48,132.0,63.36
5658,WALM053,Conroe,Fashion accessories,72.0,3,25/12/22,17:56:00,Credit card,6.0,0.21,216.0,45.36
5659,WALM063,Georgetown,Home and lifestyle,55.0,2,13/12/20,15:14:00,Credit card,6.0,0.33,110.0,36.3
5660,WALM022,Mesquite,Fashion accessories,42.0,2,06/12/23,17:49:00,Credit card,5.0,0.48,84.0,40.32
5661,WALM006,El Paso,Home and lifestyle,64.0,2,29/12/23,16:17:00,Credit card,3.0,0.48,128.0,61.44
5662,WALM011,Lubbock,Fashion accessories,23.0,3,25/12/22,17:34:00,Credit card,7.0,0.48,69.0,33.12
5663,WALM020,Killeen,Home and lifestyle,58.0,1,05/11/21,17:31:00,Credit card,7.0,0.48,58.0,27.84
5664,WALM051,New Braunfels,Fashion accessories,68.0,1,20/11/22,17:35:00,Credit card,7.0,0.57,68.0,38.76
5665,WALM022,Mesquite,Home and lifestyle,66.0,2,16/11/20,16:54:00,Credit card,4.0,0.48,132.0,63.36
5666,WALM079,La Porte,Fashion accessories,52.0,3,12/12/21,16:11:00,Credit card,3.0,0.33,156.0,51.48
5667,WALM002,Dallas,Home and lifestyle,79.0,2,22/12/23,18:07:00,Credit card,3.0,0.36,158.0,56.88
5668,WALM077,Coppell,Fashion accessories,74.0,3,13/12/22,19:44:00,Credit card,7.0,0.33,222.0,73.26
5669,WALM090,Brownwood,Home and lifestyle,19.0,1,09/12/22,18:06:00,Credit card,6.0,0.33,19.0,6.27
5670,WALM066,Grapevine,Fashion accessories,70.0,2,29/11/20,19:25:00,Credit card,3.0,0.33,140.0,46.2
5671,WALM019,Pasadena,Home and lifestyle,40.0,3,11/11/21,19:15:00,Credit card,6.0,0.48,120.0,57.6
5672,WALM042,Bryan,Fashion accessories,41.0,2,09/11/22,20:24:00,Credit card,6.0,0.48,82.0,39.36
5673,WALM040,Edinburg,Home and lifestyle,60.0,2,15/12/22,19:51:00,Credit card,6.0,0.48,120.0,57.6
5674,WALM063,Georgetown,Fashion accessories,41.0,1,09/12/23,17:05:00,Credit card,3.0,0.33,41.0,13.53
5675,WALM093,Angleton,Home and lifestyle,79.0,1,29/12/22,17:51:00,Credit card,4.0,0.33,79.0,26.07
5676,WALM013,Irving,Fashion accessories,38.0,1,02/12/23,15:16:00,Credit card,6.0,0.48,38.0,18.24
5677,WALM098,Mineral Wells,Home and lifestyle,68.0,1,19/12/22,17:38:00,Credit card,3.0,0.18,68.0,12.24
5678,WALM045,Missouri City,Fashion accessories,23.0,2,05/12/20,19:06:00,Credit card,5.0,0.48,46.0,22.08
5679,WALM079,La Porte,Home and lifestyle,56.0,1,11/11/22,19:50:00,Credit card,4.0,0.33,56.0,18.48
5680,WALM021,McAllen,Fashion accessories,34.0,2,29/11/23,20:45:00,Credit card,3.0,0.48,68.0,32.64
5681,WALM067,Haltom City,Home and lifestyle,75.0,2,13/12/22,17:40:00,Credit card,3.0,0.33,150.0,49.5
5682,WALM047,Flower Mound,Fashion accessories,71.0,2,16/11/23,19:17:00,Credit card,7.0,0.48,142.0,68.16
5683,WALM070,Hurst,Home and lifestyle,36.0,1,14/12/20,19:55:00,Credit card,3.0,0.33,36.0,11.88
5684,WALM019,Pasadena,Fashion accessories,66.0,1,08/11/22,15:37:00,Credit card,4.0,0.48,66.0,31.68
5685,WALM011,Lubbock,Home and lifestyle,29.0,3,14/12/23,16:30:00,Credit card,4.0,0.48,87.0,41.76
5686,WALM097,Alice,Fashion accessories,37.0,2,26/12/21,16:42:00,Credit card,3.0,0.18,74.0,13.32
5687,WALM011,Lubbock,Home and lifestyle,28.0,1,20/12/23,15:02:00,Credit card,6.0,0.48,28.0,13.44
5688,WALM011,Lubbock,Fashion accessories,60.0,1,27/11/23,16:00:00,Credit card,4.0,0.48,60.0,28.8
5689,WALM079,La Porte,Home and lifestyle,85.0,2,16/11/21,18:12:00,Credit card,7.0,0.33,170.0,56.1
5690,WALM021,McAllen,Fashion accessories,81.0,2,12/11/23,17:12:00,Credit card,3.0,0.48,162.0,77.76
5691,WALM011,Lubbock,Home and lifestyle,61.0,1,01/11/20,20:49:00,Credit card,3.0,0.48,61.0,29.28
5692,WALM023,Midland,Fashion accessories,27.0,2,28/12/23,17:23:00,Credit card,4.0,0.48,54.0,25.92
5693,WALM090,Brownwood,Home and lifestyle,46.0,1,03/11/20,17:08:00,Credit card,4.0,0.33,46.0,15.18
5694,WALM023,Midland,Fashion accessories,81.0,3,06/11/23,18:57:00,Credit card,4.0,0.48,243.0,116.64
5695,WALM070,Hurst,Home and lifestyle,20.0,2,20/12/20,16:20:00,Credit card,6.0,0.33,40.0,13.2
5696,WALM058,Port Arthur,Fashion accessories,61.0,3,13/12/20,16:56:00,Credit card,3.0,0.33,183.0,60.39
5697,WALM080,Nacogdoches,Home and lifestyle,48.0,1,27/11/22,16:54:00,Credit card,7.0,0.33,48.0,15.84
5698,WALM081,Friendswood,Fashion accessories,39.0,2,14/11/21,16:41:00,Credit card,5.0,0.33,78.0,25.74
5699,WALM028,Odessa,Home and lifestyle,74.0,2,21/12/21,20:45:00,Credit card,3.0,0.48,148.0,71.04
5700,WALM052,Mansfield,Fashion accessories,59.0,3,29/12/21,19:40:00,Credit card,4.0,0.57,177.0,100.89
5701,WALM057,Euless,Home and lifestyle,16.0,3,15/12/21,20:00:00,Credit card,6.0,0.33,48.0,15.84
5702,WALM091,Little Elm,Fashion accessories,82.0,3,28/12/20,15:28:00,Credit card,6.0,0.33,246.0,81.18
5703,WALM037,League City,Home and lifestyle,56.0,3,20/11/22,18:35:00,Credit card,3.0,0.48,168.0,80.64
5704,WALM026,Denton,Fashion accessories,78.0,3,29/12/20,16:59:00,Credit card,3.0,0.48,234.0,112.32
5705,WALM100,Canyon,Home and lifestyle,77.0,1,23/12/21,20:31:00,Credit card,6.0,0.18,77.0,13.86
5706,WALM064,Bedford,Fashion accessories,18.0,1,28/12/20,18:39:00,Credit card,4.0,0.33,18.0,5.94
5707,WALM060,DeSoto,Home and lifestyle,69.0,1,17/11/23,15:34:00,Credit card,6.0,0.33,69.0,22.77
5708,WALM031,Lewisville,Fashion accessories,24.0,3,12/12/20,16:09:00,Credit card,7.0,0.48,72.0,34.56
5709,WALM076,Huntsville,Home and lifestyle,68.0,2,13/11/21,17:14:00,Credit card,5.0,0.33,136.0,44.88
5710,WALM019,Pasadena,Fashion accessories,83.0,2,22/11/22,16:21:00,Credit card,4.0,0.48,166.0,79.68
5711,WALM078,Del Rio,Home and lifestyle,44.0,3,25/12/20,15:36:00,Credit card,7.0,0.33,132.0,43.56
5712,WALM064,Bedford,Fashion accessories,33.0,2,10/11/20,16:02:00,Credit card,3.0,0.33,66.0,21.78
5713,WALM091,Little Elm,Home and lifestyle,47.0,1,17/12/20,18:23:00,Credit card,5.0,0.33,47.0,15.51
5714,WALM071,Lufkin,Fashion accessories,57.0,2,03/12/23,15:06:00,Credit card,5.0,0.33,114.0,37.62
5715,WALM052,Mansfield,Home and lifestyle,55.0,1,29/11/23,19:08:00,Credit card,4.0,0.57,55.0,31.35
5716,WALM052,Mansfield,Fashion accessories,43.0,2,08/11/23,18:58:00,Credit card,6.0,0.57,86.0,49.02
5717,WALM097,Alice,Home and lifestyle,41.0,2,25/12/22,16:06:00,Credit card,6.0,0.18,82.0,14.76
5718,WALM080,Nacogdoches,Fashion accessories,79.0,2,31/12/21,16:48:00,Credit card,3.0,0.33,158.0,52.14
5719,WALM064,Bedford,Home and lifestyle,17.0,2,02/11/22,19:12:00,Credit card,4.0,0.33,34.0,11.22
5720,WALM047,Flower Mound,Fashion accessories,57.0,1,20/11/22,15:44:00,Credit card,6.0,0.48,57.0,27.36
5721,WALM080,Nacogdoches,Home and lifestyle,70.0,3,27/11/22,18:27:00,Credit card,7.0,0.33,210.0,69.3
5722,WALM006,El Paso,Fashion accessories,21.0,3,22/12/22,16:27:00,Credit card,3.0,0.48,63.0,30.24
5723,WALM015,Grand Prairie,Home and lifestyle,29.0,1,29/12/22,17:41:00,Credit card,5.0,0.48,29.0,13.92
5724,WALM085,Kerrville,Fashion accessories,80.0,1,10/11/22,18:31:00,Credit card,3.0,0.33,80.0,26.4
5725,WALM058,Port Arthur,Home and lifestyle,15.0,3,23/11/23,18:01:00,Credit card,6.0,0.33,45.0,14.85
5726,WALM066,Grapevine,Fashion accessories,58.0,3,07/12/20,17:26:00,Credit card,7.0,0.33,174.0,57.42
5727,WALM015,Grand Prairie,Home and lifestyle,66.0,2,05/12/22,18:54:00,Credit card,5.0,0.48,132.0,63.36
5728,WALM045,Missouri City,Fashion accessories,15.0,2,06/11/21,17:14:00,Ewallet,5.0,0.48,30.0,14.4
5729,WALM016,Brownsville,Home and lifestyle,31.0,2,23/11/21,15:39:00,Credit card,5.0,0.48,62.0,29.76
5730,WALM097,Alice,Fashion accessories,15.0,3,11/11/22,17:29:00,Credit card,5.0,0.18,45.0,8.1
5731,WALM049,North Richland Hills,Home and lifestyle,69.0,1,05/12/21,20:41:00,Credit card,5.0,0.48,69.0,33.12
5732,WALM002,Dallas,Fashion accessories,45.0,1,17/11/20,16:18:00,Credit card,3.0,0.36,45.0,16.2
5733,WALM063,Georgetown,Home and lifestyle,79.0,2,29/12/22,16:45:00,Credit card,7.0,0.33,158.0,52.14
5734,WALM051,New Braunfels,Fashion accessories,34.0,3,31/12/23,15:13:00,Credit card,5.0,0.57,102.0,58.14
5735,WALM100,Canyon,Home and lifestyle,26.0,2,06/12/23,16:51:00,Credit card,4.0,0.18,52.0,9.36
5736,WALM088,Cleburne,Fashion accessories,31.0,2,19/12/20,19:42:00,Credit card,3.0,0.33,62.0,20.46
5737,WALM088,Cleburne,Home and lifestyle,64.0,1,01/12/20,15:56:00,Credit card,3.0,0.33,64.0,21.12
5738,WALM004,Austin,Fashion accessories,41.0,3,27/12/20,20:31:00,Credit card,6.0,0.48,123.0,59.04
5739,WALM093,Angleton,Home and lifestyle,77.0,1,31/12/20,20:59:00,Credit card,5.0,0.33,77.0,25.41
5740,WALM064,Bedford,Fashion accessories,79.0,1,18/11/21,18:39:00,Credit card,4.0,0.33,79.0,26.07
5741,WALM044,Pharr,Home and lifestyle,24.0,3,09/12/22,17:49:00,Credit card,4.0,0.48,72.0,34.56
5742,WALM015,Grand Prairie,Fashion accessories,32.0,3,05/12/22,18:40:00,Credit card,7.0,0.48,96.0,46.08
5743,WALM072,Lancaster,Home and lifestyle,77.0,2,22/12/22,16:22:00,Credit card,3.0,0.33,154.0,50.82
5744,WALM023,Midland,Fashion accessories,21.0,1,21/11/23,18:29:00,Credit card,5.0,0.48,21.0,10.08
5745,WALM002,Dallas,Home and lifestyle,22.0,3,27/11/20,16:15:00,Credit card,5.0,0.36,66.0,23.76
5746,WALM044,Pharr,Fashion accessories,73.0,1,03/12/20,15:06:00,Credit card,3.0,0.48,73.0,35.04
5747,WALM088,Cleburne,Home and lifestyle,78.0,2,08/11/23,16:20:00,Credit card,7.0,0.33,156.0,51.48
5748,WALM044,Pharr,Fashion accessories,75.0,1,24/12/23,16:00:00,Credit card,5.0,0.48,75.0,36.0
5749,WALM024,Carrollton,Home and lifestyle,52.0,3,22/11/23,17:28:00,Credit card,6.0,0.48,156.0,74.88
5750,WALM079,La Porte,Fashion accessories,75.0,1,29/12/21,16:37:00,Credit card,3.0,0.33,75.0,24.75
5751,WALM096,Eagle Pass,Home and lifestyle,58.0,3,06/12/22,16:44:00,Credit card,4.0,0.18,174.0,31.32
5752,WALM022,Mesquite,Fashion accessories,26.0,2,08/12/20,18:43:00,Credit card,4.0,0.48,52.0,24.96
5753,WALM067,Haltom City,Home and lifestyle,78.0,3,09/11/20,15:36:00,Credit card,6.0,0.33,234.0,77.22
5754,WALM098,Mineral Wells,Fashion accessories,64.0,1,18/12/22,18:03:00,Credit card,7.0,0.18,64.0,11.52
5755,WALM001,Houston,Home and lifestyle,74.0,3,15/12/21,20:47:00,Credit card,3.0,0.36,222.0,79.92
5756,WALM047,Flower Mound,Fashion accessories,34.0,2,28/12/22,17:59:00,Credit card,6.0,0.48,68.0,32.64
5757,WALM053,Conroe,Home and lifestyle,31.0,2,15/11/23,15:03:00,Credit card,4.0,0.57,62.0,35.34
5758,WALM022,Mesquite,Fashion accessories,57.0,1,08/11/20,15:23:00,Credit card,4.0,0.48,57.0,27.36
5759,WALM034,College Station,Home and lifestyle,24.0,3,28/11/21,15:51:00,Credit card,5.0,0.48,72.0,34.56
5760,WALM001,Houston,Fashion accessories,65.0,2,04/12/22,16:18:00,Credit card,5.0,0.36,130.0,46.8
5761,WALM063,Georgetown,Home and lifestyle,49.0,3,05/11/21,19:30:00,Credit card,6.0,0.33,147.0,48.51
5762,WALM078,Del Rio,Fashion accessories,64.0,3,06/11/22,15:36:00,Credit card,6.0,0.33,192.0,63.36
5763,WALM081,Friendswood,Home and lifestyle,77.0,2,29/12/22,19:48:00,Credit card,4.0,0.33,154.0,50.82
5764,WALM064,Bedford,Fashion accessories,67.0,1,29/12/20,20:10:00,Credit card,5.0,0.33,67.0,22.11
5765,WALM016,Brownsville,Home and lifestyle,59.0,1,29/11/22,20:14:00,Credit card,3.0,0.48,59.0,28.32
5766,WALM027,Abilene,Fashion accessories,82.0,3,15/12/22,16:22:00,Credit card,5.0,0.48,246.0,118.08
5767,WALM028,Odessa,Home and lifestyle,41.0,2,16/12/23,19:11:00,Credit card,5.0,0.48,82.0,39.36
5768,WALM033,Pearland,Fashion accessories,21.0,1,19/11/21,17:22:00,Credit card,6.0,0.48,21.0,10.08
5769,WALM067,Haltom City,Home and lifestyle,56.0,3,30/12/20,19:43:00,Credit card,4.0,0.33,168.0,55.44
5770,WALM019,Pasadena,Fashion accessories,46.0,2,20/12/21,16:26:00,Credit card,6.0,0.48,92.0,44.16
5771,WALM095,Big Spring,Home and lifestyle,23.0,3,29/12/22,16:36:00,Credit card,5.0,0.33,69.0,22.77
5772,WALM079,La Porte,Fashion accessories,67.0,2,22/12/21,16:28:00,Credit card,4.0,0.33,134.0,44.22
5773,WALM044,Pharr,Home and lifestyle,37.0,2,08/11/23,16:41:00,Credit card,4.0,0.48,74.0,35.52
5774,WALM016,Brownsville,Fashion accessories,72.0,2,06/12/23,19:35:00,Credit card,5.0,0.48,144.0,69.12
5775,WALM060,DeSoto,Home and lifestyle,75.0,1,17/12/22,15:04:00,Credit card,4.0,0.33,75.0,24.75
5776,WALM043,Baytown,Fashion accessories,81.0,1,08/12/21,20:44:00,Credit card,5.0,0.48,81.0,38.88
5777,WALM020,Killeen,Home and lifestyle,31.0,3,11/12/23,17:13:00,Credit card,4.0,0.48,93.0,44.64
5778,WALM033,Pearland,Fashion accessories,73.0,1,01/12/23,17:01:00,Credit card,6.0,0.48,73.0,35.04
5779,WALM088,Cleburne,Home and lifestyle,46.0,1,23/11/20,16:24:00,Credit card,4.0,0.33,46.0,15.18
5780,WALM026,Denton,Fashion accessories,34.0,1,05/11/21,20:14:00,Credit card,6.0,0.48,34.0,16.32
5781,WALM043,Baytown,Home and lifestyle,64.0,2,04/12/20,16:20:00,Credit card,4.0,0.48,128.0,61.44
5782,WALM045,Missouri City,Fashion accessories,33.0,2,05/11/22,15:21:00,Ewallet,4.0,0.48,66.0,31.68
5783,WALM040,Edinburg,Home and lifestyle,25.0,2,02/12/22,15:17:00,Credit card,5.0,0.48,50.0,24.0
5784,WALM051,New Braunfels,Fashion accessories,16.0,3,05/11/21,18:59:00,Credit card,5.0,0.57,48.0,27.36
5785,WALM070,Hurst,Home and lifestyle,76.0,2,25/11/21,16:45:00,Credit card,4.0,0.33,152.0,50.16
5786,WALM067,Haltom City,Fashion accessories,83.0,2,20/12/22,20:08:00,Credit card,7.0,0.33,166.0,54.78
5787,WALM091,Little Elm,Home and lifestyle,59.0,1,11/12/23,18:25:00,Credit card,6.0,0.33,59.0,19.47
5788,WALM049,North Richland Hills,Fashion accessories,70.0,3,10/11/22,15:44:00,Credit card,7.0,0.48,210.0,100.8
5789,WALM071,Lufkin,Home and lifestyle,37.0,1,27/12/20,17:32:00,Credit card,3.0,0.33,37.0,12.21
5790,WALM077,Coppell,Fashion accessories,38.0,1,21/11/23,20:57:00,Credit card,7.0,0.33,38.0,12.54
5791,WALM078,Del Rio,Home and lifestyle,83.0,2,06/11/20,18:09:00,Credit card,3.0,0.33,166.0,54.78
5792,WALM098,Mineral Wells,Fashion accessories,43.0,3,18/12/22,21:00:00,Credit card,6.0,0.18,129.0,23.22
5793,WALM006,El Paso,Home and lifestyle,70.0,2,16/12/23,16:07:00,Credit card,6.0,0.48,140.0,67.2
5794,WALM015,Grand Prairie,Fashion accessories,79.0,2,28/11/23,19:54:00,Credit card,5.0,0.48,158.0,75.84
5795,WALM008,Corpus Christi,Home and lifestyle,30.0,1,31/12/22,16:56:00,Credit card,7.0,0.48,30.0,14.4
5796,WALM016,Brownsville,Fashion accessories,34.0,1,19/11/23,18:18:00,Credit card,3.0,0.48,34.0,16.32
5797,WALM048,Harlingen,Home and lifestyle,21.0,1,05/12/21,18:27:00,Credit card,6.0,0.48,21.0,10.08
5798,WALM017,McKinney,Fashion accessories,30.0,3,01/12/22,16:20:00,Credit card,3.0,0.48,90.0,43.2
5799,WALM090,Brownwood,Home and lifestyle,37.0,1,11/12/20,19:28:00,Credit card,6.0,0.33,37.0,12.21
5800,WALM009,Plano,Fashion accessories,24.0,1,12/11/22,19:20:00,Credit card,7.0,0.48,24.0,11.52
5801,WALM022,Mesquite,Home and lifestyle,78.0,3,17/11/20,18:35:00,Credit card,3.0,0.48,234.0,112.32
5802,WALM026,Denton,Fashion accessories,46.0,2,13/11/22,20:04:00,Credit card,7.0,0.48,92.0,44.16
5803,WALM007,Arlington,Home and lifestyle,70.0,3,01/12/23,15:37:00,Credit card,3.0,0.48,210.0,100.8
5804,WALM023,Midland,Fashion accessories,69.0,3,12/12/22,20:08:00,Credit card,3.0,0.48,207.0,99.36
5805,WALM070,Hurst,Home and lifestyle,64.0,2,04/11/21,20:07:00,Credit card,4.0,0.33,128.0,42.24
5806,WALM007,Arlington,Fashion accessories,63.0,3,26/12/23,15:32:00,Credit card,4.0,0.48,189.0,90.72
5807,WALM037,League City,Home and lifestyle,19.0,2,12/11/23,20:59:00,Credit card,5.0,0.48,38.0,18.24
5808,WALM070,Hurst,Fashion accessories,52.0,2,24/12/22,20:52:00,Credit card,3.0,0.33,104.0,34.32
5809,WALM092,Lake Jackson,Home and lifestyle,70.0,1,11/11/22,19:45:00,Credit card,6.0,0.33,70.0,23.1
5810,WALM049,North Richland Hills,Fashion accessories,51.0,3,07/12/23,16:35:00,Credit card,5.0,0.48,153.0,73.44
5811,WALM060,DeSoto,Home and lifestyle,60.0,2,09/12/23,17:54:00,Credit card,6.0,0.33,120.0,39.6
5812,WALM012,Garland,Fashion accessories,18.0,2,22/12/23,15:48:00,Credit card,4.0,0.48,36.0,17.28
5813,WALM058,Port Arthur,Home and lifestyle,40.0,1,27/11/23,20:31:00,Credit card,5.0,0.33,40.0,13.2
5814,WALM061,Cedar Park,Fashion accessories,76.0,2,25/12/21,20:32:00,Credit card,6.0,0.33,152.0,50.16
5815,WALM088,Cleburne,Home and lifestyle,38.0,3,02/11/20,17:23:00,Credit card,7.0,0.33,114.0,37.62
5816,WALM043,Baytown,Fashion accessories,60.0,3,26/11/22,20:00:00,Credit card,4.0,0.48,180.0,86.4
5817,WALM021,McAllen,Home and lifestyle,17.0,1,16/11/21,15:49:00,Credit card,6.0,0.48,17.0,8.16
5818,WALM013,Irving,Fashion accessories,30.0,3,12/11/20,20:16:00,Credit card,3.0,0.48,90.0,43.2
5819,WALM018,Frisco,Home and lifestyle,66.0,2,26/12/22,17:00:00,Credit card,4.0,0.48,132.0,63.36
5820,WALM007,Arlington,Fashion accessories,56.0,2,19/12/23,18:23:00,Credit card,3.0,0.48,112.0,53.76
5821,WALM017,McKinney,Home and lifestyle,54.0,2,24/11/22,18:18:00,Credit card,4.0,0.48,108.0,51.84
5822,WALM001,Houston,Fashion accessories,59.0,2,13/12/20,17:52:00,Credit card,3.0,0.36,118.0,42.48
5823,WALM091,Little Elm,Home and lifestyle,62.0,3,31/12/23,19:27:00,Credit card,3.0,0.33,186.0,61.38
5824,WALM097,Alice,Fashion accessories,43.0,3,15/12/23,17:01:00,Credit card,3.0,0.18,129.0,23.22
5825,WALM023,Midland,Home and lifestyle,49.0,2,28/11/23,15:40:00,Credit card,6.0,0.48,98.0,47.04
5826,WALM027,Abilene,Fashion accessories,49.0,2,14/11/20,19:46:00,Credit card,5.0,0.48,98.0,47.04
5827,WALM088,Cleburne,Home and lifestyle,35.0,2,25/11/22,18:37:00,Credit card,7.0,0.33,70.0,23.1
5828,WALM024,Carrollton,Fashion accessories,52.0,1,21/11/23,18:40:00,Credit card,5.0,0.48,52.0,24.96
5829,WALM093,Angleton,Home and lifestyle,51.0,2,03/11/22,17:53:00,Credit card,6.0,0.33,102.0,33.66
5830,WALM051,New Braunfels,Fashion accessories,42.0,2,11/11/22,17:41:00,Credit card,5.0,0.57,84.0,47.88
5831,WALM008,Corpus Christi,Home and lifestyle,56.0,1,24/11/20,17:51:00,Credit card,5.0,0.48,56.0,26.88
5832,WALM068,Burleson,Fashion accessories,57.0,2,21/11/20,20:51:00,Credit card,3.0,0.33,114.0,37.62
5833,WALM058,Port Arthur,Home and lifestyle,74.0,1,15/12/22,19:20:00,Credit card,7.0,0.33,74.0,24.42
5834,WALM092,Lake Jackson,Fashion accessories,67.0,2,21/11/21,16:35:00,Credit card,6.0,0.33,134.0,44.22
5835,WALM010,Laredo,Home and lifestyle,40.0,1,12/11/20,15:08:00,Credit card,7.0,0.48,40.0,19.2
5836,WALM096,Eagle Pass,Fashion accessories,69.0,3,30/11/23,19:54:00,Credit card,5.0,0.18,207.0,37.26
5837,WALM097,Alice,Home and lifestyle,34.0,1,02/11/20,16:47:00,Credit card,5.0,0.18,34.0,6.12
5838,WALM018,Frisco,Fashion accessories,72.0,1,01/12/21,20:28:00,Credit card,3.0,0.48,72.0,34.56
5839,WALM093,Angleton,Home and lifestyle,67.0,2,23/12/21,18:02:00,Credit card,6.0,0.33,134.0,44.22
5840,WALM018,Frisco,Fashion accessories,84.0,2,26/11/22,17:16:00,Credit card,7.0,0.48,168.0,80.64
5841,WALM007,Arlington,Home and lifestyle,28.0,1,11/12/20,20:14:00,Credit card,6.0,0.48,28.0,13.44
5842,WALM006,El Paso,Fashion accessories,41.0,2,09/12/23,15:20:00,Credit card,5.0,0.48,82.0,39.36
5843,WALM058,Port Arthur,Home and lifestyle,24.0,3,14/12/22,19:31:00,Credit card,6.0,0.33,72.0,23.76
5844,WALM076,Huntsville,Fashion accessories,58.0,1,09/11/23,20:00:00,Credit card,6.0,0.33,58.0,19.14
5845,WALM069,Rockwall,Home and lifestyle,48.0,2,08/11/21,19:37:00,Credit card,4.0,0.33,96.0,31.68
5846,WALM006,El Paso,Fashion accessories,85.0,3,20/11/21,20:34:00,Credit card,4.0,0.48,255.0,122.4
5847,WALM006,El Paso,Home and lifestyle,28.0,3,29/12/20,18:53:00,Credit card,4.0,0.48,84.0,40.32
5848,WALM061,Cedar Park,Fashion accessories,56.0,2,10/11/21,16:52:00,Credit card,6.0,0.33,112.0,36.96
5849,WALM027,Abilene,Home and lifestyle,35.0,1,14/12/22,19:36:00,Credit card,6.0,0.48,35.0,16.8
5850,WALM059,Pflugerville,Fashion accessories,48.0,2,03/12/23,18:29:00,Credit card,4.0,0.33,96.0,31.68
5851,WALM022,Mesquite,Home and lifestyle,45.0,1,13/11/23,19:13:00,Credit card,4.0,0.48,45.0,21.6
5852,WALM017,McKinney,Fashion accessories,33.0,1,20/11/22,15:08:00,Credit card,6.0,0.48,33.0,15.84
5853,WALM014,Amarillo,Home and lifestyle,41.0,1,24/11/20,17:47:00,Credit card,4.0,0.48,41.0,19.68
5854,WALM002,Dallas,Fashion accessories,62.0,2,13/12/20,17:03:00,Credit card,5.0,0.36,124.0,44.64
5855,WALM052,Mansfield,Home and lifestyle,65.0,2,02/11/21,20:13:00,Credit card,4.0,0.57,130.0,74.1
5856,WALM022,Mesquite,Fashion accessories,61.0,1,22/11/21,19:30:00,Credit card,6.0,0.48,61.0,29.28
5857,WALM096,Eagle Pass,Home and lifestyle,52.0,3,08/11/20,16:17:00,Credit card,6.0,0.18,156.0,28.08
5858,WALM083,Farmers Branch,Fashion accessories,60.0,1,30/12/20,19:41:00,Credit card,3.0,0.33,60.0,19.8
5859,WALM094,Alamo,Home and lifestyle,61.0,1,28/11/20,20:55:00,Credit card,7.0,0.33,61.0,20.13
5860,WALM064,Bedford,Fashion accessories,50.0,3,11/12/21,15:33:00,Credit card,5.0,0.33,150.0,49.5
5861,WALM066,Grapevine,Home and lifestyle,48.0,3,18/12/20,17:39:00,Credit card,7.0,0.33,144.0,47.52
5862,WALM078,Del Rio,Fashion accessories,24.0,3,14/12/23,16:55:00,Credit card,5.0,0.33,72.0,23.76
5863,WALM006,El Paso,Home and lifestyle,47.0,2,10/12/21,19:04:00,Credit card,4.0,0.48,94.0,45.12
5864,WALM015,Grand Prairie,Fashion accessories,78.0,2,31/12/22,20:53:00,Credit card,4.0,0.48,156.0,74.88
5865,WALM078,Del Rio,Home and lifestyle,43.0,3,31/12/22,20:19:00,Credit card,6.0,0.33,129.0,42.57
5866,WALM002,Dallas,Fashion accessories,64.0,3,23/12/21,17:41:00,Credit card,3.0,0.36,192.0,69.12
5867,WALM033,Pearland,Home and lifestyle,60.0,3,23/12/22,19:32:00,Credit card,7.0,0.48,180.0,86.4
5868,WALM083,Farmers Branch,Fashion accessories,56.0,1,17/11/21,16:18:00,Credit card,4.0,0.33,56.0,18.48
5869,WALM023,Midland,Home and lifestyle,29.0,2,20/12/21,20:18:00,Credit card,6.0,0.48,58.0,27.84
5870,WALM085,Kerrville,Fashion accessories,59.0,3,27/12/21,20:42:00,Credit card,7.0,0.33,177.0,58.41
5871,WALM016,Brownsville,Home and lifestyle,44.0,2,08/11/22,19:12:00,Credit card,6.0,0.48,88.0,42.24
5872,WALM030,Richardson,Fashion accessories,30.0,3,16/11/23,18:44:00,Credit card,6.0,0.48,90.0,43.2
5873,WALM095,Big Spring,Home and lifestyle,53.0,3,07/12/23,18:05:00,Credit card,3.0,0.33,159.0,52.47
5874,WALM061,Cedar Park,Fashion accessories,21.0,3,24/11/21,18:27:00,Credit card,5.0,0.33,63.0,20.79
5875,WALM094,Alamo,Home and lifestyle,21.0,1,13/12/22,19:52:00,Credit card,3.0,0.33,21.0,6.93
5876,WALM067,Haltom City,Fashion accessories,29.0,1,23/12/20,17:42:00,Credit card,7.0,0.33,29.0,9.57
5877,WALM012,Garland,Home and lifestyle,15.0,1,24/12/21,16:27:00,Credit card,6.0,0.48,15.0,7.2
5878,WALM030,Richardson,Fashion accessories,28.0,3,11/12/23,16:37:00,Credit card,3.0,0.48,84.0,40.32
5879,WALM091,Little Elm,Home and lifestyle,68.0,2,13/12/20,20:39:00,Credit card,6.0,0.33,136.0,44.88
5880,WALM097,Alice,Fashion accessories,72.0,3,01/12/21,20:18:00,Credit card,5.0,0.18,216.0,38.88
5881,WALM057,Euless,Home and lifestyle,19.0,2,11/12/21,19:07:00,Credit card,5.0,0.33,38.0,12.54
5882,WALM059,Pflugerville,Fashion accessories,78.0,1,17/12/21,17:19:00,Credit card,4.0,0.33,78.0,25.74
5883,WALM028,Odessa,Home and lifestyle,64.0,2,16/11/23,16:49:00,Credit card,3.0,0.48,128.0,61.44
5884,WALM066,Grapevine,Fashion accessories,36.0,2,07/11/22,20:50:00,Credit card,5.0,0.33,72.0,23.76
5885,WALM091,Little Elm,Home and lifestyle,68.0,1,23/12/23,18:08:00,Credit card,6.0,0.33,68.0,22.44
5886,WALM085,Kerrville,Fashion accessories,77.0,1,02/12/22,19:37:00,Credit card,5.0,0.33,77.0,25.41
5887,WALM085,Kerrville,Home and lifestyle,52.0,3,24/11/20,18:32:00,Credit card,6.0,0.33,156.0,51.48
5888,WALM041,Mission,Fashion accessories,37.0,2,24/11/23,15:03:00,Ewallet,6.0,0.48,74.0,35.52
5889,WALM041,Mission,Home and lifestyle,69.0,1,11/11/23,18:21:00,Ewallet,7.0,0.48,69.0,33.12
5890,WALM023,Midland,Fashion accessories,46.0,1,01/12/20,18:25:00,Credit card,5.0,0.48,46.0,22.08
5891,WALM005,Fort Worth,Home and lifestyle,24.0,1,09/12/22,15:33:00,Credit card,5.0,0.48,24.0,11.52
5892,WALM011,Lubbock,Fashion accessories,34.0,1,09/11/22,15:25:00,Credit card,5.0,0.48,34.0,16.32
5893,WALM002,Dallas,Home and lifestyle,23.0,1,09/11/21,20:26:00,Credit card,6.0,0.36,23.0,8.28
5894,WALM001,Houston,Fashion accessories,69.0,2,26/12/20,20:21:00,Credit card,7.0,0.36,138.0,49.68
5895,WALM067,Haltom City,Home and lifestyle,15.0,3,27/12/20,20:31:00,Credit card,4.0,0.33,45.0,14.85
5896,WALM095,Big Spring,Fashion accessories,83.0,3,07/12/21,17:29:00,Credit card,4.0,0.33,249.0,82.17
5897,WALM006,El Paso,Home and lifestyle,85.0,2,07/11/23,18:24:00,Credit card,3.0,0.48,170.0,81.6
5898,WALM049,North Richland Hills,Fashion accessories,53.0,3,15/11/23,17:30:00,Credit card,7.0,0.48,159.0,76.32
5899,WALM031,Lewisville,Home and lifestyle,27.0,3,04/12/22,20:48:00,Credit card,4.0,0.48,81.0,38.88
5900,WALM064,Bedford,Fashion accessories,80.0,2,05/11/22,16:56:00,Credit card,6.0,0.33,160.0,52.8
5901,WALM031,Lewisville,Home and lifestyle,15.0,2,16/12/22,17:50:00,Credit card,3.0,0.48,30.0,14.4
5902,WALM081,Friendswood,Fashion accessories,82.0,1,08/11/20,15:26:00,Credit card,7.0,0.33,82.0,27.06
5903,WALM018,Frisco,Home and lifestyle,73.0,1,15/11/21,16:01:00,Credit card,4.0,0.48,73.0,35.04
5904,WALM008,Corpus Christi,Fashion accessories,17.0,2,23/11/20,20:26:00,Credit card,4.0,0.48,34.0,16.32
5905,WALM012,Garland,Home and lifestyle,52.0,2,10/12/23,19:57:00,Credit card,7.0,0.48,104.0,49.92
5906,WALM020,Killeen,Fashion accessories,79.0,3,12/11/20,15:49:00,Credit card,3.0,0.48,237.0,113.76
5907,WALM039,Longview,Home and lifestyle,29.0,3,17/11/23,19:32:00,Credit card,7.0,0.48,87.0,41.76
5908,WALM011,Lubbock,Fashion accessories,69.0,3,19/12/21,16:14:00,Credit card,5.0,0.48,207.0,99.36
5909,WALM041,Mission,Home and lifestyle,79.0,3,01/11/21,15:02:00,Ewallet,4.0,0.48,237.0,113.76
5910,WALM019,Pasadena,Fashion accessories,75.0,2,30/11/21,19:24:00,Credit card,6.0,0.48,150.0,72.0
5911,WALM095,Big Spring,Home and lifestyle,40.0,2,26/11/20,17:10:00,Credit card,7.0,0.33,80.0,26.4
5912,WALM023,Midland,Fashion accessories,39.0,2,05/11/20,20:48:00,Credit card,3.0,0.48,78.0,37.44
5913,WALM022,Mesquite,Home and lifestyle,40.0,3,18/11/22,15:19:00,Credit card,4.0,0.48,120.0,57.6
5914,WALM022,Mesquite,Fashion accessories,46.0,3,14/12/22,16:19:00,Credit card,6.0,0.48,138.0,66.24
5915,WALM018,Frisco,Home and lifestyle,46.0,3,29/11/23,18:34:00,Credit card,3.0,0.48,138.0,66.24
5916,WALM031,Lewisville,Fashion accessories,67.0,2,10/12/23,17:09:00,Credit card,7.0,0.48,134.0,64.32
5917,WALM082,Weslaco,Home and lifestyle,51.0,2,16/12/21,15:08:00,Cash,6.0,0.33,102.0,33.66
5918,WALM009,Plano,Fashion accessories,21.0,3,01/12/22,18:14:00,Credit card,3.0,0.48,63.0,30.24
5919,WALM009,Plano,Home and lifestyle,43.0,2,25/11/21,16:18:00,Credit card,4.0,0.48,86.0,41.28
5920,WALM065,Texas City,Fashion accessories,73.0,1,23/11/22,19:38:00,Credit card,6.0,0.33,73.0,24.09
5921,WALM009,Plano,Home and lifestyle,83.0,2,19/12/21,19:44:00,Credit card,3.0,0.48,166.0,79.68
5922,WALM084,Schertz,Fashion accessories,74.0,3,18/11/20,17:09:00,Credit card,5.0,0.33,222.0,73.26
5923,WALM073,Seguin,Home and lifestyle,80.0,2,28/12/22,20:21:00,Credit card,6.0,0.33,160.0,52.8
5924,WALM054,Sherman,Fashion accessories,81.0,3,06/12/21,16:55:00,Credit card,5.0,0.21,243.0,51.03
5925,WALM003,San Antonio,Home and lifestyle,35.0,3,20/11/23,17:07:00,Credit card,6.0,0.36,105.0,37.8
5926,WALM058,Port Arthur,Fashion accessories,34.0,1,02/11/22,19:45:00,Credit card,7.0,0.33,34.0,11.22
5927,WALM009,Plano,Home and lifestyle,47.0,2,10/12/22,19:47:00,Credit card,3.0,0.48,94.0,45.12
5928,WALM029,Round Rock,Fashion accessories,78.0,2,17/11/20,17:45:00,Credit card,5.0,0.48,156.0,74.88
5929,WALM055,Waxahachie,Home and lifestyle,80.0,2,01/12/22,18:02:00,Credit card,7.0,0.33,160.0,52.8
5930,WALM050,Victoria,Fashion accessories,64.0,2,26/12/22,16:55:00,Ewallet,3.0,0.48,128.0,61.44
5931,WALM009,Plano,Home and lifestyle,65.0,1,05/12/23,16:16:00,Credit card,5.0,0.48,65.0,31.2
5932,WALM046,Temple,Fashion accessories,34.0,1,20/12/21,18:55:00,Credit card,6.0,0.48,34.0,16.32
5933,WALM074,Weslaco,Home and lifestyle,29.0,3,10/12/20,17:48:00,Cash,3.0,0.33,87.0,28.71
5934,WALM074,Weslaco,Fashion accessories,66.0,2,27/11/23,16:04:00,Cash,4.0,0.33,132.0,43.56
5935,WALM082,Weslaco,Home and lifestyle,84.0,3,23/12/20,16:59:00,Cash,4.0,0.33,252.0,83.16
5936,WALM056,Rowlett,Fashion accessories,78.0,2,20/11/23,19:28:00,Credit card,6.0,0.33,156.0,51.48
5937,WALM073,Seguin,Home and lifestyle,39.0,2,30/11/22,15:47:00,Credit card,5.0,0.33,78.0,25.74
5938,WALM069,Rockwall,Fashion accessories,32.0,2,15/11/22,15:42:00,Credit card,4.0,0.33,64.0,21.12
5939,WALM025,Waco,Home and lifestyle,56.0,3,19/11/20,19:46:00,Credit card,7.0,0.48,168.0,80.64
5940,WALM089,Southlake,Fashion accessories,53.0,3,13/11/23,17:09:00,Credit card,7.0,0.33,159.0,52.47
5941,WALM025,Waco,Home and lifestyle,49.0,1,09/11/22,16:06:00,Credit card,4.0,0.48,49.0,23.52
5942,WALM074,Weslaco,Fashion accessories,77.0,3,25/12/23,19:22:00,Cash,3.0,0.33,231.0,76.23
5943,WALM035,San Angelo,Home and lifestyle,28.0,3,12/11/20,15:14:00,Credit card,7.0,0.48,84.0,40.32
5944,WALM074,Weslaco,Fashion accessories,54.0,3,07/12/22,18:59:00,Cash,7.0,0.33,162.0,53.46
5945,WALM029,Round Rock,Home and lifestyle,65.0,1,27/12/21,18:49:00,Credit card,6.0,0.48,65.0,31.2
5946,WALM035,San Angelo,Fashion accessories,22.0,2,13/12/20,15:05:00,Credit card,3.0,0.48,44.0,21.12
5947,WALM056,Rowlett,Home and lifestyle,21.0,1,14/11/23,15:38:00,Credit card,4.0,0.33,21.0,6.93
5948,WALM030,Richardson,Fashion accessories,40.0,3,29/11/23,17:59:00,Credit card,5.0,0.48,120.0,57.6
5949,WALM075,San Marcos,Home and lifestyle,82.0,1,09/12/23,15:32:00,Credit card,3.0,0.33,82.0,27.06
5950,WALM084,Schertz,Fashion accessories,82.0,2,30/12/21,17:33:00,Credit card,7.0,0.33,164.0,54.12
5951,WALM009,Plano,Home and lifestyle,32.0,3,29/12/23,19:54:00,Credit card,5.0,0.48,96.0,46.08
5952,WALM030,Richardson,Fashion accessories,22.0,1,11/11/23,15:05:00,Credit card,5.0,0.48,22.0,10.56
5953,WALM003,San Antonio,Home and lifestyle,69.0,1,09/12/23,18:07:00,Credit card,5.0,0.36,69.0,24.84
5954,WALM073,Seguin,Fashion accessories,80.0,1,04/11/21,15:49:00,Credit card,6.0,0.33,80.0,26.4
5955,WALM087,Waxahachie,Home and lifestyle,42.0,2,05/11/22,20:40:00,Credit card,7.0,0.33,84.0,27.72
5956,WALM055,Waxahachie,Fashion accessories,49.0,1,21/11/20,15:07:00,Credit card,3.0,0.33,49.0,16.17
5957,WALM084,Schertz,Home and lifestyle,39.0,1,29/12/23,20:03:00,Credit card,6.0,0.33,39.0,12.87
5958,WALM054,Sherman,Fashion accessories,71.0,2,23/11/21,15:36:00,Credit card,4.0,0.21,142.0,29.82
5959,WALM058,Port Arthur,Home and lifestyle,17.0,3,01/11/22,16:16:00,Credit card,7.0,0.33,51.0,16.83
5960,WALM084,Schertz,Fashion accessories,44.0,2,07/11/23,17:03:00,Credit card,5.0,0.33,88.0,29.04
5961,WALM009,Plano,Home and lifestyle,70.0,1,09/12/23,19:15:00,Credit card,5.0,0.48,70.0,33.6
5962,WALM003,San Antonio,Fashion accessories,75.0,1,20/11/20,19:35:00,Credit card,7.0,0.48,75.0,36.0
5963,WALM009,Plano,Home and lifestyle,20.0,1,11/12/22,17:27:00,Credit card,6.0,0.48,20.0,9.6
5964,WALM058,Port Arthur,Fashion accessories,15.0,1,15/11/23,20:14:00,Credit card,5.0,0.33,15.0,4.95
5965,WALM055,Waxahachie,Home and lifestyle,25.0,3,25/11/23,19:10:00,Credit card,3.0,0.33,75.0,24.75
5966,WALM029,Round Rock,Fashion accessories,85.0,1,22/11/22,16:03:00,Credit card,3.0,0.48,85.0,40.8
5967,WALM087,Waxahachie,Home and lifestyle,82.0,1,29/11/20,15:47:00,Credit card,6.0,0.33,82.0,27.06
5968,WALM099,Weatherford,Fashion accessories,23.0,2,12/12/21,20:15:00,Credit card,5.0,0.18,46.0,8.28
5969,WALM038,Sugar Land,Home and lifestyle,80.0,3,13/11/23,20:11:00,Credit card,4.0,0.48,240.0,115.2
5970,WALM025,Waco,Fashion accessories,72.0,2,12/11/23,18:57:00,Credit card,7.0,0.48,144.0,69.12
5971,WALM084,Schertz,Home and lifestyle,48.0,1,22/11/22,19:53:00,Credit card,7.0,0.33,48.0,15.84
5972,WALM087,Waxahachie,Fashion accessories,22.0,1,25/12/23,17:45:00,Credit card,3.0,0.33,22.0,7.26
5973,WALM050,Victoria,Home and lifestyle,21.0,2,26/12/22,17:35:00,Credit card,3.0,0.48,42.0,20.16
5974,WALM056,Rowlett,Fashion accessories,22.0,2,23/11/22,20:10:00,Credit card,7.0,0.33,44.0,14.52
5975,WALM074,Weslaco,Home and lifestyle,26.0,1,16/12/22,19:34:00,Cash,4.0,0.33,26.0,8.58
5976,WALM009,Plano,Fashion accessories,54.0,2,08/12/21,18:22:00,Credit card,3.0,0.48,108.0,51.84
5977,WALM035,San Angelo,Home and lifestyle,16.0,3,01/12/21,15:45:00,Credit card,4.0,0.48,48.0,23.04
5978,WALM058,Port Arthur,Fashion accessories,83.0,2,21/11/23,15:01:00,Credit card,6.0,0.33,166.0,54.78
5979,WALM056,Rowlett,Home and lifestyle,40.0,3,11/12/23,17:14:00,Credit card,6.0,0.33,120.0,39.6
5980,WALM003,San Antonio,Fashion accessories,41.0,3,13/11/22,15:32:00,Credit card,4.0,0.48,123.0,59.04
5981,WALM089,Southlake,Home and lifestyle,28.0,1,14/12/21,19:30:00,Credit card,6.0,0.33,28.0,9.24
5982,WALM050,Victoria,Fashion accessories,72.0,3,17/11/22,20:27:00,Ewallet,7.0,0.48,216.0,103.68
5983,WALM058,Port Arthur,Home and lifestyle,49.0,2,16/11/23,20:44:00,Credit card,7.0,0.33,98.0,32.34
5984,WALM082,Weslaco,Fashion accessories,60.0,3,09/12/23,18:11:00,Cash,7.0,0.33,180.0,59.4
5985,WALM099,Weatherford,Home and lifestyle,35.0,2,22/11/21,18:39:00,Credit card,5.0,0.18,70.0,12.6
5986,WALM075,San Marcos,Fashion accessories,50.0,2,31/12/23,17:51:00,Credit card,4.0,0.33,100.0,33.0
5987,WALM055,Waxahachie,Home and lifestyle,32.0,1,11/11/20,17:25:00,Credit card,6.0,0.33,32.0,10.56
5988,WALM009,Plano,Fashion accessories,26.0,1,26/11/21,18:58:00,Credit card,3.0,0.48,26.0,12.48
5989,WALM030,Richardson,Home and lifestyle,50.0,1,22/12/20,18:09:00,Credit card,5.0,0.48,50.0,24.0
5990,WALM069,Rockwall,Fashion accessories,31.0,2,25/12/21,19:29:00,Credit card,4.0,0.33,62.0,20.46
5991,WALM029,Round Rock,Home and lifestyle,81.0,2,31/12/20,19:52:00,Credit card,7.0,0.48,162.0,77.76
5992,WALM069,Rockwall,Fashion accessories,72.0,1,03/12/20,18:31:00,Credit card,4.0,0.33,72.0,23.76
5993,WALM082,Weslaco,Home and lifestyle,19.0,3,21/12/22,18:08:00,Cash,4.0,0.33,57.0,18.81
5994,WALM069,Rockwall,Fashion accessories,15.0,3,22/11/21,20:24:00,Credit card,5.0,0.33,45.0,14.85
5995,WALM073,Seguin,Home and lifestyle,27.0,3,10/11/22,17:03:00,Credit card,7.0,0.33,81.0,26.73
5996,WALM069,Rockwall,Fashion accessories,49.0,2,19/11/20,16:53:00,Credit card,6.0,0.33,98.0,32.34
5997,WALM030,Richardson,Home and lifestyle,32.0,1,23/12/20,20:50:00,Credit card,7.0,0.48,32.0,15.36
5998,WALM029,Round Rock,Fashion accessories,73.0,1,05/12/22,17:41:00,Credit card,3.0,0.48,73.0,35.04
5999,WALM046,Temple,Home and lifestyle,67.0,1,12/12/23,16:56:00,Credit card,4.0,0.48,67.0,32.16
6000,WALM032,Tyler,Fashion accessories,39.0,3,12/11/23,15:21:00,Credit card,5.0,0.48,117.0,56.16
6001,WALM073,Seguin,Home and lifestyle,74.0,2,16/11/22,18:26:00,Credit card,4.0,0.33,148.0,48.84
6002,WALM030,Richardson,Fashion accessories,44.0,1,05/12/21,16:34:00,Credit card,7.0,0.48,44.0,21.12
6003,WALM084,Schertz,Home and lifestyle,83.0,3,03/11/22,17:39:00,Credit card,3.0,0.33,249.0,82.17
6004,WALM087,Waxahachie,Fashion accessories,23.0,2,14/11/23,15:28:00,Credit card,5.0,0.33,46.0,15.18
6005,WALM069,Rockwall,Home and lifestyle,29.0,2,06/11/22,20:23:00,Credit card,7.0,0.33,58.0,19.14
6006,WALM087,Waxahachie,Fashion accessories,68.0,2,08/11/23,21:00:00,Credit card,4.0,0.33,136.0,44.88
6007,WALM030,Richardson,Home and lifestyle,65.0,2,16/12/22,18:25:00,Credit card,6.0,0.48,130.0,62.4
6008,WALM074,Weslaco,Fashion accessories,84.0,2,17/11/21,17:36:00,Cash,6.0,0.33,168.0,55.44
6009,WALM086,Rosenberg,Home and lifestyle,68.0,2,04/12/21,16:59:00,Credit card,7.0,0.33,136.0,44.88
6010,WALM073,Seguin,Fashion accessories,42.0,1,29/12/21,18:12:00,Credit card,5.0,0.33,42.0,13.86
6011,WALM074,Weslaco,Home and lifestyle,72.0,2,06/11/20,19:39:00,Cash,6.0,0.33,144.0,47.52
6012,WALM030,Richardson,Fashion accessories,59.0,3,06/12/22,17:23:00,Credit card,3.0,0.48,177.0,84.96
6013,WALM035,San Angelo,Home and lifestyle,41.0,3,28/11/21,19:55:00,Credit card,6.0,0.48,123.0,59.04
6014,WALM082,Weslaco,Fashion accessories,58.0,3,17/11/21,15:04:00,Cash,6.0,0.33,174.0,57.42
6015,WALM082,Weslaco,Home and lifestyle,54.0,3,15/12/22,19:34:00,Cash,3.0,0.33,162.0,53.46
6016,WALM082,Weslaco,Fashion accessories,70.0,1,26/12/23,19:13:00,Cash,7.0,0.33,70.0,23.1
6017,WALM032,Tyler,Home and lifestyle,40.0,1,10/12/23,15:08:00,Credit card,3.0,0.48,40.0,19.2
6018,WALM032,Tyler,Fashion accessories,45.0,2,26/12/21,19:36:00,Credit card,7.0,0.48,90.0,43.2
6019,WALM056,Rowlett,Home and lifestyle,55.0,1,19/11/20,19:10:00,Credit card,5.0,0.33,55.0,18.15
6020,WALM046,Temple,Fashion accessories,56.0,1,07/12/23,20:11:00,Credit card,4.0,0.48,56.0,26.88
6021,WALM084,Schertz,Home and lifestyle,53.0,1,08/11/20,19:30:00,Credit card,7.0,0.33,53.0,17.49
6022,WALM099,Weatherford,Fashion accessories,52.0,3,03/12/21,15:56:00,Credit card,5.0,0.18,156.0,28.08
6023,WALM073,Seguin,Home and lifestyle,55.0,1,10/12/22,19:42:00,Credit card,4.0,0.33,55.0,18.15
6024,WALM029,Round Rock,Fashion accessories,35.0,2,08/11/21,20:57:00,Credit card,6.0,0.48,70.0,33.6
6025,WALM003,San Antonio,Home and lifestyle,75.0,2,27/12/21,15:14:00,Credit card,7.0,0.36,150.0,54.0
6026,WALM089,Southlake,Fashion accessories,33.0,1,26/12/20,19:15:00,Credit card,6.0,0.33,33.0,10.89
6027,WALM086,Rosenberg,Home and lifestyle,47.0,3,30/12/23,15:45:00,Credit card,4.0,0.33,141.0,46.53
6028,WALM069,Rockwall,Fashion accessories,42.0,3,28/12/23,15:57:00,Credit card,3.0,0.33,126.0,41.58
6029,WALM046,Temple,Home and lifestyle,83.0,2,12/11/20,18:05:00,Credit card,5.0,0.48,166.0,79.68
6030,WALM056,Rowlett,Fashion accessories,69.0,3,27/12/21,18:11:00,Credit card,3.0,0.33,207.0,68.31
6031,WALM050,Victoria,Home and lifestyle,15.0,2,12/12/22,17:32:00,Ewallet,6.0,0.48,30.0,14.4
6032,WALM055,Waxahachie,Fashion accessories,68.0,3,19/11/21,20:31:00,Credit card,6.0,0.33,204.0,67.32
6033,WALM086,Rosenberg,Home and lifestyle,71.0,1,30/12/23,15:53:00,Credit card,6.0,0.33,71.0,23.43
6034,WALM032,Tyler,Fashion accessories,34.0,1,01/11/21,18:43:00,Credit card,7.0,0.48,34.0,16.32
6035,WALM075,San Marcos,Home and lifestyle,32.0,2,22/12/21,17:21:00,Credit card,3.0,0.33,64.0,21.12
6036,WALM065,Texas City,Fashion accessories,59.0,1,03/12/23,20:32:00,Credit card,7.0,0.33,59.0,19.47
6037,WALM046,Temple,Home and lifestyle,54.0,1,03/11/22,17:30:00,Credit card,7.0,0.48,54.0,25.92
6038,WALM087,Waxahachie,Fashion accessories,21.0,2,09/11/20,15:31:00,Credit card,3.0,0.33,42.0,13.86
6039,WALM087,Waxahachie,Home and lifestyle,26.0,1,04/11/22,17:55:00,Credit card,4.0,0.33,26.0,8.58
6040,WALM032,Tyler,Fashion accessories,20.0,2,18/11/20,20:01:00,Credit card,5.0,0.48,40.0,19.2
6041,WALM058,Port Arthur,Home and lifestyle,67.0,1,04/11/20,15:20:00,Credit card,5.0,0.33,67.0,22.11
6042,WALM086,Rosenberg,Fashion accessories,35.0,2,01/11/23,20:49:00,Credit card,6.0,0.33,70.0,23.1
6043,WALM030,Richardson,Home and lifestyle,32.0,1,02/12/20,20:36:00,Credit card,6.0,0.48,32.0,15.36
6044,WALM082,Weslaco,Fashion accessories,69.0,3,06/12/23,19:40:00,Cash,7.0,0.33,207.0,68.31
6045,WALM087,Waxahachie,Home and lifestyle,29.0,2,05/11/22,19:05:00,Credit card,6.0,0.33,58.0,19.14
6046,WALM074,Weslaco,Fashion accessories,35.0,1,09/11/22,20:49:00,Cash,3.0,0.33,35.0,11.55
6047,WALM029,Round Rock,Home and lifestyle,58.0,2,15/12/20,16:42:00,Credit card,5.0,0.48,116.0,55.68
6048,WALM003,San Antonio,Fashion accessories,63.0,1,01/11/22,17:13:00,Credit card,7.0,0.48,63.0,30.24
6049,WALM074,Weslaco,Home and lifestyle,36.0,3,10/11/21,20:35:00,Cash,7.0,0.33,108.0,35.64
6050,WALM082,Weslaco,Fashion accessories,23.0,3,09/12/22,20:51:00,Cash,6.0,0.33,69.0,22.77
6051,WALM056,Rowlett,Home and lifestyle,55.0,2,17/11/20,20:01:00,Credit card,4.0,0.33,110.0,36.3
6052,WALM003,San Antonio,Fashion accessories,28.0,1,14/12/21,15:40:00,Credit card,6.0,0.48,28.0,13.44
6053,WALM075,San Marcos,Home and lifestyle,43.0,2,09/12/20,15:06:00,Credit card,5.0,0.33,86.0,28.38
6054,WALM032,Tyler,Fashion accessories,52.0,1,07/11/20,17:27:00,Credit card,5.0,0.48,52.0,24.96
6055,WALM046,Temple,Home and lifestyle,37.0,2,22/12/23,16:06:00,Credit card,4.0,0.48,74.0,35.52
6056,WALM065,Texas City,Fashion accessories,77.0,3,02/12/23,19:19:00,Credit card,5.0,0.33,231.0,76.23
6057,WALM075,San Marcos,Home and lifestyle,19.0,3,17/12/21,17:59:00,Credit card,5.0,0.33,57.0,18.81
6058,WALM084,Schertz,Fashion accessories,47.0,2,29/11/22,17:08:00,Credit card,6.0,0.33,94.0,31.02
6059,WALM089,Southlake,Home and lifestyle,83.0,3,31/12/21,15:10:00,Credit card,5.0,0.33,249.0,82.17
6060,WALM032,Tyler,Fashion accessories,15.0,2,30/11/21,19:17:00,Credit card,6.0,0.48,30.0,14.4
6061,WALM035,San Angelo,Home and lifestyle,63.0,2,01/12/21,17:18:00,Credit card,7.0,0.48,126.0,60.48
6062,WALM032,Tyler,Fashion accessories,20.0,2,16/12/22,18:34:00,Credit card,3.0,0.48,40.0,19.2
6063,WALM054,Sherman,Home and lifestyle,35.0,3,13/12/20,20:35:00,Credit card,5.0,0.21,105.0,22.05
6064,WALM054,Sherman,Fashion accessories,46.0,2,05/11/22,15:05:00,Credit card,5.0,0.21,92.0,19.32
6065,WALM046,Temple,Home and lifestyle,16.0,2,10/11/23,19:00:00,Credit card,4.0,0.48,32.0,15.36
6066,WALM058,Port Arthur,Fashion accessories,84.0,1,09/11/23,16:36:00,Credit card,3.0,0.33,84.0,27.72
6067,WALM075,San Marcos,Home and lifestyle,62.0,1,01/12/23,18:18:00,Credit card,4.0,0.33,62.0,20.46
6068,WALM054,Sherman,Fashion accessories,45.0,2,09/11/20,16:51:00,Credit card,6.0,0.21,90.0,18.9
6069,WALM087,Waxahachie,Home and lifestyle,35.0,1,13/11/22,15:27:00,Credit card,5.0,0.33,35.0,11.55
6070,WALM054,Sherman,Fashion accessories,63.0,3,16/11/21,16:46:00,Credit card,5.0,0.21,189.0,39.69
6071,WALM029,Round Rock,Home and lifestyle,49.0,3,31/12/20,17:53:00,Credit card,6.0,0.48,147.0,70.56
6072,WALM069,Rockwall,Fashion accessories,72.0,1,06/12/21,17:50:00,Credit card,7.0,0.33,72.0,23.76
6073,WALM009,Plano,Home and lifestyle,74.0,1,24/11/20,20:13:00,Credit card,7.0,0.48,74.0,35.52
6074,WALM054,Sherman,Fashion accessories,66.0,3,10/12/23,17:51:00,Credit card,5.0,0.21,198.0,41.58
6075,WALM073,Seguin,Home and lifestyle,58.0,3,10/11/22,17:33:00,Credit card,7.0,0.33,174.0,57.42
6076,WALM065,Texas City,Fashion accessories,83.0,3,18/11/20,17:03:00,Credit card,5.0,0.33,249.0,82.17
6077,WALM075,San Marcos,Home and lifestyle,80.0,2,10/12/20,18:47:00,Credit card,6.0,0.33,160.0,52.8
6078,WALM065,Texas City,Fashion accessories,38.0,3,13/11/23,16:02:00,Credit card,5.0,0.33,114.0,37.62
6079,WALM046,Temple,Home and lifestyle,29.0,1,28/12/20,19:16:00,Credit card,5.0,0.48,29.0,13.92
6080,WALM032,Tyler,Fashion accessories,67.0,2,10/11/20,15:10:00,Credit card,5.0,0.48,134.0,64.32
6081,WALM086,Rosenberg,Home and lifestyle,54.0,1,04/11/22,19:54:00,Credit card,5.0,0.33,54.0,17.82
6082,WALM073,Seguin,Fashion accessories,17.0,3,02/12/21,16:20:00,Credit card,7.0,0.33,51.0,16.83
6083,WALM050,Victoria,Home and lifestyle,48.0,2,17/12/23,20:02:00,Ewallet,5.0,0.48,96.0,46.08
6084,WALM032,Tyler,Fashion accessories,24.0,2,24/11/21,19:00:00,Credit card,3.0,0.48,48.0,23.04
6085,WALM050,Victoria,Home and lifestyle,37.0,2,28/12/21,18:21:00,Ewallet,4.0,0.48,74.0,35.52
6086,WALM087,Waxahachie,Fashion accessories,36.0,3,03/12/21,18:27:00,Credit card,5.0,0.33,108.0,35.64
6087,WALM009,Plano,Home and lifestyle,76.0,1,10/11/22,17:59:00,Credit card,5.0,0.48,76.0,36.48
6088,WALM074,Weslaco,Fashion accessories,73.0,1,17/12/22,18:40:00,Cash,7.0,0.33,73.0,24.09
6089,WALM056,Rowlett,Home and lifestyle,41.0,1,17/12/22,19:13:00,Credit card,5.0,0.33,41.0,13.53
6090,WALM009,Plano,Fashion accessories,15.0,3,01/11/22,19:37:00,Credit card,4.0,0.48,45.0,21.6
6091,WALM086,Rosenberg,Home and lifestyle,52.0,1,05/11/22,19:22:00,Credit card,6.0,0.33,52.0,17.16
6092,WALM050,Victoria,Fashion accessories,64.0,3,29/11/23,18:06:00,Ewallet,7.0,0.48,192.0,92.16
6093,WALM084,Schertz,Home and lifestyle,15.0,3,07/12/23,17:08:00,Credit card,5.0,0.33,45.0,14.85
6094,WALM065,Texas City,Fashion accessories,31.0,1,04/12/20,16:11:00,Credit card,7.0,0.33,31.0,10.23
6095,WALM087,Waxahachie,Home and lifestyle,24.0,2,22/11/22,19:51:00,Credit card,3.0,0.33,48.0,15.84
6096,WALM065,Texas City,Fashion accessories,71.0,2,18/11/21,15:36:00,Credit card,3.0,0.33,142.0,46.86
6097,WALM035,San Angelo,Home and lifestyle,20.0,1,01/12/21,20:39:00,Credit card,5.0,0.48,20.0,9.6
6098,WALM054,Sherman,Fashion accessories,65.0,3,06/12/21,19:37:00,Credit card,6.0,0.21,195.0,40.95
6099,WALM055,Waxahachie,Home and lifestyle,60.0,2,24/12/23,20:20:00,Credit card,6.0,0.33,120.0,39.6
6100,WALM003,San Antonio,Fashion accessories,26.0,1,24/11/20,17:48:00,Credit card,6.0,0.48,26.0,12.48
6101,WALM099,Weatherford,Home and lifestyle,78.0,3,25/12/21,15:24:00,Credit card,3.0,0.18,234.0,42.12
6102,WALM074,Weslaco,Fashion accessories,65.0,1,27/12/22,19:59:00,Cash,4.0,0.33,65.0,21.45
6103,WALM054,Sherman,Home and lifestyle,20.0,2,08/11/22,18:06:00,Credit card,3.0,0.21,40.0,8.4
6104,WALM069,Rockwall,Fashion accessories,51.0,2,20/12/23,17:40:00,Credit card,3.0,0.33,102.0,33.66
6105,WALM065,Texas City,Home and lifestyle,56.0,1,22/11/22,18:27:00,Credit card,5.0,0.33,56.0,18.48
6106,WALM035,San Angelo,Fashion accessories,42.0,1,16/12/22,17:28:00,Credit card,7.0,0.48,42.0,20.16
6107,WALM029,Round Rock,Home and lifestyle,43.0,3,26/12/22,18:02:00,Credit card,7.0,0.48,129.0,61.92
6108,WALM069,Rockwall,Fashion accessories,38.0,3,26/11/21,20:48:00,Credit card,5.0,0.33,114.0,37.62
6109,WALM029,Round Rock,Home and lifestyle,56.0,1,26/12/21,19:45:00,Credit card,4.0,0.48,56.0,26.88
6110,WALM082,Weslaco,Fashion accessories,34.0,1,20/11/23,16:56:00,Cash,3.0,0.33,34.0,11.22
6111,WALM075,San Marcos,Home and lifestyle,34.0,1,01/12/21,18:19:00,Credit card,4.0,0.33,34.0,11.22
6112,WALM046,Temple,Fashion accessories,59.0,2,29/11/21,17:16:00,Credit card,3.0,0.48,118.0,56.64
6113,WALM073,Seguin,Home and lifestyle,55.0,2,25/12/21,18:06:00,Credit card,7.0,0.33,110.0,36.3
6114,WALM086,Rosenberg,Fashion accessories,68.0,1,01/12/21,18:07:00,Credit card,6.0,0.33,68.0,22.44
6115,WALM075,San Marcos,Home and lifestyle,56.0,1,15/12/20,20:10:00,Credit card,7.0,0.33,56.0,18.48
6116,WALM073,Seguin,Fashion accessories,20.0,2,13/11/21,17:24:00,Credit card,3.0,0.33,40.0,13.2
6117,WALM050,Victoria,Home and lifestyle,35.0,2,06/11/21,16:50:00,Ewallet,7.0,0.48,70.0,33.6
6118,WALM086,Rosenberg,Fashion accessories,28.0,1,20/11/21,18:18:00,Credit card,5.0,0.33,28.0,9.24
6119,WALM025,Waco,Home and lifestyle,73.0,1,15/11/22,18:28:00,Credit card,7.0,0.48,73.0,35.04
6120,WALM069,Rockwall,Fashion accessories,63.0,1,16/12/20,16:56:00,Credit card,3.0,0.33,63.0,20.79
6121,WALM065,Texas City,Home and lifestyle,50.0,1,27/12/21,19:17:00,Credit card,6.0,0.33,50.0,16.5
6122,WALM050,Victoria,Fashion accessories,48.0,2,02/11/20,18:23:00,Ewallet,5.0,0.48,96.0,46.08
6123,WALM058,Port Arthur,Home and lifestyle,62.0,2,29/12/20,20:20:00,Credit card,4.0,0.33,124.0,40.92
6124,WALM029,Round Rock,Fashion accessories,35.0,1,10/12/20,17:16:00,Credit card,3.0,0.48,35.0,16.8
6125,WALM058,Port Arthur,Home and lifestyle,52.0,2,25/12/20,16:46:00,Credit card,7.0,0.33,104.0,34.32
6126,WALM030,Richardson,Fashion accessories,79.0,2,06/12/23,18:31:00,Credit card,7.0,0.48,158.0,75.84
6127,WALM073,Seguin,Home and lifestyle,42.0,1,09/12/23,16:26:00,Credit card,6.0,0.33,42.0,13.86
6128,WALM084,Schertz,Fashion accessories,74.0,3,13/12/21,15:30:00,Credit card,5.0,0.33,222.0,73.26
6129,WALM046,Temple,Home and lifestyle,45.0,1,20/11/23,16:42:00,Credit card,6.0,0.48,45.0,21.6
6130,WALM046,Temple,Fashion accessories,65.0,3,18/11/22,17:39:00,Credit card,7.0,0.48,195.0,93.6
6131,WALM087,Waxahachie,Home and lifestyle,44.0,1,08/12/20,19:44:00,Credit card,5.0,0.33,44.0,14.52
6132,WALM089,Southlake,Fashion accessories,19.0,1,10/11/21,16:41:00,Credit card,7.0,0.33,19.0,6.27
6133,WALM038,Sugar Land,Home and lifestyle,58.0,1,03/11/22,17:05:00,Credit card,4.0,0.48,58.0,27.84
6134,WALM054,Sherman,Fashion accessories,77.0,1,03/12/23,17:33:00,Credit card,7.0,0.21,77.0,16.17
6135,WALM003,San Antonio,Home and lifestyle,84.0,1,01/12/22,15:20:00,Credit card,7.0,0.36,84.0,30.24
6136,WALM073,Seguin,Fashion accessories,57.0,2,06/11/22,15:41:00,Credit card,5.0,0.33,114.0,37.62
6137,WALM009,Plano,Home and lifestyle,65.0,3,15/12/20,20:04:00,Credit card,3.0,0.48,195.0,93.6
6138,WALM003,San Antonio,Fashion accessories,70.0,3,31/12/22,19:51:00,Credit card,7.0,0.48,210.0,100.8
6139,WALM030,Richardson,Home and lifestyle,39.0,2,01/12/20,20:26:00,Credit card,7.0,0.48,78.0,37.44
6140,WALM086,Rosenberg,Fashion accessories,71.0,2,30/11/20,19:02:00,Credit card,3.0,0.33,142.0,46.86
6141,WALM089,Southlake,Home and lifestyle,31.0,2,11/12/21,16:24:00,Credit card,5.0,0.33,62.0,20.46
6142,WALM009,Plano,Fashion accessories,29.0,1,05/12/23,18:37:00,Credit card,7.0,0.48,29.0,13.92
6143,WALM058,Port Arthur,Home and lifestyle,33.0,3,03/12/21,18:11:00,Credit card,7.0,0.33,99.0,32.67
6144,WALM055,Waxahachie,Fashion accessories,78.0,2,30/12/21,19:56:00,Credit card,6.0,0.33,156.0,51.48
6145,WALM056,Rowlett,Home and lifestyle,60.0,2,09/11/23,19:17:00,Credit card,4.0,0.33,120.0,39.6
6146,WALM074,Weslaco,Fashion accessories,28.0,1,07/12/22,16:46:00,Cash,3.0,0.33,28.0,9.24
6147,WALM084,Schertz,Home and lifestyle,15.0,3,08/12/20,21:00:00,Credit card,3.0,0.33,45.0,14.85
6148,WALM003,San Antonio,Fashion accessories,18.0,3,16/12/23,19:35:00,Credit card,7.0,0.48,54.0,25.92
6149,WALM029,Round Rock,Home and lifestyle,75.0,2,31/12/21,16:35:00,Credit card,5.0,0.48,150.0,72.0
6150,WALM050,Victoria,Fashion accessories,46.0,1,10/12/22,16:49:00,Ewallet,7.0,0.48,46.0,22.08
6151,WALM009,Plano,Home and lifestyle,50.0,2,19/12/21,19:17:00,Credit card,6.0,0.48,100.0,48.0
6152,WALM035,San Angelo,Fashion accessories,53.0,3,02/12/22,19:10:00,Credit card,3.0,0.48,159.0,76.32
6153,WALM009,Plano,Home and lifestyle,49.0,1,19/11/21,19:37:00,Credit card,6.0,0.48,49.0,23.52
6154,WALM075,San Marcos,Fashion accessories,75.0,1,11/12/21,18:46:00,Credit card,6.0,0.33,75.0,24.75
6155,WALM055,Waxahachie,Home and lifestyle,59.0,2,21/12/23,19:32:00,Credit card,7.0,0.33,118.0,38.94
6156,WALM056,Rowlett,Fashion accessories,29.0,3,08/12/23,20:27:00,Credit card,5.0,0.33,87.0,28.71
6157,WALM087,Waxahachie,Home and lifestyle,48.0,2,04/12/21,20:31:00,Credit card,4.0,0.33,96.0,31.68
6158,WALM087,Waxahachie,Fashion accessories,46.0,2,01/12/23,20:08:00,Credit card,6.0,0.33,92.0,30.36
6159,WALM084,Schertz,Home and lifestyle,62.0,3,19/11/21,18:49:00,Credit card,7.0,0.33,186.0,61.38
6160,WALM084,Schertz,Fashion accessories,69.0,2,04/12/21,15:40:00,Credit card,3.0,0.33,138.0,45.54
6161,WALM025,Waco,Home and lifestyle,58.0,1,23/12/22,20:55:00,Credit card,7.0,0.48,58.0,27.84
6162,WALM086,Rosenberg,Fashion accessories,58.0,3,29/11/22,17:15:00,Credit card,7.0,0.33,174.0,57.42
6163,WALM032,Tyler,Home and lifestyle,61.0,1,30/11/21,15:17:00,Credit card,3.0,0.48,61.0,29.28
6164,WALM035,San Angelo,Fashion accessories,84.0,1,14/11/23,15:48:00,Credit card,5.0,0.48,84.0,40.32
6165,WALM065,Texas City,Electronic accessories,67.0,2,01/12/20,18:37:00,Credit card,7.0,0.33,134.0,44.22
6166,WALM073,Seguin,Electronic accessories,80.0,2,20/11/23,18:24:00,Credit card,5.0,0.33,160.0,52.8
6167,WALM075,San Marcos,Electronic accessories,21.0,3,03/11/20,15:02:00,Credit card,6.0,0.33,63.0,20.79
6168,WALM075,San Marcos,Electronic accessories,39.0,1,17/11/20,20:54:00,Credit card,7.0,0.33,39.0,12.87
6169,WALM055,Waxahachie,Electronic accessories,56.0,3,26/12/22,17:53:00,Credit card,5.0,0.33,168.0,55.44
6170,WALM055,Waxahachie,Electronic accessories,54.0,3,04/11/20,20:31:00,Credit card,5.0,0.33,162.0,53.46
6171,WALM029,Round Rock,Electronic accessories,28.0,2,16/12/22,20:42:00,Credit card,5.0,0.48,56.0,26.88
6172,WALM073,Seguin,Electronic accessories,30.0,2,03/11/20,15:12:00,Credit card,3.0,0.33,60.0,19.8
6173,WALM038,Sugar Land,Electronic accessories,79.0,2,30/12/22,16:07:00,Credit card,7.0,0.48,158.0,75.84
6174,WALM009,Plano,Electronic accessories,58.0,1,23/12/23,15:56:00,Credit card,4.0,0.48,58.0,27.84
6175,WALM082,Weslaco,Electronic accessories,81.0,3,23/11/23,17:29:00,Cash,6.0,0.33,243.0,80.19
6176,WALM065,Texas City,Electronic accessories,59.0,1,01/12/21,19:20:00,Credit card,4.0,0.33,59.0,19.47
6177,WALM069,Rockwall,Electronic accessories,37.0,1,21/12/21,15:47:00,Credit card,6.0,0.33,37.0,12.21
6178,WALM069,Rockwall,Electronic accessories,42.0,1,12/11/23,15:51:00,Credit card,7.0,0.33,42.0,13.86
6179,WALM046,Temple,Electronic accessories,77.0,3,05/12/21,16:29:00,Credit card,3.0,0.48,231.0,110.88
6180,WALM073,Seguin,Electronic accessories,80.0,2,02/12/23,20:31:00,Credit card,4.0,0.33,160.0,52.8
6181,WALM038,Sugar Land,Electronic accessories,56.0,3,11/12/20,17:03:00,Credit card,5.0,0.48,168.0,80.64
6182,WALM035,San Angelo,Electronic accessories,42.0,3,08/12/23,15:01:00,Credit card,4.0,0.48,126.0,60.48
6183,WALM056,Rowlett,Electronic accessories,78.0,3,27/11/20,19:53:00,Credit card,3.0,0.33,234.0,77.22
6184,WALM065,Texas City,Electronic accessories,28.0,1,15/11/22,17:34:00,Credit card,6.0,0.33,28.0,9.24
6185,WALM082,Weslaco,Electronic accessories,68.0,3,25/11/23,18:07:00,Cash,7.0,0.33,204.0,67.32
6186,WALM030,Richardson,Electronic accessories,28.0,3,26/11/21,15:42:00,Credit card,4.0,0.48,84.0,40.32
6187,WALM025,Waco,Electronic accessories,42.0,3,30/11/20,20:19:00,Credit card,3.0,0.48,126.0,60.48
6188,WALM029,Round Rock,Electronic accessories,40.0,3,28/12/22,20:11:00,Credit card,4.0,0.48,120.0,57.6
6189,WALM009,Plano,Electronic accessories,23.0,3,19/11/22,15:08:00,Credit card,4.0,0.48,69.0,33.12
6190,WALM046,Temple,Electronic accessories,60.0,3,22/11/21,17:35:00,Credit card,4.0,0.48,180.0,86.4
6191,WALM050,Victoria,Electronic accessories,81.0,3,01/12/21,18:53:00,Ewallet,6.0,0.48,243.0,116.64
6192,WALM032,Tyler,Electronic accessories,55.0,3,25/12/20,17:20:00,Credit card,7.0,0.48,165.0,79.2
6193,WALM065,Texas City,Electronic accessories,32.0,2,13/12/22,16:01:00,Credit card,3.0,0.33,64.0,21.12
6194,WALM055,Waxahachie,Electronic accessories,43.0,1,07/12/22,20:24:00,Credit card,7.0,0.33,43.0,14.19
6195,WALM055,Waxahachie,Electronic accessories,43.0,3,29/11/21,20:32:00,Credit card,6.0,0.33,129.0,42.57
6196,WALM069,Rockwall,Electronic accessories,18.0,3,08/12/23,20:43:00,Credit card,7.0,0.33,54.0,17.82
6197,WALM032,Tyler,Electronic accessories,56.0,2,08/11/23,20:24:00,Credit card,6.0,0.48,112.0,53.76
6198,WALM086,Rosenberg,Electronic accessories,65.0,2,11/11/21,19:52:00,Credit card,6.0,0.33,130.0,42.9
6199,WALM073,Seguin,Electronic accessories,18.0,3,24/11/20,15:56:00,Credit card,3.0,0.33,54.0,17.82
6200,WALM075,San Marcos,Electronic accessories,35.0,1,04/12/22,19:33:00,Credit card,3.0,0.33,35.0,11.55
6201,WALM032,Tyler,Electronic accessories,33.0,2,12/12/21,19:26:00,Credit card,7.0,0.48,66.0,31.68
6202,WALM003,San Antonio,Electronic accessories,67.0,3,03/12/23,19:16:00,Credit card,4.0,0.48,201.0,96.48
6203,WALM086,Rosenberg,Electronic accessories,21.0,2,07/12/23,20:38:00,Credit card,7.0,0.33,42.0,13.86
6204,WALM075,San Marcos,Electronic accessories,65.0,2,02/12/21,19:53:00,Credit card,7.0,0.33,130.0,42.9
6205,WALM082,Weslaco,Electronic accessories,79.0,1,18/12/23,17:58:00,Cash,6.0,0.33,79.0,26.07
6206,WALM089,Southlake,Electronic accessories,74.0,3,22/11/20,16:44:00,Credit card,4.0,0.33,222.0,73.26
6207,WALM073,Seguin,Electronic accessories,37.0,3,30/11/22,18:48:00,Credit card,5.0,0.33,111.0,36.63
6208,WALM087,Waxahachie,Electronic accessories,45.0,2,04/12/23,16:14:00,Credit card,7.0,0.33,90.0,29.7
6209,WALM082,Weslaco,Electronic accessories,19.0,1,15/11/21,17:36:00,Cash,4.0,0.33,19.0,6.27
6210,WALM056,Rowlett,Electronic accessories,46.0,1,20/11/21,16:04:00,Credit card,3.0,0.33,46.0,15.18
6211,WALM075,San Marcos,Electronic accessories,37.0,3,09/12/23,15:03:00,Credit card,4.0,0.33,111.0,36.63
6212,WALM025,Waco,Electronic accessories,33.0,3,19/11/22,15:24:00,Credit card,7.0,0.48,99.0,47.52
6213,WALM073,Seguin,Electronic accessories,84.0,2,07/11/21,15:26:00,Credit card,7.0,0.33,168.0,55.44
6214,WALM046,Temple,Electronic accessories,68.0,3,05/11/22,19:10:00,Credit card,4.0,0.48,204.0,97.92
6215,WALM009,Plano,Electronic accessories,67.0,2,14/12/20,17:30:00,Credit card,6.0,0.48,134.0,64.32
6216,WALM035,San Angelo,Electronic accessories,85.0,2,24/12/22,20:10:00,Credit card,7.0,0.48,170.0,81.6
6217,WALM003,San Antonio,Electronic accessories,68.0,3,25/11/23,16:17:00,Credit card,4.0,0.48,204.0,97.92
6218,WALM032,Tyler,Electronic accessories,44.0,1,22/11/21,15:40:00,Credit card,5.0,0.48,44.0,21.12
6219,WALM038,Sugar Land,Electronic accessories,22.0,1,20/12/20,15:20:00,Credit card,4.0,0.48,22.0,10.56
6220,WALM082,Weslaco,Electronic accessories,71.0,1,28/12/21,17:58:00,Cash,3.0,0.33,71.0,23.43
6221,WALM025,Waco,Electronic accessories,30.0,2,09/12/21,16:19:00,Credit card,4.0,0.48,60.0,28.8
6222,WALM056,Rowlett,Electronic accessories,47.0,3,29/11/20,17:06:00,Credit card,7.0,0.33,141.0,46.53
6223,WALM029,Round Rock,Electronic accessories,79.0,2,13/12/23,19:44:00,Credit card,5.0,0.48,158.0,75.84
6224,WALM054,Sherman,Electronic accessories,72.0,1,12/12/23,16:36:00,Credit card,4.0,0.33,72.0,23.76
6225,WALM056,Rowlett,Electronic accessories,45.0,3,29/12/20,17:13:00,Credit card,6.0,0.33,135.0,44.55
6226,WALM009,Plano,Electronic accessories,44.0,2,31/12/23,15:33:00,Credit card,7.0,0.48,88.0,42.24
6227,WALM082,Weslaco,Electronic accessories,23.0,2,15/12/22,15:58:00,Cash,6.0,0.33,46.0,15.18
6228,WALM073,Seguin,Electronic accessories,77.0,3,07/11/21,20:07:00,Credit card,7.0,0.33,231.0,76.23
6229,WALM099,Weatherford,Electronic accessories,48.0,1,24/12/22,18:00:00,Credit card,6.0,0.18,48.0,8.64
6230,WALM054,Sherman,Electronic accessories,72.0,2,20/11/22,16:28:00,Credit card,3.0,0.33,144.0,47.52
6231,WALM073,Seguin,Electronic accessories,68.0,3,05/11/20,20:53:00,Credit card,4.0,0.33,204.0,67.32
6232,WALM065,Texas City,Electronic accessories,45.0,3,07/11/23,18:41:00,Credit card,3.0,0.33,135.0,44.55
6233,WALM087,Waxahachie,Electronic accessories,62.0,3,01/12/21,20:23:00,Credit card,6.0,0.33,186.0,61.38
6234,WALM089,Southlake,Electronic accessories,56.0,2,07/11/23,16:16:00,Credit card,6.0,0.33,112.0,36.96
6235,WALM087,Waxahachie,Electronic accessories,65.0,1,26/12/21,19:16:00,Credit card,4.0,0.33,65.0,21.45
6236,WALM050,Victoria,Electronic accessories,82.0,2,01/11/20,19:33:00,Ewallet,3.0,0.48,164.0,78.72
6237,WALM069,Rockwall,Electronic accessories,50.0,1,09/11/23,18:37:00,Credit card,3.0,0.33,50.0,16.5
6238,WALM032,Tyler,Electronic accessories,73.0,3,21/12/20,17:24:00,Credit card,5.0,0.48,219.0,105.12
6239,WALM046,Temple,Electronic accessories,37.0,1,18/11/23,19:04:00,Credit card,6.0,0.48,37.0,17.76
6240,WALM032,Tyler,Electronic accessories,56.0,1,22/12/22,16:03:00,Credit card,6.0,0.48,56.0,26.88
6241,WALM087,Waxahachie,Electronic accessories,81.0,3,02/12/22,17:43:00,Credit card,6.0,0.33,243.0,80.19
6242,WALM074,Weslaco,Electronic accessories,71.0,2,30/12/23,19:59:00,Cash,3.0,0.33,142.0,46.86
6243,WALM038,Sugar Land,Electronic accessories,54.0,3,05/12/23,15:45:00,Credit card,5.0,0.48,162.0,77.76
6244,WALM082,Weslaco,Electronic accessories,20.0,3,15/11/20,18:25:00,Cash,4.0,0.33,60.0,19.8
6245,WALM082,Weslaco,Electronic accessories,25.0,3,30/11/21,17:39:00,Cash,7.0,0.33,75.0,24.75
6246,WALM069,Rockwall,Electronic accessories,52.0,1,31/12/20,20:11:00,Credit card,5.0,0.33,52.0,17.16
6247,WALM032,Tyler,Electronic accessories,48.0,3,14/12/21,20:16:00,Credit card,3.0,0.48,144.0,69.12
6248,WALM046,Temple,Electronic accessories,55.0,3,06/12/23,20:30:00,Credit card,7.0,0.48,165.0,79.2
6249,WALM009,Plano,Electronic accessories,18.0,1,22/12/20,20:16:00,Credit card,5.0,0.48,18.0,8.64
6250,WALM029,Round Rock,Electronic accessories,78.0,3,10/12/23,19:23:00,Credit card,7.0,0.48,234.0,112.32
6251,WALM089,Southlake,Electronic accessories,34.0,1,08/12/20,17:52:00,Credit card,5.0,0.33,34.0,11.22
6252,WALM029,Round Rock,Electronic accessories,24.0,3,24/12/20,15:31:00,Credit card,6.0,0.48,72.0,34.56
6253,WALM074,Weslaco,Electronic accessories,16.0,1,23/11/22,16:14:00,Cash,3.0,0.33,16.0,5.28
6254,WALM050,Victoria,Electronic accessories,70.0,3,23/12/22,15:37:00,Ewallet,6.0,0.48,210.0,100.8
6255,WALM089,Southlake,Electronic accessories,50.0,2,19/12/22,20:31:00,Credit card,7.0,0.33,100.0,33.0
6256,WALM069,Rockwall,Electronic accessories,57.0,3,13/11/21,17:52:00,Credit card,3.0,0.33,171.0,56.43
6257,WALM075,San Marcos,Electronic accessories,29.0,3,15/11/23,18:05:00,Credit card,5.0,0.33,87.0,28.71
6258,WALM029,Round Rock,Electronic accessories,57.0,2,22/12/22,17:02:00,Credit card,6.0,0.48,114.0,54.72
6259,WALM035,San Angelo,Electronic accessories,36.0,3,23/12/23,18:54:00,Credit card,7.0,0.48,108.0,51.84
6260,WALM058,Port Arthur,Electronic accessories,65.0,3,04/11/21,20:44:00,Credit card,3.0,0.33,195.0,64.35
6261,WALM082,Weslaco,Electronic accessories,67.0,2,09/12/22,20:53:00,Cash,6.0,0.33,134.0,44.22
6262,WALM054,Sherman,Electronic accessories,45.0,2,03/12/21,15:51:00,Credit card,4.0,0.33,90.0,29.7
6263,WALM009,Plano,Electronic accessories,70.0,1,14/11/22,16:09:00,Credit card,4.0,0.48,70.0,33.6
6264,WALM055,Waxahachie,Electronic accessories,61.0,3,21/12/20,15:56:00,Credit card,7.0,0.33,183.0,60.39
6265,WALM003,San Antonio,Electronic accessories,29.0,3,03/11/22,16:57:00,Credit card,5.0,0.48,87.0,41.76
6266,WALM035,San Angelo,Electronic accessories,57.0,1,03/12/22,17:36:00,Credit card,6.0,0.48,57.0,27.36
6267,WALM075,San Marcos,Electronic accessories,47.0,1,16/11/20,17:06:00,Credit card,4.0,0.33,47.0,15.51
6268,WALM075,San Marcos,Electronic accessories,34.0,2,09/12/22,18:56:00,Credit card,6.0,0.33,68.0,22.44
6269,WALM030,Richardson,Electronic accessories,46.0,1,20/12/23,17:28:00,Credit card,4.0,0.48,46.0,22.08
6270,WALM030,Richardson,Electronic accessories,15.0,2,29/12/21,20:17:00,Credit card,5.0,0.48,30.0,14.4
6271,WALM099,Weatherford,Electronic accessories,73.0,1,15/11/20,18:25:00,Credit card,7.0,0.18,73.0,13.14
6272,WALM038,Sugar Land,Electronic accessories,38.0,3,08/11/20,16:20:00,Credit card,7.0,0.48,114.0,54.72
6273,WALM074,Weslaco,Electronic accessories,80.0,2,15/11/23,19:18:00,Cash,3.0,0.33,160.0,52.8
6274,WALM055,Waxahachie,Electronic accessories,82.0,3,29/11/23,18:49:00,Credit card,3.0,0.33,246.0,81.18
6275,WALM086,Rosenberg,Electronic accessories,76.0,2,05/12/21,20:46:00,Credit card,4.0,0.33,152.0,50.16
6276,WALM099,Weatherford,Electronic accessories,75.0,1,18/12/21,20:12:00,Credit card,5.0,0.18,75.0,13.5
6277,WALM032,Tyler,Electronic accessories,65.0,3,12/12/23,16:31:00,Credit card,3.0,0.48,195.0,93.6
6278,WALM074,Weslaco,Electronic accessories,22.0,2,07/11/22,17:26:00,Cash,3.0,0.33,44.0,14.52
6279,WALM089,Southlake,Electronic accessories,19.0,3,06/12/23,15:05:00,Credit card,7.0,0.33,57.0,18.81
6280,WALM065,Texas City,Electronic accessories,20.0,3,21/11/20,15:54:00,Credit card,3.0,0.33,60.0,19.8
6281,WALM065,Texas City,Electronic accessories,49.0,2,18/11/21,20:27:00,Credit card,6.0,0.33,98.0,32.34
6282,WALM086,Rosenberg,Electronic accessories,49.0,2,24/12/22,17:03:00,Credit card,7.0,0.33,98.0,32.34
6283,WALM086,Rosenberg,Electronic accessories,43.0,3,25/12/20,19:47:00,Credit card,5.0,0.33,129.0,42.57
6284,WALM084,Schertz,Electronic accessories,38.0,3,01/11/22,17:37:00,Credit card,7.0,0.33,114.0,37.62
6285,WALM009,Plano,Electronic accessories,77.0,2,11/11/23,19:53:00,Credit card,7.0,0.48,154.0,73.92
6286,WALM050,Victoria,Electronic accessories,58.0,1,17/11/23,17:03:00,Ewallet,5.0,0.48,58.0,27.84
6287,WALM082,Weslaco,Electronic accessories,59.0,2,01/12/22,17:47:00,Cash,5.0,0.33,118.0,38.94
6288,WALM029,Round Rock,Electronic accessories,76.0,2,01/11/22,15:24:00,Credit card,5.0,0.48,152.0,72.96
6289,WALM029,Round Rock,Electronic accessories,75.0,3,02/12/22,18:00:00,Credit card,6.0,0.48,225.0,108.0
6290,WALM089,Southlake,Electronic accessories,40.0,3,25/11/20,20:22:00,Credit card,3.0,0.33,120.0,39.6
6291,WALM089,Southlake,Electronic accessories,45.0,1,09/11/20,17:13:00,Credit card,7.0,0.33,45.0,14.85
6292,WALM025,Waco,Electronic accessories,49.0,2,25/11/21,15:38:00,Credit card,3.0,0.48,98.0,47.04
6293,WALM035,San Angelo,Electronic accessories,64.0,1,08/11/23,18:02:00,Credit card,7.0,0.48,64.0,30.72
6294,WALM058,Port Arthur,Electronic accessories,48.0,1,23/11/22,18:02:00,Credit card,6.0,0.33,48.0,15.84
6295,WALM086,Rosenberg,Electronic accessories,19.0,1,03/11/21,17:35:00,Credit card,3.0,0.33,19.0,6.27
6296,WALM003,San Antonio,Electronic accessories,48.0,2,09/11/22,16:25:00,Credit card,5.0,0.48,96.0,46.08
6297,WALM073,Seguin,Electronic accessories,52.0,3,19/12/21,19:01:00,Credit card,7.0,0.33,156.0,51.48
6298,WALM074,Weslaco,Electronic accessories,61.0,3,21/11/20,16:47:00,Cash,4.0,0.33,183.0,60.39
6299,WALM087,Waxahachie,Electronic accessories,74.0,2,01/12/20,16:08:00,Credit card,5.0,0.33,148.0,48.84
6300,WALM009,Plano,Electronic accessories,69.0,1,07/12/23,19:49:00,Credit card,7.0,0.48,69.0,33.12
6301,WALM035,San Angelo,Electronic accessories,69.0,2,07/11/22,19:10:00,Credit card,3.0,0.48,138.0,66.24
6302,WALM003,San Antonio,Electronic accessories,48.0,3,27/11/20,15:44:00,Credit card,6.0,0.48,144.0,69.12
6303,WALM009,Plano,Electronic accessories,21.0,1,13/12/22,16:28:00,Credit card,7.0,0.48,21.0,10.08
6304,WALM055,Waxahachie,Electronic accessories,26.0,2,20/11/23,19:01:00,Credit card,6.0,0.33,52.0,17.16
6305,WALM069,Rockwall,Electronic accessories,22.0,3,31/12/20,17:07:00,Credit card,7.0,0.33,66.0,21.78
6306,WALM086,Rosenberg,Electronic accessories,15.0,3,01/11/20,16:33:00,Credit card,5.0,0.33,45.0,14.85
6307,WALM075,San Marcos,Electronic accessories,57.0,2,29/11/20,20:52:00,Credit card,3.0,0.33,114.0,37.62
6308,WALM046,Temple,Electronic accessories,84.0,1,18/12/22,17:29:00,Credit card,6.0,0.48,84.0,40.32
6309,WALM054,Sherman,Electronic accessories,57.0,1,02/11/22,15:37:00,Credit card,7.0,0.33,57.0,18.81
6310,WALM075,San Marcos,Electronic accessories,51.0,3,16/11/23,20:03:00,Credit card,3.0,0.33,153.0,50.49
6311,WALM035,San Angelo,Electronic accessories,41.0,1,02/11/21,17:58:00,Credit card,6.0,0.48,41.0,19.68
6312,WALM056,Rowlett,Electronic accessories,32.0,2,03/12/23,17:37:00,Credit card,7.0,0.33,64.0,21.12
6313,WALM054,Sherman,Electronic accessories,74.0,1,13/11/22,16:00:00,Credit card,3.0,0.33,74.0,24.42
6314,WALM009,Plano,Electronic accessories,60.0,1,30/11/22,21:00:00,Credit card,5.0,0.48,60.0,28.8
6315,WALM054,Sherman,Electronic accessories,77.0,3,02/12/20,19:04:00,Credit card,3.0,0.33,231.0,76.23
6316,WALM084,Schertz,Electronic accessories,72.0,3,14/12/21,19:37:00,Credit card,3.0,0.33,216.0,71.28
6317,WALM035,San Angelo,Electronic accessories,68.0,1,05/12/23,16:56:00,Credit card,7.0,0.48,68.0,32.64
6318,WALM003,San Antonio,Electronic accessories,61.0,3,03/12/23,16:31:00,Credit card,4.0,0.48,183.0,87.84
6319,WALM087,Waxahachie,Electronic accessories,71.0,1,01/11/20,16:14:00,Credit card,7.0,0.33,71.0,23.43
6320,WALM056,Rowlett,Electronic accessories,27.0,3,22/11/21,15:03:00,Credit card,6.0,0.33,81.0,26.73
6321,WALM075,San Marcos,Electronic accessories,31.0,3,02/12/23,17:14:00,Credit card,3.0,0.33,93.0,30.69
6322,WALM003,San Antonio,Electronic accessories,50.0,3,14/11/23,18:31:00,Credit card,4.0,0.48,150.0,72.0
6323,WALM086,Rosenberg,Electronic accessories,70.0,3,23/12/21,15:22:00,Credit card,6.0,0.33,210.0,69.3
6324,WALM035,San Angelo,Electronic accessories,25.0,3,19/11/22,16:00:00,Credit card,4.0,0.48,75.0,36.0
6325,WALM073,Seguin,Electronic accessories,19.0,1,09/11/23,20:03:00,Credit card,3.0,0.33,19.0,6.27
6326,WALM025,Waco,Electronic accessories,56.0,1,05/11/21,17:07:00,Credit card,7.0,0.48,56.0,26.88
6327,WALM046,Temple,Electronic accessories,42.0,3,19/11/23,20:40:00,Credit card,5.0,0.48,126.0,60.48
6328,WALM073,Seguin,Electronic accessories,36.0,1,23/11/20,17:13:00,Credit card,7.0,0.33,36.0,11.88
6329,WALM069,Rockwall,Electronic accessories,82.0,1,25/11/23,16:22:00,Credit card,4.0,0.33,82.0,27.06
6330,WALM003,San Antonio,Electronic accessories,68.0,2,27/12/22,16:19:00,Credit card,5.0,0.48,136.0,65.28
6331,WALM084,Schertz,Electronic accessories,21.0,2,01/12/23,18:13:00,Credit card,5.0,0.33,42.0,13.86
6332,WALM009,Plano,Electronic accessories,80.0,2,24/12/21,15:40:00,Credit card,7.0,0.48,160.0,76.8
6333,WALM086,Rosenberg,Electronic accessories,33.0,3,13/11/20,18:58:00,Credit card,5.0,0.33,99.0,32.67
6334,WALM055,Waxahachie,Electronic accessories,37.0,1,04/12/20,16:48:00,Credit card,6.0,0.33,37.0,12.21
6335,WALM073,Seguin,Electronic accessories,23.0,2,17/11/22,16:52:00,Credit card,5.0,0.33,46.0,15.18
6336,WALM087,Waxahachie,Electronic accessories,63.0,3,29/12/21,15:59:00,Credit card,5.0,0.33,189.0,62.37
6337,WALM099,Weatherford,Electronic accessories,22.0,1,13/12/23,19:00:00,Credit card,6.0,0.18,22.0,3.96
6338,WALM009,Plano,Electronic accessories,84.0,1,15/11/20,20:26:00,Credit card,7.0,0.48,84.0,40.32
6339,WALM084,Schertz,Electronic accessories,19.0,3,11/11/21,17:56:00,Credit card,3.0,0.33,57.0,18.81
6340,WALM003,San Antonio,Electronic accessories,50.0,2,02/12/22,15:30:00,Credit card,7.0,0.48,100.0,48.0
6341,WALM054,Sherman,Electronic accessories,68.0,3,22/11/23,20:25:00,Credit card,7.0,0.33,204.0,67.32
6342,WALM074,Weslaco,Electronic accessories,72.0,2,10/12/22,15:59:00,Cash,3.0,0.33,144.0,47.52
6343,WALM069,Rockwall,Electronic accessories,58.0,1,07/12/20,19:38:00,Credit card,6.0,0.33,58.0,19.14
6344,WALM084,Schertz,Electronic accessories,52.0,1,28/11/21,19:33:00,Credit card,7.0,0.33,52.0,17.16
6345,WALM058,Port Arthur,Electronic accessories,15.0,3,03/12/21,16:35:00,Credit card,4.0,0.33,45.0,14.85
6346,WALM056,Rowlett,Electronic accessories,32.0,1,23/11/20,15:42:00,Credit card,3.0,0.33,32.0,10.56
6347,WALM084,Schertz,Electronic accessories,81.0,3,08/11/22,15:49:00,Credit card,3.0,0.33,243.0,80.19
6348,WALM009,Plano,Electronic accessories,26.0,1,29/12/22,17:06:00,Credit card,5.0,0.48,26.0,12.48
6349,WALM032,Tyler,Electronic accessories,73.0,1,24/11/21,19:03:00,Credit card,3.0,0.48,73.0,35.04
6350,WALM087,Waxahachie,Electronic accessories,16.0,3,01/12/21,17:39:00,Credit card,3.0,0.33,48.0,15.84
6351,WALM058,Port Arthur,Electronic accessories,33.0,1,04/12/21,16:09:00,Credit card,7.0,0.33,33.0,10.89
6352,WALM029,Round Rock,Electronic accessories,25.0,3,24/11/22,18:34:00,Credit card,7.0,0.48,75.0,36.0
6353,WALM032,Tyler,Electronic accessories,77.0,3,13/11/21,17:20:00,Credit card,4.0,0.48,231.0,110.88
6354,WALM089,Southlake,Electronic accessories,75.0,2,25/11/20,15:19:00,Credit card,5.0,0.33,150.0,49.5
6355,WALM058,Port Arthur,Electronic accessories,43.0,1,15/11/20,19:25:00,Credit card,5.0,0.33,43.0,14.19
6356,WALM046,Temple,Electronic accessories,57.0,1,09/12/21,18:51:00,Credit card,6.0,0.48,57.0,27.36
6357,WALM069,Rockwall,Electronic accessories,36.0,3,15/12/23,18:05:00,Credit card,5.0,0.33,108.0,35.64
6358,WALM058,Port Arthur,Electronic accessories,84.0,3,29/12/20,20:30:00,Credit card,3.0,0.33,252.0,83.16
6359,WALM099,Weatherford,Electronic accessories,22.0,3,22/11/20,19:44:00,Credit card,5.0,0.18,66.0,11.88
6360,WALM035,San Angelo,Electronic accessories,37.0,2,28/12/22,20:34:00,Credit card,6.0,0.48,74.0,35.52
6361,WALM025,Waco,Electronic accessories,64.0,3,14/11/20,18:49:00,Credit card,6.0,0.48,192.0,92.16
6362,WALM089,Southlake,Electronic accessories,25.0,1,06/11/23,19:01:00,Credit card,6.0,0.33,25.0,8.25
6363,WALM038,Sugar Land,Electronic accessories,29.0,2,28/12/22,19:46:00,Credit card,4.0,0.48,58.0,27.84
6364,WALM075,San Marcos,Electronic accessories,41.0,2,22/11/21,16:03:00,Credit card,4.0,0.33,82.0,27.06
6365,WALM082,Weslaco,Electronic accessories,20.0,2,27/12/21,18:27:00,Cash,7.0,0.33,40.0,13.2
6366,WALM074,Weslaco,Electronic accessories,72.0,3,29/11/23,17:31:00,Cash,4.0,0.33,216.0,71.28
6367,WALM058,Port Arthur,Electronic accessories,60.0,1,07/11/20,18:25:00,Credit card,5.0,0.33,60.0,19.8
6368,WALM032,Tyler,Electronic accessories,17.0,1,30/12/22,19:05:00,Credit card,4.0,0.48,17.0,8.16
6369,WALM038,Sugar Land,Electronic accessories,58.0,1,01/12/23,18:52:00,Credit card,5.0,0.48,58.0,27.84
6370,WALM029,Round Rock,Electronic accessories,68.0,3,04/12/21,19:03:00,Credit card,7.0,0.48,204.0,97.92
6371,WALM082,Weslaco,Electronic accessories,47.0,2,01/12/20,16:03:00,Cash,6.0,0.33,94.0,31.02
6372,WALM055,Waxahachie,Electronic accessories,74.0,1,25/12/21,15:23:00,Credit card,6.0,0.33,74.0,24.42
6373,WALM054,Sherman,Electronic accessories,30.0,1,20/11/23,18:30:00,Credit card,6.0,0.33,30.0,9.9
6374,WALM055,Waxahachie,Electronic accessories,57.0,1,24/11/21,19:17:00,Credit card,4.0,0.33,57.0,18.81
6375,WALM032,Tyler,Electronic accessories,32.0,3,08/12/20,18:02:00,Credit card,7.0,0.48,96.0,46.08
6376,WALM054,Sherman,Electronic accessories,60.0,1,17/11/22,19:30:00,Credit card,5.0,0.33,60.0,19.8
6377,WALM050,Victoria,Electronic accessories,69.0,1,14/12/23,15:28:00,Ewallet,3.0,0.48,69.0,33.12
6378,WALM009,Plano,Electronic accessories,25.0,2,15/12/21,19:00:00,Credit card,7.0,0.48,50.0,24.0
6379,WALM029,Round Rock,Electronic accessories,41.0,1,13/11/22,20:13:00,Credit card,6.0,0.48,41.0,19.68
6380,WALM087,Waxahachie,Electronic accessories,48.0,1,08/11/23,15:53:00,Credit card,7.0,0.33,48.0,15.84
6381,WALM054,Sherman,Electronic accessories,73.0,3,02/12/20,20:35:00,Credit card,4.0,0.33,219.0,72.27
6382,WALM075,San Marcos,Electronic accessories,58.0,2,05/11/20,15:39:00,Credit card,4.0,0.33,116.0,38.28
6383,WALM050,Victoria,Electronic accessories,55.0,3,01/12/22,15:18:00,Ewallet,6.0,0.48,165.0,79.2
6384,WALM058,Port Arthur,Electronic accessories,41.0,1,17/12/23,16:11:00,Credit card,3.0,0.33,41.0,13.53
6385,WALM086,Rosenberg,Electronic accessories,56.0,3,16/11/22,19:33:00,Credit card,5.0,0.33,168.0,55.44
6386,WALM035,San Angelo,Electronic accessories,17.0,3,11/12/23,20:49:00,Credit card,6.0,0.48,51.0,24.48
6387,WALM075,San Marcos,Electronic accessories,44.0,3,03/11/23,18:55:00,Credit card,3.0,0.33,132.0,43.56
6388,WALM054,Sherman,Electronic accessories,82.0,3,16/11/20,17:35:00,Credit card,3.0,0.33,246.0,81.18
6389,WALM003,San Antonio,Electronic accessories,30.0,1,11/12/22,15:53:00,Credit card,6.0,0.48,30.0,14.4
6390,WALM025,Waco,Electronic accessories,57.0,1,27/11/23,18:16:00,Credit card,5.0,0.48,57.0,27.36
6391,WALM075,San Marcos,Electronic accessories,41.0,2,01/12/22,16:27:00,Credit card,4.0,0.33,82.0,27.06
6392,WALM003,San Antonio,Electronic accessories,68.0,1,17/12/20,15:54:00,Credit card,3.0,0.48,68.0,32.64
6393,WALM046,Temple,Electronic accessories,67.0,3,17/12/20,17:01:00,Credit card,4.0,0.48,201.0,96.48
6394,WALM084,Schertz,Electronic accessories,65.0,3,08/11/20,15:41:00,Credit card,5.0,0.33,195.0,64.35
6395,WALM056,Rowlett,Home and lifestyle,59.0,2,04/12/20,15:50:00,Credit card,5.0,0.33,118.0,38.94
6396,WALM038,Sugar Land,Fashion accessories,70.0,2,11/11/21,15:26:00,Credit card,6.0,0.48,140.0,67.2
6397,WALM032,Tyler,Home and lifestyle,30.0,3,20/12/21,17:13:00,Credit card,7.0,0.48,90.0,43.2
6398,WALM089,Southlake,Fashion accessories,66.0,3,25/11/22,16:43:00,Credit card,6.0,0.33,198.0,65.34
6399,WALM065,Texas City,Home and lifestyle,33.0,2,14/12/21,16:13:00,Credit card,7.0,0.33,66.0,21.78
6400,WALM073,Seguin,Fashion accessories,79.0,3,02/12/22,16:46:00,Credit card,7.0,0.33,237.0,78.21
6401,WALM025,Waco,Home and lifestyle,50.0,3,08/11/23,19:47:00,Credit card,3.0,0.48,150.0,72.0
6402,WALM050,Victoria,Fashion accessories,58.0,3,15/11/20,16:35:00,Ewallet,6.0,0.48,174.0,83.52
6403,WALM069,Rockwall,Home and lifestyle,45.0,2,19/12/22,17:21:00,Credit card,5.0,0.33,90.0,29.7
6404,WALM099,Weatherford,Fashion accessories,44.0,2,01/11/20,15:46:00,Credit card,4.0,0.18,88.0,15.84
6405,WALM065,Texas City,Home and lifestyle,61.0,2,19/11/22,19:15:00,Credit card,3.0,0.33,122.0,40.26
6406,WALM009,Plano,Fashion accessories,77.0,1,30/12/21,17:25:00,Credit card,4.0,0.48,77.0,36.96
6407,WALM087,Waxahachie,Home and lifestyle,71.0,1,25/11/23,20:54:00,Credit card,3.0,0.33,71.0,23.43
6408,WALM058,Port Arthur,Fashion accessories,31.0,1,20/11/23,15:23:00,Credit card,3.0,0.33,31.0,10.23
6409,WALM082,Weslaco,Home and lifestyle,45.0,3,02/11/22,16:15:00,Cash,5.0,0.33,135.0,44.55
6410,WALM087,Waxahachie,Fashion accessories,82.0,3,19/12/21,17:42:00,Credit card,6.0,0.33,246.0,81.18
6411,WALM055,Waxahachie,Home and lifestyle,28.0,1,22/12/22,15:36:00,Credit card,5.0,0.33,28.0,9.24
6412,WALM046,Temple,Fashion accessories,19.0,2,13/12/22,15:05:00,Credit card,7.0,0.48,38.0,18.24
6413,WALM055,Waxahachie,Home and lifestyle,43.0,2,05/12/22,15:05:00,Credit card,4.0,0.33,86.0,28.38
6414,WALM082,Weslaco,Fashion accessories,25.0,3,03/12/20,15:24:00,Cash,6.0,0.33,75.0,24.75
6415,WALM058,Port Arthur,Home and lifestyle,61.0,2,13/12/23,17:17:00,Credit card,3.0,0.33,122.0,40.26
6416,WALM009,Plano,Fashion accessories,39.0,3,11/11/22,20:16:00,Credit card,4.0,0.48,117.0,56.16
6417,WALM046,Temple,Home and lifestyle,41.0,1,30/11/23,16:43:00,Credit card,7.0,0.48,41.0,19.68
6418,WALM069,Rockwall,Fashion accessories,20.0,3,16/11/22,20:17:00,Credit card,5.0,0.33,60.0,19.8
6419,WALM050,Victoria,Home and lifestyle,84.0,3,28/12/23,17:52:00,Ewallet,5.0,0.48,252.0,120.96
6420,WALM099,Weatherford,Fashion accessories,17.0,1,27/12/21,20:41:00,Credit card,6.0,0.18,17.0,3.06
6421,WALM030,Richardson,Home and lifestyle,56.0,3,21/12/21,16:59:00,Credit card,4.0,0.48,168.0,80.64
6422,WALM029,Round Rock,Fashion accessories,73.0,2,07/12/23,18:10:00,Credit card,7.0,0.48,146.0,70.08
6423,WALM030,Richardson,Home and lifestyle,30.0,1,06/11/21,20:47:00,Credit card,4.0,0.48,30.0,14.4
6424,WALM054,Sherman,Fashion accessories,76.0,1,10/12/23,20:14:00,Credit card,6.0,0.21,76.0,15.96
6425,WALM065,Texas City,Home and lifestyle,48.0,2,06/12/23,16:17:00,Credit card,5.0,0.33,96.0,31.68
6426,WALM082,Weslaco,Fashion accessories,53.0,2,05/11/22,17:48:00,Cash,3.0,0.33,106.0,34.98
6427,WALM099,Weatherford,Home and lifestyle,37.0,1,02/12/21,19:14:00,Credit card,4.0,0.18,37.0,6.66
6428,WALM029,Round Rock,Fashion accessories,70.0,3,21/12/21,17:12:00,Credit card,4.0,0.48,210.0,100.8
6429,WALM056,Rowlett,Home and lifestyle,26.0,1,31/12/22,18:31:00,Credit card,6.0,0.33,26.0,8.58
6430,WALM082,Weslaco,Fashion accessories,31.0,2,13/11/22,19:57:00,Cash,6.0,0.33,62.0,20.46
6431,WALM029,Round Rock,Home and lifestyle,23.0,3,26/11/23,15:07:00,Credit card,6.0,0.48,69.0,33.12
6432,WALM073,Seguin,Fashion accessories,50.0,1,08/12/23,16:04:00,Credit card,4.0,0.33,50.0,16.5
6433,WALM075,San Marcos,Home and lifestyle,29.0,3,01/12/23,15:18:00,Credit card,6.0,0.33,87.0,28.71
6434,WALM032,Tyler,Fashion accessories,51.0,3,13/11/22,18:42:00,Credit card,5.0,0.48,153.0,73.44
6435,WALM025,Waco,Home and lifestyle,44.0,2,19/11/22,15:34:00,Credit card,7.0,0.48,88.0,42.24
6436,WALM056,Rowlett,Fashion accessories,46.0,1,27/12/21,19:06:00,Credit card,6.0,0.33,46.0,15.18
6437,WALM038,Sugar Land,Home and lifestyle,78.0,3,15/12/23,18:16:00,Credit card,7.0,0.48,234.0,112.32
6438,WALM030,Richardson,Fashion accessories,19.0,3,20/12/22,17:25:00,Credit card,5.0,0.48,57.0,27.36
6439,WALM087,Waxahachie,Home and lifestyle,15.0,1,17/11/23,17:28:00,Credit card,5.0,0.33,15.0,4.95
6440,WALM025,Waco,Fashion accessories,24.0,1,11/11/22,17:31:00,Credit card,4.0,0.48,24.0,11.52
6441,WALM009,Plano,Home and lifestyle,75.0,1,05/12/22,17:17:00,Credit card,7.0,0.48,75.0,36.0
6442,WALM003,San Antonio,Fashion accessories,40.0,1,23/12/22,17:38:00,Credit card,5.0,0.48,40.0,19.2
6443,WALM073,Seguin,Home and lifestyle,43.0,2,01/12/22,18:34:00,Credit card,6.0,0.33,86.0,28.38
6444,WALM055,Waxahachie,Fashion accessories,50.0,1,29/11/22,18:33:00,Credit card,6.0,0.33,50.0,16.5
6445,WALM030,Richardson,Home and lifestyle,69.0,3,02/11/22,16:15:00,Credit card,6.0,0.48,207.0,99.36
6446,WALM056,Rowlett,Fashion accessories,38.0,3,01/11/23,17:03:00,Credit card,5.0,0.33,114.0,37.62
6447,WALM058,Port Arthur,Home and lifestyle,45.0,3,15/11/22,15:25:00,Credit card,5.0,0.33,135.0,44.55
6448,WALM074,Weslaco,Fashion accessories,37.0,1,21/12/22,16:36:00,Cash,5.0,0.33,37.0,12.21
6449,WALM050,Victoria,Home and lifestyle,25.0,2,11/12/21,19:12:00,Ewallet,6.0,0.48,50.0,24.0
6450,WALM030,Richardson,Fashion accessories,51.0,3,11/11/23,15:53:00,Credit card,7.0,0.48,153.0,73.44
6451,WALM084,Schertz,Home and lifestyle,21.0,1,11/11/22,19:33:00,Credit card,4.0,0.33,21.0,6.93
6452,WALM025,Waco,Fashion accessories,15.0,2,13/11/21,16:36:00,Credit card,4.0,0.48,30.0,14.4
6453,WALM089,Southlake,Home and lifestyle,38.0,3,13/12/20,19:45:00,Credit card,7.0,0.33,114.0,37.62
6454,WALM099,Weatherford,Fashion accessories,72.0,2,26/11/20,15:16:00,Credit card,3.0,0.18,144.0,25.92
6455,WALM038,Sugar Land,Home and lifestyle,78.0,1,19/11/23,16:21:00,Credit card,4.0,0.48,78.0,37.44
6456,WALM075,San Marcos,Fashion accessories,39.0,2,01/11/22,16:29:00,Credit card,4.0,0.33,78.0,25.74
6457,WALM046,Temple,Home and lifestyle,41.0,1,01/12/21,20:49:00,Credit card,7.0,0.48,41.0,19.68
6458,WALM009,Plano,Fashion accessories,85.0,1,10/11/21,16:23:00,Credit card,6.0,0.48,85.0,40.8
6459,WALM055,Waxahachie,Home and lifestyle,44.0,2,07/12/20,20:39:00,Credit card,6.0,0.33,88.0,29.04
6460,WALM029,Round Rock,Fashion accessories,73.0,3,04/12/22,16:14:00,Credit card,7.0,0.48,219.0,105.12
6461,WALM054,Sherman,Home and lifestyle,83.0,1,22/12/22,18:45:00,Credit card,4.0,0.21,83.0,17.43
6462,WALM054,Sherman,Fashion accessories,37.0,3,20/12/23,19:32:00,Credit card,4.0,0.21,111.0,23.31
6463,WALM003,San Antonio,Home and lifestyle,50.0,3,11/11/22,16:50:00,Credit card,3.0,0.36,150.0,54.0
6464,WALM032,Tyler,Fashion accessories,70.0,3,01/12/23,20:22:00,Credit card,5.0,0.48,210.0,100.8
6465,WALM074,Weslaco,Home and lifestyle,83.0,3,22/12/22,18:04:00,Cash,4.0,0.33,249.0,82.17
6466,WALM035,San Angelo,Fashion accessories,21.0,2,14/12/23,20:10:00,Credit card,7.0,0.48,42.0,20.16
6467,WALM030,Richardson,Home and lifestyle,78.0,3,23/11/21,16:22:00,Credit card,6.0,0.48,234.0,112.32
6468,WALM009,Plano,Fashion accessories,41.0,1,23/12/20,17:18:00,Credit card,7.0,0.48,41.0,19.68
6469,WALM055,Waxahachie,Home and lifestyle,37.0,3,25/11/22,15:42:00,Credit card,4.0,0.33,111.0,36.63
6470,WALM086,Rosenberg,Fashion accessories,76.0,3,04/12/23,18:02:00,Credit card,6.0,0.33,228.0,75.24
6471,WALM069,Rockwall,Home and lifestyle,63.0,1,11/12/23,20:28:00,Credit card,7.0,0.33,63.0,20.79
6472,WALM069,Rockwall,Fashion accessories,46.0,2,26/12/22,19:15:00,Credit card,6.0,0.33,92.0,30.36
6473,WALM089,Southlake,Home and lifestyle,71.0,3,17/11/23,16:36:00,Credit card,7.0,0.33,213.0,70.29
6474,WALM038,Sugar Land,Fashion accessories,80.0,1,12/12/20,15:11:00,Credit card,3.0,0.48,80.0,38.4
6475,WALM074,Weslaco,Home and lifestyle,63.0,3,29/12/21,18:07:00,Cash,3.0,0.33,189.0,62.37
6476,WALM086,Rosenberg,Fashion accessories,37.0,1,17/12/22,19:07:00,Credit card,6.0,0.33,37.0,12.21
6477,WALM050,Victoria,Home and lifestyle,24.0,3,26/12/21,16:48:00,Ewallet,6.0,0.48,72.0,34.56
6478,WALM069,Rockwall,Fashion accessories,79.0,1,20/11/20,19:47:00,Credit card,5.0,0.33,79.0,26.07
6479,WALM099,Weatherford,Home and lifestyle,41.0,3,28/12/22,20:12:00,Credit card,6.0,0.18,123.0,22.14
6480,WALM029,Round Rock,Fashion accessories,84.0,2,03/12/20,16:00:00,Credit card,7.0,0.48,168.0,80.64
6481,WALM058,Port Arthur,Home and lifestyle,59.0,1,07/11/21,20:59:00,Credit card,5.0,0.33,59.0,19.47
6482,WALM009,Plano,Fashion accessories,51.0,2,02/12/20,20:09:00,Credit card,7.0,0.48,102.0,48.96
6483,WALM073,Seguin,Home and lifestyle,80.0,2,10/12/20,19:39:00,Credit card,7.0,0.33,160.0,52.8
6484,WALM074,Weslaco,Fashion accessories,72.0,2,25/11/22,20:38:00,Cash,6.0,0.33,144.0,47.52
6485,WALM065,Texas City,Home and lifestyle,64.0,3,08/11/22,19:49:00,Credit card,5.0,0.33,192.0,63.36
6486,WALM086,Rosenberg,Fashion accessories,43.0,1,09/11/22,15:53:00,Credit card,3.0,0.33,43.0,14.19
6487,WALM084,Schertz,Home and lifestyle,70.0,2,02/11/20,20:20:00,Credit card,4.0,0.33,140.0,46.2
6488,WALM056,Rowlett,Fashion accessories,53.0,3,08/11/23,17:40:00,Credit card,3.0,0.33,159.0,52.47
6489,WALM084,Schertz,Home and lifestyle,52.0,3,27/11/23,19:08:00,Credit card,7.0,0.33,156.0,51.48
6490,WALM056,Rowlett,Fashion accessories,50.0,3,05/12/21,20:07:00,Credit card,3.0,0.33,150.0,49.5
6491,WALM030,Richardson,Home and lifestyle,49.0,3,10/11/20,20:57:00,Credit card,7.0,0.48,147.0,70.56
6492,WALM038,Sugar Land,Fashion accessories,63.0,1,27/11/20,15:48:00,Credit card,4.0,0.48,63.0,30.24
6493,WALM003,San Antonio,Home and lifestyle,74.0,2,25/11/23,16:36:00,Credit card,5.0,0.36,148.0,53.28
6494,WALM086,Rosenberg,Fashion accessories,25.0,1,31/12/23,15:27:00,Credit card,4.0,0.33,25.0,8.25
6495,WALM029,Round Rock,Home and lifestyle,55.0,2,21/11/22,18:58:00,Credit card,6.0,0.48,110.0,52.8
6496,WALM032,Tyler,Fashion accessories,66.0,3,27/11/20,18:01:00,Credit card,7.0,0.48,198.0,95.04
6497,WALM065,Texas City,Home and lifestyle,79.0,3,19/12/21,17:28:00,Credit card,5.0,0.33,237.0,78.21
6498,WALM058,Port Arthur,Fashion accessories,34.0,3,15/11/21,17:59:00,Credit card,7.0,0.33,102.0,33.66
6499,WALM069,Rockwall,Home and lifestyle,61.0,2,20/12/23,20:17:00,Credit card,6.0,0.33,122.0,40.26
6500,WALM074,Weslaco,Fashion accessories,25.0,3,12/12/22,19:37:00,Cash,6.0,0.33,75.0,24.75
6501,WALM030,Richardson,Home and lifestyle,22.0,3,29/12/23,19:00:00,Credit card,5.0,0.48,66.0,31.68
6502,WALM055,Waxahachie,Fashion accessories,71.0,3,21/11/23,15:38:00,Credit card,4.0,0.33,213.0,70.29
6503,WALM075,San Marcos,Home and lifestyle,85.0,3,18/11/20,15:35:00,Credit card,7.0,0.33,255.0,84.15
6504,WALM099,Weatherford,Fashion accessories,43.0,2,16/12/23,16:24:00,Credit card,3.0,0.18,86.0,15.48
6505,WALM074,Weslaco,Home and lifestyle,21.0,3,29/12/23,16:28:00,Cash,3.0,0.33,63.0,20.79
6506,WALM025,Waco,Fashion accessories,39.0,3,05/12/20,17:27:00,Credit card,6.0,0.48,117.0,56.16
6507,WALM073,Seguin,Home and lifestyle,39.0,1,27/11/21,20:17:00,Credit card,7.0,0.33,39.0,12.87
6508,WALM082,Weslaco,Fashion accessories,34.0,1,11/11/23,17:04:00,Cash,4.0,0.33,34.0,11.22
6509,WALM075,San Marcos,Home and lifestyle,69.0,1,31/12/22,15:43:00,Credit card,6.0,0.33,69.0,22.77
6510,WALM050,Victoria,Fashion accessories,77.0,1,30/12/23,18:48:00,Ewallet,3.0,0.48,77.0,36.96
6511,WALM099,Weatherford,Home and lifestyle,16.0,2,20/12/20,18:17:00,Credit card,4.0,0.18,32.0,5.76
6512,WALM073,Seguin,Fashion accessories,81.0,3,07/12/20,15:24:00,Credit card,4.0,0.33,243.0,80.19
6513,WALM058,Port Arthur,Home and lifestyle,65.0,2,18/11/21,18:51:00,Credit card,6.0,0.33,130.0,42.9
6514,WALM084,Schertz,Fashion accessories,85.0,3,03/11/22,19:49:00,Credit card,5.0,0.33,255.0,84.15
6515,WALM035,San Angelo,Home and lifestyle,55.0,3,02/12/22,15:23:00,Credit card,6.0,0.48,165.0,79.2
6516,WALM054,Sherman,Fashion accessories,60.0,2,26/11/20,19:20:00,Credit card,3.0,0.21,120.0,25.2
6517,WALM082,Weslaco,Home and lifestyle,40.0,2,05/12/22,18:58:00,Cash,5.0,0.33,80.0,26.4
6518,WALM087,Waxahachie,Fashion accessories,44.0,1,14/11/20,19:10:00,Credit card,3.0,0.33,44.0,14.52
6519,WALM032,Tyler,Home and lifestyle,80.0,1,01/12/23,18:06:00,Credit card,4.0,0.48,80.0,38.4
6520,WALM082,Weslaco,Fashion accessories,39.0,3,02/12/20,16:04:00,Cash,7.0,0.33,117.0,38.61
6521,WALM084,Schertz,Home and lifestyle,44.0,1,04/11/22,18:12:00,Credit card,3.0,0.33,44.0,14.52
6522,WALM074,Weslaco,Fashion accessories,74.0,3,19/12/23,19:16:00,Cash,6.0,0.33,222.0,73.26
6523,WALM050,Victoria,Home and lifestyle,16.0,2,07/12/20,18:21:00,Ewallet,7.0,0.48,32.0,15.36
6524,WALM003,San Antonio,Fashion accessories,34.0,3,01/11/23,17:46:00,Credit card,5.0,0.48,102.0,48.96
6525,WALM050,Victoria,Home and lifestyle,79.0,2,10/12/23,18:36:00,Ewallet,7.0,0.48,158.0,75.84
6526,WALM082,Weslaco,Fashion accessories,64.0,1,02/11/22,19:05:00,Cash,7.0,0.33,64.0,21.12
6527,WALM065,Texas City,Home and lifestyle,70.0,3,26/11/20,19:51:00,Credit card,5.0,0.33,210.0,69.3
6528,WALM073,Seguin,Fashion accessories,19.0,2,26/12/21,16:39:00,Credit card,6.0,0.33,38.0,12.54
6529,WALM029,Round Rock,Home and lifestyle,70.0,2,06/11/23,15:13:00,Credit card,4.0,0.48,140.0,67.2
6530,WALM054,Sherman,Fashion accessories,58.0,3,27/11/21,16:33:00,Credit card,4.0,0.21,174.0,36.54
6531,WALM074,Weslaco,Home and lifestyle,63.0,1,26/12/21,16:54:00,Cash,5.0,0.33,63.0,20.79
6532,WALM069,Rockwall,Fashion accessories,25.0,3,09/11/22,19:12:00,Credit card,4.0,0.33,75.0,24.75
6533,WALM087,Waxahachie,Home and lifestyle,49.0,3,12/12/20,17:19:00,Credit card,7.0,0.33,147.0,48.51
6534,WALM046,Temple,Fashion accessories,36.0,1,02/12/20,15:31:00,Credit card,6.0,0.48,36.0,17.28
6535,WALM055,Waxahachie,Home and lifestyle,40.0,1,28/12/22,18:41:00,Credit card,5.0,0.33,40.0,13.2
6536,WALM029,Round Rock,Fashion accessories,15.0,3,26/11/20,19:30:00,Credit card,7.0,0.48,45.0,21.6
6537,WALM050,Victoria,Home and lifestyle,83.0,3,31/12/21,15:20:00,Ewallet,5.0,0.48,249.0,119.52
6538,WALM084,Schertz,Fashion accessories,82.0,2,11/12/21,20:53:00,Credit card,5.0,0.33,164.0,54.12
6539,WALM058,Port Arthur,Home and lifestyle,19.0,2,27/11/21,15:16:00,Credit card,7.0,0.33,38.0,12.54
6540,WALM035,San Angelo,Fashion accessories,40.0,1,01/11/21,16:48:00,Credit card,5.0,0.48,40.0,19.2
6541,WALM025,Waco,Home and lifestyle,66.0,3,27/11/23,19:15:00,Credit card,6.0,0.48,198.0,95.04
6542,WALM069,Rockwall,Fashion accessories,51.0,2,20/12/20,15:52:00,Credit card,5.0,0.33,102.0,33.66
6543,WALM074,Weslaco,Home and lifestyle,76.0,2,19/11/23,19:27:00,Cash,5.0,0.33,152.0,50.16
6544,WALM030,Richardson,Fashion accessories,37.0,1,19/11/21,19:32:00,Credit card,7.0,0.48,37.0,17.76
6545,WALM009,Plano,Home and lifestyle,38.0,3,15/12/23,18:42:00,Credit card,4.0,0.48,114.0,54.72
6546,WALM074,Weslaco,Fashion accessories,30.0,2,18/11/22,17:59:00,Cash,4.0,0.33,60.0,19.8
6547,WALM032,Tyler,Home and lifestyle,65.0,3,29/11/20,17:02:00,Credit card,4.0,0.48,195.0,93.6
6548,WALM056,Rowlett,Fashion accessories,37.0,3,04/12/21,17:19:00,Credit card,3.0,0.33,111.0,36.63
6549,WALM025,Waco,Home and lifestyle,64.0,1,05/11/21,16:47:00,Credit card,7.0,0.48,64.0,30.72
6550,WALM038,Sugar Land,Fashion accessories,83.0,3,15/12/23,20:13:00,Credit card,3.0,0.48,249.0,119.52
6551,WALM035,San Angelo,Home and lifestyle,28.0,1,11/11/21,15:17:00,Credit card,6.0,0.48,28.0,13.44
6552,WALM056,Rowlett,Fashion accessories,81.0,1,03/11/20,15:26:00,Credit card,7.0,0.33,81.0,26.73
6553,WALM086,Rosenberg,Home and lifestyle,16.0,3,13/12/21,17:03:00,Credit card,3.0,0.33,48.0,15.84
6554,WALM050,Victoria,Fashion accessories,72.0,2,06/12/22,20:14:00,Ewallet,6.0,0.48,144.0,69.12
6555,WALM038,Sugar Land,Home and lifestyle,23.0,3,06/12/23,18:55:00,Credit card,6.0,0.48,69.0,33.12
6556,WALM003,San Antonio,Fashion accessories,39.0,1,21/12/22,17:15:00,Credit card,3.0,0.48,39.0,18.72
6557,WALM074,Weslaco,Home and lifestyle,66.0,3,24/11/23,16:46:00,Cash,7.0,0.33,198.0,65.34
6558,WALM035,San Angelo,Fashion accessories,71.0,1,24/12/20,17:28:00,Credit card,3.0,0.48,71.0,34.08
6559,WALM032,Tyler,Home and lifestyle,72.0,3,19/12/21,17:18:00,Credit card,3.0,0.48,216.0,103.68
6560,WALM065,Texas City,Fashion accessories,16.0,1,23/12/21,16:32:00,Credit card,7.0,0.33,16.0,5.28
6561,WALM087,Waxahachie,Home and lifestyle,41.0,3,19/11/23,17:54:00,Credit card,5.0,0.33,123.0,40.59
6562,WALM075,San Marcos,Fashion accessories,20.0,2,07/12/20,20:52:00,Credit card,3.0,0.33,40.0,13.2
6563,WALM032,Tyler,Home and lifestyle,45.0,2,02/11/23,20:10:00,Credit card,4.0,0.48,90.0,43.2
6564,WALM084,Schertz,Fashion accessories,55.0,3,19/12/22,16:09:00,Credit card,6.0,0.33,165.0,54.45
6565,WALM086,Rosenberg,Home and lifestyle,23.0,3,01/11/20,20:48:00,Credit card,4.0,0.33,69.0,22.77
6566,WALM055,Waxahachie,Fashion accessories,67.0,3,01/12/23,20:02:00,Credit card,3.0,0.33,201.0,66.33
6567,WALM055,Waxahachie,Home and lifestyle,61.0,3,08/11/23,17:19:00,Credit card,5.0,0.33,183.0,60.39
6568,WALM032,Tyler,Fashion accessories,24.0,2,25/12/21,16:52:00,Credit card,4.0,0.48,48.0,23.04
6569,WALM032,Tyler,Home and lifestyle,58.0,1,09/12/20,18:48:00,Credit card,5.0,0.48,58.0,27.84
6570,WALM038,Sugar Land,Fashion accessories,84.0,3,28/11/22,19:03:00,Credit card,7.0,0.48,252.0,120.96
6571,WALM025,Waco,Home and lifestyle,82.0,1,08/11/20,17:10:00,Credit card,4.0,0.48,82.0,39.36
6572,WALM029,Round Rock,Fashion accessories,56.0,1,03/12/20,16:18:00,Credit card,6.0,0.48,56.0,26.88
6573,WALM058,Port Arthur,Home and lifestyle,20.0,1,14/11/22,20:56:00,Credit card,3.0,0.33,20.0,6.6
6574,WALM038,Sugar Land,Fashion accessories,22.0,2,13/12/23,16:11:00,Credit card,6.0,0.48,44.0,21.12
6575,WALM086,Rosenberg,Home and lifestyle,65.0,3,16/12/21,19:55:00,Credit card,3.0,0.33,195.0,64.35
6576,WALM086,Rosenberg,Fashion accessories,35.0,1,29/11/20,20:21:00,Credit card,6.0,0.33,35.0,11.55
6577,WALM046,Temple,Home and lifestyle,25.0,2,02/12/23,15:52:00,Credit card,7.0,0.48,50.0,24.0
6578,WALM054,Sherman,Fashion accessories,35.0,1,03/11/22,15:13:00,Credit card,6.0,0.21,35.0,7.35
6579,WALM055,Waxahachie,Home and lifestyle,45.0,3,09/11/20,15:26:00,Credit card,6.0,0.33,135.0,44.55
6580,WALM084,Schertz,Fashion accessories,53.0,2,01/12/21,15:13:00,Credit card,7.0,0.33,106.0,34.98
6581,WALM050,Victoria,Home and lifestyle,57.0,1,25/11/21,17:35:00,Ewallet,5.0,0.48,57.0,27.36
6582,WALM009,Plano,Fashion accessories,72.0,2,25/12/23,20:51:00,Credit card,6.0,0.48,144.0,69.12
6583,WALM099,Weatherford,Home and lifestyle,85.0,3,29/11/22,17:01:00,Credit card,4.0,0.18,255.0,45.9
6584,WALM054,Sherman,Fashion accessories,29.0,3,19/11/21,20:30:00,Credit card,5.0,0.21,87.0,18.27
6585,WALM009,Plano,Home and lifestyle,80.0,2,27/12/21,17:02:00,Credit card,6.0,0.48,160.0,76.8
6586,WALM032,Tyler,Fashion accessories,33.0,2,29/12/21,20:18:00,Credit card,6.0,0.48,66.0,31.68
6587,WALM089,Southlake,Home and lifestyle,62.0,3,26/11/22,17:42:00,Credit card,3.0,0.33,186.0,61.38
6588,WALM099,Weatherford,Fashion accessories,36.0,1,29/11/22,15:34:00,Credit card,4.0,0.18,36.0,6.48
6589,WALM069,Rockwall,Home and lifestyle,29.0,3,02/12/21,19:48:00,Credit card,4.0,0.33,87.0,28.71
6590,WALM003,San Antonio,Fashion accessories,74.0,2,09/12/21,17:21:00,Credit card,4.0,0.48,148.0,71.04
6591,WALM032,Tyler,Home and lifestyle,27.0,1,12/12/22,15:11:00,Credit card,6.0,0.48,27.0,12.96
6592,WALM050,Victoria,Fashion accessories,22.0,2,09/11/23,20:30:00,Ewallet,5.0,0.48,44.0,21.12
6593,WALM069,Rockwall,Home and lifestyle,43.0,2,24/12/22,16:22:00,Credit card,6.0,0.33,86.0,28.38
6594,WALM087,Waxahachie,Fashion accessories,53.0,1,04/11/23,20:03:00,Credit card,4.0,0.33,53.0,17.49
6595,WALM056,Rowlett,Home and lifestyle,67.0,2,09/12/23,19:06:00,Credit card,3.0,0.33,134.0,44.22
6596,WALM082,Weslaco,Fashion accessories,52.0,1,19/11/22,16:03:00,Cash,4.0,0.33,52.0,17.16
6597,WALM075,San Marcos,Home and lifestyle,79.0,2,20/12/21,19:44:00,Credit card,6.0,0.33,158.0,52.14
6598,WALM056,Rowlett,Fashion accessories,50.0,2,23/11/21,20:38:00,Credit card,3.0,0.33,100.0,33.0
6599,WALM035,San Angelo,Home and lifestyle,77.0,3,04/11/23,20:02:00,Credit card,7.0,0.48,231.0,110.88
6600,WALM025,Waco,Fashion accessories,20.0,1,18/11/22,18:07:00,Credit card,7.0,0.48,20.0,9.6
6601,WALM030,Richardson,Home and lifestyle,68.0,1,14/12/23,18:30:00,Credit card,6.0,0.48,68.0,32.64
6602,WALM035,San Angelo,Fashion accessories,57.0,3,11/12/20,16:32:00,Credit card,5.0,0.48,171.0,82.08
6603,WALM046,Temple,Home and lifestyle,41.0,2,09/11/22,19:32:00,Credit card,5.0,0.48,82.0,39.36
6604,WALM089,Southlake,Fashion accessories,53.0,2,01/11/23,15:27:00,Credit card,5.0,0.33,106.0,34.98
6605,WALM075,San Marcos,Home and lifestyle,50.0,1,01/11/21,16:52:00,Credit card,4.0,0.33,50.0,16.5
6606,WALM029,Round Rock,Fashion accessories,37.0,2,03/11/23,20:39:00,Credit card,4.0,0.48,74.0,35.52
6607,WALM058,Port Arthur,Home and lifestyle,41.0,3,16/11/20,16:51:00,Credit card,4.0,0.33,123.0,40.59
6608,WALM069,Rockwall,Fashion accessories,50.0,2,11/11/22,18:41:00,Credit card,6.0,0.33,100.0,33.0
6609,WALM054,Sherman,Home and lifestyle,84.0,2,02/11/23,20:56:00,Credit card,4.0,0.21,168.0,35.28
6610,WALM038,Sugar Land,Fashion accessories,80.0,1,13/11/21,20:27:00,Credit card,7.0,0.48,80.0,38.4
6611,WALM056,Rowlett,Home and lifestyle,71.0,3,17/12/22,18:08:00,Credit card,6.0,0.33,213.0,70.29
6612,WALM038,Sugar Land,Fashion accessories,82.0,1,15/12/22,15:29:00,Credit card,3.0,0.48,82.0,39.36
6613,WALM069,Rockwall,Home and lifestyle,72.0,2,03/11/20,19:49:00,Credit card,4.0,0.33,144.0,47.52
6614,WALM038,Sugar Land,Fashion accessories,59.0,3,09/11/23,16:47:00,Credit card,4.0,0.48,177.0,84.96
6615,WALM038,Sugar Land,Home and lifestyle,55.0,3,23/11/21,19:44:00,Credit card,7.0,0.48,165.0,79.2
6616,WALM035,San Angelo,Fashion accessories,54.0,3,11/12/20,20:05:00,Credit card,4.0,0.48,162.0,77.76
6617,WALM035,San Angelo,Home and lifestyle,67.0,2,23/12/23,19:56:00,Credit card,3.0,0.48,134.0,64.32
6618,WALM099,Weatherford,Fashion accessories,16.0,1,20/12/20,17:20:00,Credit card,3.0,0.18,16.0,2.88
6619,WALM099,Weatherford,Home and lifestyle,59.0,2,09/12/20,16:32:00,Credit card,3.0,0.18,118.0,21.24
6620,WALM046,Temple,Fashion accessories,55.0,2,24/11/21,18:38:00,Credit card,4.0,0.48,110.0,52.8
6621,WALM054,Sherman,Home and lifestyle,41.0,3,25/11/23,17:18:00,Credit card,7.0,0.21,123.0,25.83
6622,WALM065,Texas City,Fashion accessories,82.0,2,10/11/23,16:11:00,Credit card,4.0,0.33,164.0,54.12
6623,WALM075,San Marcos,Home and lifestyle,58.0,1,20/11/22,15:13:00,Credit card,4.0,0.33,58.0,19.14
6624,WALM009,Plano,Fashion accessories,49.0,3,17/11/20,16:55:00,Credit card,7.0,0.48,147.0,70.56
6625,WALM055,Waxahachie,Home and lifestyle,44.0,1,08/11/20,20:26:00,Credit card,4.0,0.33,44.0,14.52
6626,WALM055,Waxahachie,Fashion accessories,57.0,2,28/11/22,15:45:00,Credit card,6.0,0.33,114.0,37.62
6627,WALM050,Victoria,Home and lifestyle,75.0,3,03/11/23,15:40:00,Ewallet,3.0,0.48,225.0,108.0
6628,WALM025,Waco,Fashion accessories,45.0,3,29/11/23,15:57:00,Credit card,6.0,0.48,135.0,64.8
6629,WALM075,San Marcos,Home and lifestyle,57.0,3,07/12/21,16:32:00,Credit card,3.0,0.33,171.0,56.43
6630,WALM009,Plano,Fashion accessories,47.0,1,21/12/22,18:00:00,Credit card,6.0,0.48,47.0,22.56
6631,WALM032,Tyler,Home and lifestyle,25.0,2,16/11/20,16:24:00,Credit card,5.0,0.48,50.0,24.0
6632,WALM073,Seguin,Fashion accessories,81.0,3,21/12/20,16:13:00,Credit card,6.0,0.33,243.0,80.19
6633,WALM009,Plano,Home and lifestyle,68.0,2,14/11/21,15:33:00,Credit card,6.0,0.48,136.0,65.28
6634,WALM086,Rosenberg,Fashion accessories,35.0,3,31/12/20,19:58:00,Credit card,7.0,0.33,105.0,34.65
6635,WALM089,Southlake,Home and lifestyle,78.0,1,05/12/21,19:01:00,Credit card,4.0,0.33,78.0,25.74
6636,WALM075,San Marcos,Fashion accessories,83.0,2,22/11/20,18:25:00,Credit card,6.0,0.33,166.0,54.78
6637,WALM032,Tyler,Home and lifestyle,29.0,3,27/12/21,17:21:00,Credit card,5.0,0.48,87.0,41.76
6638,WALM009,Plano,Fashion accessories,80.0,2,17/11/23,19:33:00,Credit card,4.0,0.48,160.0,76.8
6639,WALM075,San Marcos,Home and lifestyle,37.0,2,24/12/21,18:11:00,Credit card,6.0,0.33,74.0,24.42
6640,WALM087,Waxahachie,Fashion accessories,68.0,1,23/12/22,19:06:00,Credit card,5.0,0.33,68.0,22.44
6641,WALM084,Schertz,Home and lifestyle,30.0,3,08/12/23,16:41:00,Credit card,3.0,0.33,90.0,29.7
6642,WALM069,Rockwall,Fashion accessories,64.0,3,05/11/20,18:44:00,Credit card,6.0,0.33,192.0,63.36
6643,WALM058,Port Arthur,Home and lifestyle,24.0,2,25/12/22,17:01:00,Credit card,6.0,0.33,48.0,15.84
6644,WALM073,Seguin,Fashion accessories,62.0,1,11/12/20,17:06:00,Credit card,4.0,0.33,62.0,20.46
6645,WALM058,Port Arthur,Home and lifestyle,80.0,1,02/11/20,18:44:00,Credit card,5.0,0.33,80.0,26.4
6646,WALM030,Richardson,Fashion accessories,58.0,3,02/12/21,16:14:00,Credit card,6.0,0.48,174.0,83.52
6647,WALM082,Weslaco,Home and lifestyle,60.0,3,10/12/22,18:37:00,Cash,6.0,0.33,180.0,59.4
6648,WALM025,Waco,Fashion accessories,83.0,1,18/11/21,16:55:00,Credit card,6.0,0.48,83.0,39.84
6649,WALM054,Sherman,Home and lifestyle,19.0,2,01/11/20,15:28:00,Credit card,6.0,0.21,38.0,7.98
6650,WALM046,Temple,Fashion accessories,67.0,1,07/11/22,16:59:00,Credit card,3.0,0.48,67.0,32.16
6651,WALM038,Sugar Land,Home and lifestyle,70.0,3,14/12/22,15:11:00,Credit card,7.0,0.48,210.0,100.8
6652,WALM073,Seguin,Fashion accessories,48.0,3,25/12/20,15:37:00,Credit card,6.0,0.33,144.0,47.52
6653,WALM055,Waxahachie,Home and lifestyle,78.0,1,08/11/20,18:54:00,Credit card,4.0,0.33,78.0,25.74
6654,WALM086,Rosenberg,Fashion accessories,15.0,2,04/11/22,16:18:00,Credit card,5.0,0.33,30.0,9.9
6655,WALM075,San Marcos,Home and lifestyle,79.0,1,26/12/23,15:38:00,Credit card,3.0,0.33,79.0,26.07
6656,WALM030,Richardson,Fashion accessories,61.0,2,06/11/20,15:08:00,Credit card,3.0,0.48,122.0,58.56
6657,WALM054,Sherman,Home and lifestyle,44.0,1,01/12/22,18:12:00,Credit card,5.0,0.21,44.0,9.24
6658,WALM058,Port Arthur,Fashion accessories,80.0,2,29/11/20,15:32:00,Credit card,3.0,0.33,160.0,52.8
6659,WALM046,Temple,Home and lifestyle,20.0,1,24/11/23,18:39:00,Credit card,6.0,0.48,20.0,9.6
6660,WALM075,San Marcos,Fashion accessories,68.0,2,07/12/20,18:42:00,Credit card,7.0,0.33,136.0,44.88
6661,WALM054,Sherman,Home and lifestyle,32.0,1,04/11/22,18:19:00,Credit card,7.0,0.21,32.0,6.72
6662,WALM056,Rowlett,Fashion accessories,35.0,3,23/11/23,17:47:00,Credit card,4.0,0.33,105.0,34.65
6663,WALM035,San Angelo,Home and lifestyle,38.0,2,13/11/20,18:49:00,Credit card,4.0,0.48,76.0,36.48
6664,WALM050,Victoria,Fashion accessories,72.0,1,10/12/23,17:57:00,Ewallet,3.0,0.48,72.0,34.56
6665,WALM003,San Antonio,Home and lifestyle,25.0,2,22/12/20,19:48:00,Credit card,3.0,0.36,50.0,18.0
6666,WALM069,Rockwall,Fashion accessories,27.0,1,06/11/21,20:37:00,Credit card,7.0,0.33,27.0,8.91
6667,WALM009,Plano,Home and lifestyle,66.0,3,18/12/21,15:41:00,Credit card,4.0,0.48,198.0,95.04
6668,WALM003,San Antonio,Fashion accessories,17.0,3,24/12/23,18:25:00,Credit card,5.0,0.48,51.0,24.48
6669,WALM074,Weslaco,Home and lifestyle,85.0,1,21/12/22,16:46:00,Credit card,7.0,0.33,85.0,28.05
6670,WALM058,Port Arthur,Fashion accessories,53.0,2,23/11/20,18:32:00,Credit card,4.0,0.33,106.0,34.98
6671,WALM089,Southlake,Home and lifestyle,24.0,1,20/12/22,15:07:00,Credit card,7.0,0.33,24.0,7.92
6672,WALM038,Sugar Land,Fashion accessories,78.0,2,20/12/23,20:12:00,Credit card,7.0,0.48,156.0,74.88
6673,WALM086,Rosenberg,Home and lifestyle,27.0,2,05/12/21,20:17:00,Credit card,5.0,0.33,54.0,17.82
6674,WALM089,Southlake,Fashion accessories,66.0,3,01/12/21,17:00:00,Credit card,5.0,0.33,198.0,65.34
6675,WALM084,Schertz,Home and lifestyle,56.0,2,02/12/23,17:07:00,Credit card,5.0,0.33,112.0,36.96
6676,WALM054,Sherman,Fashion accessories,17.0,3,17/11/21,19:08:00,Credit card,6.0,0.21,51.0,10.71
6677,WALM030,Richardson,Home and lifestyle,76.0,1,16/11/20,19:42:00,Credit card,3.0,0.48,76.0,36.48
6678,WALM069,Rockwall,Fashion accessories,22.0,3,27/12/21,19:57:00,Credit card,5.0,0.33,66.0,21.78
6679,WALM056,Rowlett,Home and lifestyle,74.0,3,11/12/23,15:37:00,Credit card,3.0,0.33,222.0,73.26
6680,WALM084,Schertz,Fashion accessories,61.0,3,22/12/22,18:18:00,Credit card,3.0,0.33,183.0,60.39
6681,WALM055,Waxahachie,Home and lifestyle,81.0,2,15/12/20,16:27:00,Credit card,7.0,0.33,162.0,53.46
6682,WALM058,Port Arthur,Fashion accessories,73.0,1,25/12/20,19:46:00,Credit card,5.0,0.33,73.0,24.09
6683,WALM030,Richardson,Home and lifestyle,34.0,2,30/12/20,16:41:00,Credit card,7.0,0.48,68.0,32.64
6684,WALM089,Southlake,Fashion accessories,23.0,3,03/12/21,17:03:00,Credit card,6.0,0.33,69.0,22.77
6685,WALM046,Temple,Home and lifestyle,66.0,3,12/12/20,17:31:00,Credit card,3.0,0.48,198.0,95.04
6686,WALM065,Texas City,Fashion accessories,64.0,3,04/11/23,20:01:00,Credit card,3.0,0.33,192.0,63.36
6687,WALM058,Port Arthur,Home and lifestyle,85.0,1,27/12/22,16:39:00,Credit card,5.0,0.33,85.0,28.05
6688,WALM087,Waxahachie,Fashion accessories,19.0,1,01/12/23,19:44:00,Credit card,4.0,0.33,19.0,6.27
6689,WALM029,Round Rock,Home and lifestyle,38.0,2,12/12/23,18:51:00,Credit card,6.0,0.48,76.0,36.48
6690,WALM069,Rockwall,Fashion accessories,17.0,3,27/12/21,20:34:00,Credit card,6.0,0.33,51.0,16.83
6691,WALM069,Rockwall,Home and lifestyle,32.0,3,30/11/21,15:58:00,Credit card,5.0,0.33,96.0,31.68
6692,WALM003,San Antonio,Fashion accessories,56.0,3,01/12/20,17:40:00,Credit card,5.0,0.48,168.0,80.64
6693,WALM038,Sugar Land,Home and lifestyle,21.0,2,28/12/21,19:42:00,Credit card,4.0,0.48,42.0,20.16
6694,WALM055,Waxahachie,Fashion accessories,48.0,3,29/11/21,16:15:00,Credit card,4.0,0.33,144.0,47.52
6695,WALM046,Temple,Home and lifestyle,66.0,2,23/11/23,20:28:00,Credit card,4.0,0.48,132.0,63.36
6696,WALM030,Richardson,Fashion accessories,38.0,3,30/12/20,17:05:00,Credit card,3.0,0.48,114.0,54.72
6697,WALM056,Rowlett,Home and lifestyle,66.0,2,01/12/23,17:56:00,Credit card,4.0,0.33,132.0,43.56
6698,WALM038,Sugar Land,Fashion accessories,26.0,1,13/12/21,19:28:00,Credit card,5.0,0.48,26.0,12.48
6699,WALM029,Round Rock,Home and lifestyle,66.0,2,05/11/23,20:56:00,Credit card,7.0,0.48,132.0,63.36
6700,WALM030,Richardson,Fashion accessories,71.0,3,09/12/21,15:15:00,Credit card,6.0,0.48,213.0,102.24
6701,WALM030,Richardson,Home and lifestyle,66.0,1,08/11/22,20:43:00,Credit card,6.0,0.48,66.0,31.68
6702,WALM030,Richardson,Fashion accessories,70.0,2,13/12/20,20:04:00,Credit card,5.0,0.48,140.0,67.2
6703,WALM035,San Angelo,Home and lifestyle,32.0,1,03/12/22,20:25:00,Credit card,3.0,0.48,32.0,15.36
6704,WALM056,Rowlett,Fashion accessories,19.0,2,19/12/20,16:50:00,Credit card,5.0,0.33,38.0,12.54
6705,WALM055,Waxahachie,Home and lifestyle,32.0,2,05/11/21,20:33:00,Credit card,4.0,0.33,64.0,21.12
6706,WALM054,Sherman,Fashion accessories,72.0,3,19/11/21,18:23:00,Credit card,5.0,0.21,216.0,45.36
6707,WALM084,Schertz,Home and lifestyle,58.0,3,30/11/21,18:49:00,Credit card,3.0,0.33,174.0,57.42
6708,WALM030,Richardson,Fashion accessories,39.0,2,11/12/22,15:06:00,Credit card,4.0,0.48,78.0,37.44
6709,WALM069,Rockwall,Home and lifestyle,38.0,3,21/12/21,20:21:00,Credit card,6.0,0.33,114.0,37.62
6710,WALM025,Waco,Fashion accessories,21.0,3,21/11/22,15:14:00,Credit card,7.0,0.48,63.0,30.24
6711,WALM032,Tyler,Home and lifestyle,63.0,3,30/11/20,18:49:00,Credit card,6.0,0.48,189.0,90.72
6712,WALM099,Weatherford,Fashion accessories,62.0,1,11/11/22,17:51:00,Credit card,5.0,0.18,62.0,11.16
6713,WALM073,Seguin,Home and lifestyle,33.0,2,29/12/21,17:41:00,Credit card,7.0,0.33,66.0,21.78
6714,WALM038,Sugar Land,Fashion accessories,44.0,2,17/11/21,19:51:00,Credit card,5.0,0.48,88.0,42.24
6715,WALM046,Temple,Home and lifestyle,54.0,3,06/11/23,16:28:00,Credit card,3.0,0.48,162.0,77.76
6716,WALM055,Waxahachie,Fashion accessories,75.0,2,06/12/22,15:50:00,Credit card,6.0,0.33,150.0,49.5
6717,WALM050,Victoria,Home and lifestyle,37.0,2,27/11/22,20:58:00,Ewallet,4.0,0.48,74.0,35.52
6718,WALM046,Temple,Fashion accessories,73.0,1,31/12/23,15:16:00,Credit card,6.0,0.48,73.0,35.04
6719,WALM030,Richardson,Home and lifestyle,67.0,1,04/12/23,19:18:00,Credit card,3.0,0.48,67.0,32.16
6720,WALM065,Texas City,Fashion accessories,41.0,1,14/11/20,16:31:00,Credit card,4.0,0.33,41.0,13.53
6721,WALM032,Tyler,Home and lifestyle,35.0,1,07/11/21,19:31:00,Credit card,3.0,0.48,35.0,16.8
6722,WALM050,Victoria,Fashion accessories,35.0,1,30/11/22,20:15:00,Ewallet,5.0,0.48,35.0,16.8
6723,WALM084,Schertz,Home and lifestyle,63.0,1,19/12/21,19:15:00,Credit card,5.0,0.33,63.0,20.79
6724,WALM054,Sherman,Fashion accessories,35.0,3,16/12/23,19:56:00,Credit card,4.0,0.21,105.0,22.05
6725,WALM075,San Marcos,Home and lifestyle,80.0,2,10/11/21,17:30:00,Credit card,3.0,0.33,160.0,52.8
6726,WALM058,Port Arthur,Fashion accessories,71.0,3,17/11/22,16:28:00,Credit card,7.0,0.33,213.0,70.29
6727,WALM089,Southlake,Home and lifestyle,66.0,2,29/12/20,19:04:00,Credit card,6.0,0.33,132.0,43.56
6728,WALM073,Seguin,Fashion accessories,72.0,3,28/11/23,15:49:00,Credit card,7.0,0.33,216.0,71.28
6729,WALM065,Texas City,Home and lifestyle,49.0,1,16/11/20,20:07:00,Credit card,7.0,0.33,49.0,16.17
6730,WALM029,Round Rock,Fashion accessories,15.0,3,09/11/20,15:30:00,Credit card,7.0,0.48,45.0,21.6
6731,WALM074,Weslaco,Home and lifestyle,78.0,2,20/11/23,20:00:00,Credit card,3.0,0.33,156.0,51.48
6732,WALM075,San Marcos,Fashion accessories,81.0,1,06/11/22,20:23:00,Credit card,7.0,0.33,81.0,26.73
6733,WALM073,Seguin,Home and lifestyle,30.0,3,17/11/23,17:03:00,Credit card,7.0,0.33,90.0,29.7
6734,WALM073,Seguin,Fashion accessories,71.0,2,31/12/20,15:47:00,Credit card,5.0,0.33,142.0,46.86
6735,WALM074,Weslaco,Home and lifestyle,84.0,1,15/11/20,20:45:00,Credit card,6.0,0.33,84.0,27.72
6736,WALM055,Waxahachie,Fashion accessories,80.0,1,07/12/20,18:56:00,Credit card,6.0,0.33,80.0,26.4
6737,WALM029,Round Rock,Home and lifestyle,66.0,3,22/12/20,16:15:00,Credit card,3.0,0.48,198.0,95.04
6738,WALM058,Port Arthur,Fashion accessories,59.0,1,09/12/23,17:54:00,Credit card,4.0,0.33,59.0,19.47
6739,WALM073,Seguin,Home and lifestyle,65.0,1,11/11/23,15:59:00,Credit card,4.0,0.33,65.0,21.45
6740,WALM069,Rockwall,Fashion accessories,35.0,3,27/11/20,16:11:00,Credit card,4.0,0.33,105.0,34.65
6741,WALM082,Weslaco,Home and lifestyle,66.0,3,27/12/20,17:30:00,Credit card,3.0,0.33,198.0,65.34
6742,WALM025,Waco,Fashion accessories,52.0,2,15/12/23,19:41:00,Credit card,3.0,0.48,104.0,49.92
6743,WALM069,Rockwall,Home and lifestyle,57.0,2,14/11/20,15:06:00,Credit card,4.0,0.33,114.0,37.62
6744,WALM055,Waxahachie,Fashion accessories,63.0,1,13/11/22,20:07:00,Credit card,7.0,0.33,63.0,20.79
6745,WALM099,Weatherford,Home and lifestyle,51.0,3,27/11/21,16:16:00,Credit card,3.0,0.18,153.0,27.54
6746,WALM074,Weslaco,Fashion accessories,15.0,1,25/12/23,19:27:00,Credit card,7.0,0.33,15.0,4.95
6747,WALM050,Victoria,Home and lifestyle,45.0,3,11/12/21,18:20:00,Ewallet,4.0,0.48,135.0,64.8
6748,WALM084,Schertz,Fashion accessories,43.0,1,28/12/23,17:23:00,Credit card,3.0,0.33,43.0,14.19
6749,WALM099,Weatherford,Home and lifestyle,22.0,3,02/12/21,15:12:00,Credit card,4.0,0.18,66.0,11.88
6750,WALM082,Weslaco,Fashion accessories,83.0,2,31/12/21,16:52:00,Credit card,4.0,0.33,166.0,54.78
6751,WALM086,Rosenberg,Home and lifestyle,44.0,2,20/12/22,18:56:00,Credit card,4.0,0.33,88.0,29.04
6752,WALM055,Waxahachie,Fashion accessories,25.0,1,11/11/20,15:21:00,Credit card,6.0,0.33,25.0,8.25
6753,WALM099,Weatherford,Home and lifestyle,82.0,3,30/12/20,15:21:00,Credit card,4.0,0.18,246.0,44.28
6754,WALM058,Port Arthur,Fashion accessories,78.0,1,10/11/21,18:57:00,Credit card,6.0,0.33,78.0,25.74
6755,WALM035,San Angelo,Home and lifestyle,53.0,3,16/12/23,16:06:00,Credit card,7.0,0.48,159.0,76.32
6756,WALM030,Richardson,Fashion accessories,76.0,1,04/12/23,19:02:00,Credit card,4.0,0.48,76.0,36.48
6757,WALM074,Weslaco,Home and lifestyle,65.0,1,08/12/21,20:27:00,Credit card,5.0,0.33,65.0,21.45
6758,WALM035,San Angelo,Fashion accessories,36.0,1,21/11/21,17:03:00,Credit card,6.0,0.48,36.0,17.28
6759,WALM009,Plano,Home and lifestyle,80.0,3,14/11/22,15:32:00,Credit card,4.0,0.48,240.0,115.2
6760,WALM054,Sherman,Fashion accessories,32.0,3,19/12/20,15:54:00,Credit card,3.0,0.21,96.0,20.16
6761,WALM073,Seguin,Home and lifestyle,73.0,2,09/12/22,19:26:00,Credit card,7.0,0.33,146.0,48.18
6762,WALM069,Rockwall,Fashion accessories,58.0,3,21/11/20,20:51:00,Credit card,6.0,0.33,174.0,57.42
6763,WALM084,Schertz,Home and lifestyle,51.0,1,16/11/22,17:44:00,Credit card,3.0,0.33,51.0,16.83
6764,WALM055,Waxahachie,Fashion accessories,20.0,3,01/12/23,17:04:00,Credit card,5.0,0.33,60.0,19.8
6765,WALM046,Temple,Home and lifestyle,55.0,3,30/12/20,19:29:00,Credit card,5.0,0.48,165.0,79.2
6766,WALM029,Round Rock,Fashion accessories,23.0,3,31/12/20,17:15:00,Credit card,4.0,0.48,69.0,33.12
6767,WALM058,Port Arthur,Home and lifestyle,64.0,3,14/11/21,18:16:00,Credit card,5.0,0.33,192.0,63.36
6768,WALM074,Weslaco,Fashion accessories,44.0,3,01/12/20,20:15:00,Credit card,7.0,0.33,132.0,43.56
6769,WALM073,Seguin,Home and lifestyle,67.0,1,01/12/21,19:33:00,Credit card,6.0,0.33,67.0,22.11
6770,WALM084,Schertz,Fashion accessories,63.0,3,06/12/21,15:44:00,Credit card,6.0,0.33,189.0,62.37
6771,WALM038,Sugar Land,Home and lifestyle,56.0,2,13/11/23,20:58:00,Credit card,7.0,0.48,112.0,53.76
6772,WALM032,Tyler,Fashion accessories,24.0,1,17/11/20,19:57:00,Credit card,4.0,0.48,24.0,11.52
6773,WALM029,Round Rock,Home and lifestyle,47.0,1,17/11/21,17:56:00,Credit card,6.0,0.48,47.0,22.56
6774,WALM058,Port Arthur,Fashion accessories,70.0,1,19/11/21,20:48:00,Credit card,6.0,0.33,70.0,23.1
6775,WALM087,Waxahachie,Home and lifestyle,76.0,3,20/12/21,18:06:00,Credit card,5.0,0.33,228.0,75.24
6776,WALM046,Temple,Fashion accessories,72.0,3,12/12/20,20:48:00,Credit card,6.0,0.48,216.0,103.68
6777,WALM087,Waxahachie,Home and lifestyle,20.0,2,02/11/21,16:21:00,Credit card,5.0,0.33,40.0,13.2
6778,WALM084,Schertz,Fashion accessories,46.0,1,26/12/23,16:56:00,Credit card,3.0,0.33,46.0,15.18
6779,WALM032,Tyler,Home and lifestyle,82.0,3,01/12/23,16:41:00,Credit card,7.0,0.48,246.0,118.08
6780,WALM055,Waxahachie,Fashion accessories,56.0,1,18/12/23,17:22:00,Credit card,5.0,0.33,56.0,18.48
6781,WALM055,Waxahachie,Home and lifestyle,30.0,1,06/12/20,17:59:00,Credit card,5.0,0.33,30.0,9.9
6782,WALM087,Waxahachie,Fashion accessories,32.0,1,23/11/20,19:53:00,Credit card,5.0,0.33,32.0,10.56
6783,WALM025,Waco,Home and lifestyle,16.0,1,10/11/22,20:29:00,Credit card,6.0,0.48,16.0,7.68
6784,WALM065,Texas City,Fashion accessories,68.0,1,07/11/22,18:21:00,Credit card,4.0,0.33,68.0,22.44
6785,WALM084,Schertz,Home and lifestyle,66.0,2,20/11/20,16:58:00,Credit card,4.0,0.33,132.0,43.56
6786,WALM003,San Antonio,Fashion accessories,57.0,2,29/12/20,18:18:00,Credit card,4.0,0.48,114.0,54.72
6787,WALM069,Rockwall,Home and lifestyle,35.0,3,31/12/23,17:10:00,Credit card,4.0,0.33,105.0,34.65
6788,WALM089,Southlake,Fashion accessories,32.0,2,15/11/23,17:32:00,Credit card,3.0,0.33,64.0,21.12
6789,WALM046,Temple,Home and lifestyle,39.0,2,19/12/22,17:45:00,Credit card,3.0,0.48,78.0,37.44
6790,WALM058,Port Arthur,Fashion accessories,66.0,1,15/11/21,15:20:00,Credit card,5.0,0.33,66.0,21.78
6791,WALM032,Tyler,Home and lifestyle,66.0,2,04/11/23,16:12:00,Credit card,6.0,0.48,132.0,63.36
6792,WALM035,San Angelo,Fashion accessories,49.0,1,28/11/23,16:47:00,Credit card,6.0,0.48,49.0,23.52
6793,WALM003,San Antonio,Home and lifestyle,43.0,2,15/11/23,17:06:00,Credit card,4.0,0.36,86.0,30.96
6794,WALM089,Southlake,Fashion accessories,26.0,3,25/11/20,19:43:00,Credit card,4.0,0.33,78.0,25.74
6795,WALM009,Plano,Home and lifestyle,25.0,3,07/11/21,17:18:00,Credit card,3.0,0.48,75.0,36.0
6796,WALM089,Southlake,Fashion accessories,78.0,2,28/12/23,15:39:00,Credit card,7.0,0.33,156.0,51.48
6797,WALM003,San Antonio,Home and lifestyle,22.0,2,10/12/22,17:37:00,Credit card,3.0,0.36,44.0,15.84
6798,WALM086,Rosenberg,Fashion accessories,17.0,3,19/12/21,19:53:00,Credit card,3.0,0.33,51.0,16.83
6799,WALM084,Schertz,Home and lifestyle,35.0,1,28/11/20,16:20:00,Credit card,7.0,0.33,35.0,11.55
6800,WALM087,Waxahachie,Fashion accessories,15.0,3,23/12/21,15:38:00,Credit card,3.0,0.33,45.0,14.85
6801,WALM082,Weslaco,Home and lifestyle,29.0,3,27/11/20,17:41:00,Credit card,5.0,0.33,87.0,28.71
6802,WALM086,Rosenberg,Fashion accessories,20.0,2,01/12/21,20:24:00,Credit card,6.0,0.33,40.0,13.2
6803,WALM069,Rockwall,Home and lifestyle,76.0,1,09/11/23,20:07:00,Credit card,4.0,0.33,76.0,25.08
6804,WALM055,Waxahachie,Fashion accessories,42.0,3,09/12/23,17:19:00,Credit card,5.0,0.33,126.0,41.58
6805,WALM056,Rowlett,Home and lifestyle,78.0,1,25/11/20,20:22:00,Credit card,3.0,0.33,78.0,25.74
6806,WALM038,Sugar Land,Fashion accessories,28.0,3,26/11/23,17:33:00,Credit card,3.0,0.48,84.0,40.32
6807,WALM086,Rosenberg,Home and lifestyle,23.0,1,02/12/23,15:39:00,Credit card,3.0,0.33,23.0,7.59
6808,WALM046,Temple,Fashion accessories,25.0,2,25/12/21,18:39:00,Credit card,3.0,0.48,50.0,24.0
6809,WALM089,Southlake,Home and lifestyle,78.0,2,30/11/20,18:50:00,Credit card,5.0,0.33,156.0,51.48
6810,WALM009,Plano,Fashion accessories,73.0,1,20/11/22,18:11:00,Credit card,7.0,0.48,73.0,35.04
6811,WALM050,Victoria,Home and lifestyle,61.0,3,03/12/20,18:00:00,Ewallet,6.0,0.48,183.0,87.84
6812,WALM065,Texas City,Fashion accessories,17.0,2,19/12/22,18:26:00,Credit card,5.0,0.33,34.0,11.22
6813,WALM056,Rowlett,Home and lifestyle,74.0,3,21/11/22,16:03:00,Credit card,5.0,0.33,222.0,73.26
6814,WALM074,Weslaco,Fashion accessories,18.0,1,29/11/22,15:29:00,Credit card,3.0,0.33,18.0,5.94
6815,WALM035,San Angelo,Home and lifestyle,15.0,2,06/11/20,17:10:00,Credit card,7.0,0.48,30.0,14.4
6816,WALM075,San Marcos,Fashion accessories,63.0,1,15/11/21,19:03:00,Credit card,3.0,0.33,63.0,20.79
6817,WALM032,Tyler,Home and lifestyle,31.0,3,16/11/20,19:35:00,Credit card,3.0,0.48,93.0,44.64
6818,WALM087,Waxahachie,Fashion accessories,36.0,2,27/12/20,16:34:00,Credit card,3.0,0.33,72.0,23.76
6819,WALM003,San Antonio,Home and lifestyle,67.0,3,18/11/20,16:26:00,Credit card,3.0,0.36,201.0,72.36
6820,WALM032,Tyler,Fashion accessories,60.0,2,14/11/20,15:38:00,Credit card,6.0,0.48,120.0,57.6
6821,WALM025,Waco,Home and lifestyle,59.0,2,28/11/22,17:51:00,Credit card,3.0,0.48,118.0,56.64
6822,WALM087,Waxahachie,Fashion accessories,20.0,2,13/11/20,17:57:00,Credit card,5.0,0.33,40.0,13.2
6823,WALM058,Port Arthur,Home and lifestyle,61.0,2,01/12/21,20:20:00,Credit card,5.0,0.33,122.0,40.26
6824,WALM086,Rosenberg,Fashion accessories,20.0,1,09/11/21,19:19:00,Credit card,5.0,0.33,20.0,6.6
6825,WALM073,Seguin,Home and lifestyle,63.0,3,04/11/21,16:49:00,Credit card,7.0,0.33,189.0,62.37
6826,WALM035,San Angelo,Fashion accessories,27.0,2,26/11/22,16:07:00,Credit card,3.0,0.48,54.0,25.92
6827,WALM073,Seguin,Home and lifestyle,66.0,3,11/11/23,15:22:00,Credit card,5.0,0.33,198.0,65.34
6828,WALM069,Rockwall,Fashion accessories,46.0,1,09/11/21,18:26:00,Credit card,6.0,0.33,46.0,15.18
6829,WALM084,Schertz,Home and lifestyle,30.0,1,14/11/23,16:33:00,Credit card,5.0,0.33,30.0,9.9
6830,WALM099,Weatherford,Fashion accessories,65.0,2,01/12/23,17:05:00,Credit card,5.0,0.18,130.0,23.4
6831,WALM032,Tyler,Home and lifestyle,28.0,2,21/12/23,20:55:00,Credit card,5.0,0.48,56.0,26.88
6832,WALM055,Waxahachie,Fashion accessories,71.0,3,12/12/21,17:15:00,Credit card,3.0,0.33,213.0,70.29
6833,WALM046,Temple,Home and lifestyle,25.0,3,30/12/23,19:25:00,Credit card,7.0,0.48,75.0,36.0
6834,WALM046,Temple,Fashion accessories,37.0,3,03/12/21,15:44:00,Credit card,6.0,0.48,111.0,53.28
6835,WALM074,Weslaco,Home and lifestyle,40.0,2,04/11/20,15:14:00,Credit card,4.0,0.33,80.0,26.4
6836,WALM073,Seguin,Fashion accessories,33.0,3,07/11/21,15:20:00,Credit card,6.0,0.33,99.0,32.67
6837,WALM086,Rosenberg,Home and lifestyle,59.0,3,01/11/20,20:19:00,Credit card,6.0,0.33,177.0,58.41
6838,WALM065,Texas City,Fashion accessories,49.0,3,08/12/20,18:50:00,Credit card,7.0,0.33,147.0,48.51
6839,WALM054,Sherman,Home and lifestyle,55.0,2,30/11/23,18:50:00,Credit card,6.0,0.21,110.0,23.1
6840,WALM087,Waxahachie,Fashion accessories,64.0,3,14/11/20,16:29:00,Credit card,5.0,0.33,192.0,63.36
6841,WALM030,Richardson,Home and lifestyle,50.0,3,18/12/23,15:42:00,Credit card,5.0,0.48,150.0,72.0
6842,WALM009,Plano,Fashion accessories,30.0,1,12/12/23,19:40:00,Credit card,6.0,0.48,30.0,14.4
6843,WALM029,Round Rock,Home and lifestyle,54.0,3,27/11/21,18:58:00,Credit card,7.0,0.48,162.0,77.76
6844,WALM099,Weatherford,Fashion accessories,45.0,1,30/11/21,16:00:00,Credit card,7.0,0.18,45.0,8.1
6845,WALM035,San Angelo,Home and lifestyle,77.0,1,27/12/20,19:31:00,Credit card,5.0,0.48,77.0,36.96
6846,WALM046,Temple,Fashion accessories,53.0,2,08/11/21,15:24:00,Credit card,7.0,0.48,106.0,50.88
6847,WALM029,Round Rock,Home and lifestyle,62.0,1,18/11/21,17:08:00,Credit card,7.0,0.48,62.0,29.76
6848,WALM084,Schertz,Fashion accessories,59.0,1,04/11/20,20:25:00,Credit card,4.0,0.33,59.0,19.47
6849,WALM055,Waxahachie,Home and lifestyle,45.0,1,13/12/22,20:43:00,Credit card,3.0,0.33,45.0,14.85
6850,WALM003,San Antonio,Fashion accessories,27.0,3,22/12/22,16:59:00,Credit card,5.0,0.48,81.0,38.88
6851,WALM055,Waxahachie,Home and lifestyle,44.0,1,19/11/20,18:37:00,Credit card,7.0,0.33,44.0,14.52
6852,WALM035,San Angelo,Fashion accessories,79.0,3,05/11/20,15:26:00,Credit card,5.0,0.48,237.0,113.76
6853,WALM035,San Angelo,Home and lifestyle,62.0,2,28/11/23,15:37:00,Credit card,3.0,0.48,124.0,59.52
6854,WALM084,Schertz,Fashion accessories,71.0,2,11/11/22,15:35:00,Credit card,7.0,0.33,142.0,46.86
6855,WALM087,Waxahachie,Home and lifestyle,76.0,3,14/12/23,18:11:00,Credit card,6.0,0.33,228.0,75.24
6856,WALM038,Sugar Land,Fashion accessories,79.0,2,09/11/21,20:02:00,Credit card,7.0,0.48,158.0,75.84
6857,WALM025,Waco,Home and lifestyle,77.0,3,15/11/20,18:23:00,Credit card,7.0,0.48,231.0,110.88
6858,WALM073,Seguin,Fashion accessories,27.0,2,25/11/23,17:06:00,Credit card,7.0,0.33,54.0,17.82
6859,WALM032,Tyler,Home and lifestyle,16.0,2,05/12/21,16:59:00,Credit card,6.0,0.48,32.0,15.36
6860,WALM046,Temple,Fashion accessories,85.0,3,15/11/23,19:07:00,Credit card,4.0,0.48,255.0,122.4
6861,WALM075,San Marcos,Home and lifestyle,24.0,1,27/12/22,19:43:00,Credit card,7.0,0.33,24.0,7.92
6862,WALM038,Sugar Land,Fashion accessories,56.0,1,01/11/22,17:46:00,Credit card,3.0,0.48,56.0,26.88
6863,WALM025,Waco,Home and lifestyle,48.0,1,16/12/22,18:04:00,Credit card,5.0,0.48,48.0,23.04
6864,WALM058,Port Arthur,Fashion accessories,39.0,2,29/12/22,15:48:00,Credit card,3.0,0.33,78.0,25.74
6865,WALM038,Sugar Land,Home and lifestyle,23.0,1,07/12/20,20:00:00,Credit card,5.0,0.48,23.0,11.04
6866,WALM009,Plano,Fashion accessories,31.0,1,16/11/21,17:50:00,Credit card,4.0,0.48,31.0,14.88
6867,WALM055,Waxahachie,Home and lifestyle,38.0,1,19/11/22,16:44:00,Credit card,3.0,0.33,38.0,12.54
6868,WALM058,Port Arthur,Fashion accessories,24.0,3,18/12/23,20:32:00,Credit card,7.0,0.33,72.0,23.76
6869,WALM058,Port Arthur,Home and lifestyle,53.0,2,20/12/21,20:23:00,Credit card,5.0,0.33,106.0,34.98
6870,WALM075,San Marcos,Fashion accessories,39.0,1,01/12/21,18:13:00,Credit card,4.0,0.33,39.0,12.87
6871,WALM030,Richardson,Home and lifestyle,55.0,2,16/12/23,15:23:00,Credit card,6.0,0.48,110.0,52.8
6872,WALM046,Temple,Fashion accessories,17.0,3,27/12/21,17:27:00,Credit card,3.0,0.48,51.0,24.48
6873,WALM025,Waco,Home and lifestyle,27.0,1,15/12/22,19:23:00,Credit card,3.0,0.48,27.0,12.96
6874,WALM074,Weslaco,Fashion accessories,47.0,2,11/11/20,15:59:00,Credit card,4.0,0.33,94.0,31.02
6875,WALM035,San Angelo,Home and lifestyle,82.0,1,11/12/23,15:38:00,Credit card,4.0,0.48,82.0,39.36
6876,WALM038,Sugar Land,Fashion accessories,59.0,3,04/11/23,15:17:00,Credit card,3.0,0.48,177.0,84.96
6877,WALM056,Rowlett,Home and lifestyle,26.0,3,26/12/23,17:51:00,Credit card,6.0,0.33,78.0,25.74
6878,WALM058,Port Arthur,Fashion accessories,30.0,3,08/12/20,15:32:00,Credit card,7.0,0.33,90.0,29.7
6879,WALM029,Round Rock,Home and lifestyle,50.0,2,29/11/22,16:00:00,Credit card,5.0,0.48,100.0,48.0
6880,WALM055,Waxahachie,Fashion accessories,47.0,2,12/11/20,19:33:00,Credit card,5.0,0.33,94.0,31.02
6881,WALM086,Rosenberg,Home and lifestyle,49.0,1,29/12/20,19:07:00,Credit card,6.0,0.33,49.0,16.17
6882,WALM084,Schertz,Fashion accessories,32.0,3,24/12/22,15:07:00,Credit card,5.0,0.33,96.0,31.68
6883,WALM074,Weslaco,Home and lifestyle,48.0,1,23/12/20,20:30:00,Credit card,6.0,0.33,48.0,15.84
6884,WALM030,Richardson,Fashion accessories,64.0,1,12/12/20,15:15:00,Credit card,5.0,0.48,64.0,30.72
6885,WALM030,Richardson,Home and lifestyle,63.0,2,30/11/21,18:12:00,Credit card,5.0,0.48,126.0,60.48
6886,WALM032,Tyler,Fashion accessories,76.0,1,04/12/20,18:01:00,Credit card,7.0,0.48,76.0,36.48
6887,WALM074,Weslaco,Home and lifestyle,39.0,3,21/12/20,20:26:00,Credit card,7.0,0.33,117.0,38.61
6888,WALM082,Weslaco,Fashion accessories,55.0,1,09/12/22,16:49:00,Credit card,5.0,0.33,55.0,18.15
6889,WALM035,San Angelo,Home and lifestyle,71.0,3,06/12/22,19:30:00,Credit card,6.0,0.48,213.0,102.24
6890,WALM082,Weslaco,Fashion accessories,38.0,3,11/11/23,16:13:00,Credit card,5.0,0.33,114.0,37.62
6891,WALM056,Rowlett,Home and lifestyle,21.0,3,08/12/21,18:08:00,Credit card,4.0,0.33,63.0,20.79
6892,WALM046,Temple,Fashion accessories,47.0,1,12/12/22,15:20:00,Credit card,6.0,0.48,47.0,22.56
6893,WALM009,Plano,Home and lifestyle,33.0,2,26/11/23,16:59:00,Credit card,6.0,0.48,66.0,31.68
6894,WALM054,Sherman,Fashion accessories,73.0,3,22/12/23,18:46:00,Credit card,7.0,0.21,219.0,45.99
6895,WALM082,Weslaco,Home and lifestyle,29.0,1,16/11/21,18:18:00,Credit card,6.0,0.33,29.0,9.57
6896,WALM089,Southlake,Fashion accessories,44.0,3,20/12/20,20:29:00,Credit card,7.0,0.33,132.0,43.56
6897,WALM009,Plano,Home and lifestyle,30.0,2,25/11/22,17:22:00,Credit card,6.0,0.48,60.0,28.8
6898,WALM075,San Marcos,Fashion accessories,32.0,2,19/11/21,20:00:00,Credit card,6.0,0.33,64.0,21.12
6899,WALM058,Port Arthur,Home and lifestyle,78.0,2,12/12/23,19:52:00,Credit card,3.0,0.33,156.0,51.48
6900,WALM030,Richardson,Fashion accessories,32.0,3,01/12/23,20:10:00,Credit card,3.0,0.48,96.0,46.08
6901,WALM082,Weslaco,Home and lifestyle,22.0,1,18/11/21,17:03:00,Credit card,4.0,0.33,22.0,7.26
6902,WALM069,Rockwall,Fashion accessories,18.0,2,21/12/21,17:08:00,Credit card,3.0,0.33,36.0,11.88
6903,WALM003,San Antonio,Home and lifestyle,58.0,2,11/11/21,17:03:00,Credit card,4.0,0.36,116.0,41.76
6904,WALM087,Waxahachie,Fashion accessories,26.0,1,18/11/23,19:36:00,Credit card,6.0,0.33,26.0,8.58
6905,WALM084,Schertz,Home and lifestyle,79.0,3,01/11/22,17:02:00,Credit card,4.0,0.33,237.0,78.21
6906,WALM030,Richardson,Fashion accessories,58.0,1,17/12/21,20:43:00,Credit card,5.0,0.48,58.0,27.84
6907,WALM065,Texas City,Home and lifestyle,22.0,3,03/11/21,18:57:00,Credit card,6.0,0.33,66.0,21.78
6908,WALM050,Victoria,Fashion accessories,51.0,1,07/11/23,19:32:00,Ewallet,5.0,0.48,51.0,24.48
6909,WALM082,Weslaco,Home and lifestyle,80.0,3,05/12/23,18:49:00,Credit card,7.0,0.33,240.0,79.2
6910,WALM009,Plano,Fashion accessories,28.0,3,28/11/21,20:37:00,Credit card,3.0,0.48,84.0,40.32
6911,WALM029,Round Rock,Home and lifestyle,21.0,3,01/12/22,20:39:00,Credit card,6.0,0.48,63.0,30.24
6912,WALM058,Port Arthur,Fashion accessories,69.0,3,15/11/23,18:27:00,Credit card,6.0,0.33,207.0,68.31
6913,WALM035,San Angelo,Home and lifestyle,57.0,3,15/12/20,16:24:00,Credit card,3.0,0.48,171.0,82.08
6914,WALM054,Sherman,Fashion accessories,71.0,3,15/11/20,19:55:00,Credit card,6.0,0.21,213.0,44.73
6915,WALM099,Weatherford,Home and lifestyle,21.0,1,10/12/21,17:43:00,Credit card,7.0,0.18,21.0,3.78
6916,WALM084,Schertz,Fashion accessories,84.0,3,10/11/22,15:27:00,Credit card,7.0,0.33,252.0,83.16
6917,WALM073,Seguin,Home and lifestyle,36.0,1,29/11/22,15:10:00,Credit card,3.0,0.33,36.0,11.88
6918,WALM069,Rockwall,Fashion accessories,16.0,1,18/11/21,19:26:00,Credit card,5.0,0.33,16.0,5.28
6919,WALM058,Port Arthur,Home and lifestyle,47.0,2,16/11/21,15:05:00,Credit card,5.0,0.33,94.0,31.02
6920,WALM065,Texas City,Fashion accessories,52.0,1,21/12/20,19:09:00,Credit card,6.0,0.33,52.0,17.16
6921,WALM038,Sugar Land,Home and lifestyle,19.0,1,22/11/21,17:18:00,Credit card,3.0,0.48,19.0,9.12
6922,WALM025,Waco,Fashion accessories,34.0,1,30/11/23,17:55:00,Credit card,3.0,0.48,34.0,16.32
6923,WALM089,Southlake,Home and lifestyle,39.0,3,22/11/22,20:18:00,Credit card,5.0,0.33,117.0,38.61
6924,WALM025,Waco,Fashion accessories,39.0,2,27/11/21,16:02:00,Credit card,3.0,0.48,78.0,37.44
6925,WALM082,Weslaco,Home and lifestyle,78.0,2,08/11/21,16:51:00,Credit card,5.0,0.33,156.0,51.48
6926,WALM086,Rosenberg,Fashion accessories,34.0,2,14/12/21,19:15:00,Credit card,6.0,0.33,68.0,22.44
6927,WALM003,San Antonio,Home and lifestyle,49.0,1,01/11/23,16:43:00,Credit card,3.0,0.36,49.0,17.64
6928,WALM055,Waxahachie,Fashion accessories,76.0,1,07/11/20,16:56:00,Credit card,3.0,0.33,76.0,25.08
6929,WALM058,Port Arthur,Home and lifestyle,18.0,3,23/11/22,19:25:00,Credit card,6.0,0.33,54.0,17.82
6930,WALM058,Port Arthur,Fashion accessories,77.0,2,24/12/23,17:54:00,Credit card,7.0,0.33,154.0,50.82
6931,WALM084,Schertz,Home and lifestyle,44.0,2,17/11/23,15:42:00,Credit card,4.0,0.33,88.0,29.04
6932,WALM032,Tyler,Fashion accessories,55.0,3,24/11/23,15:05:00,Credit card,4.0,0.48,165.0,79.2
6933,WALM065,Texas City,Home and lifestyle,68.0,2,27/11/21,20:56:00,Credit card,4.0,0.33,136.0,44.88
6934,WALM030,Richardson,Fashion accessories,47.0,1,17/12/23,20:28:00,Credit card,4.0,0.48,47.0,22.56
6935,WALM074,Weslaco,Home and lifestyle,41.0,3,09/11/21,18:33:00,Credit card,7.0,0.33,123.0,40.59
6936,WALM087,Waxahachie,Fashion accessories,43.0,1,24/11/20,15:50:00,Credit card,6.0,0.33,43.0,14.19
6937,WALM009,Plano,Home and lifestyle,50.0,2,04/11/22,16:54:00,Credit card,4.0,0.48,100.0,48.0
6938,WALM054,Sherman,Fashion accessories,84.0,1,08/11/20,16:27:00,Credit card,4.0,0.21,84.0,17.64
6939,WALM099,Weatherford,Home and lifestyle,38.0,2,25/11/23,20:24:00,Credit card,7.0,0.18,76.0,13.68
6940,WALM058,Port Arthur,Fashion accessories,81.0,3,11/12/20,18:08:00,Credit card,3.0,0.33,243.0,80.19
6941,WALM099,Weatherford,Home and lifestyle,47.0,2,06/12/21,16:02:00,Credit card,3.0,0.18,94.0,16.92
6942,WALM087,Waxahachie,Fashion accessories,81.0,3,16/12/20,18:35:00,Credit card,5.0,0.33,243.0,80.19
6943,WALM054,Sherman,Home and lifestyle,25.0,3,12/11/23,19:00:00,Credit card,4.0,0.21,75.0,15.75
6944,WALM030,Richardson,Fashion accessories,82.0,2,12/11/22,17:01:00,Credit card,3.0,0.48,164.0,78.72
6945,WALM003,San Antonio,Home and lifestyle,23.0,3,08/11/22,20:43:00,Credit card,6.0,0.36,69.0,24.84
6946,WALM038,Sugar Land,Fashion accessories,57.0,2,01/11/23,16:53:00,Credit card,6.0,0.48,114.0,54.72
6947,WALM073,Seguin,Home and lifestyle,68.0,2,09/11/23,19:36:00,Credit card,6.0,0.33,136.0,44.88
6948,WALM056,Rowlett,Fashion accessories,71.0,2,01/12/21,16:12:00,Credit card,4.0,0.33,142.0,46.86
6949,WALM075,San Marcos,Home and lifestyle,29.0,2,01/12/22,20:07:00,Credit card,3.0,0.33,58.0,19.14
6950,WALM035,San Angelo,Fashion accessories,70.0,2,20/12/22,15:02:00,Credit card,4.0,0.48,140.0,67.2
6951,WALM082,Weslaco,Home and lifestyle,63.0,3,24/11/21,18:25:00,Credit card,4.0,0.33,189.0,62.37
6952,WALM055,Waxahachie,Fashion accessories,42.0,1,21/12/22,19:15:00,Credit card,4.0,0.33,42.0,13.86
6953,WALM087,Waxahachie,Home and lifestyle,29.0,1,05/11/23,20:53:00,Credit card,4.0,0.33,29.0,9.57
6954,WALM074,Weslaco,Fashion accessories,66.0,1,01/12/22,20:58:00,Credit card,6.0,0.33,66.0,21.78
6955,WALM099,Weatherford,Home and lifestyle,58.0,2,12/12/23,19:22:00,Credit card,5.0,0.18,116.0,20.88
6956,WALM089,Southlake,Fashion accessories,78.0,2,19/11/20,19:02:00,Credit card,4.0,0.33,156.0,51.48
6957,WALM099,Weatherford,Home and lifestyle,26.0,1,05/11/22,19:04:00,Credit card,6.0,0.18,26.0,4.68
6958,WALM025,Waco,Fashion accessories,34.0,2,09/12/20,15:14:00,Credit card,3.0,0.48,68.0,32.64
6959,WALM029,Round Rock,Home and lifestyle,32.0,2,05/12/23,16:15:00,Credit card,7.0,0.48,64.0,30.72
6960,WALM074,Weslaco,Fashion accessories,62.0,3,03/11/21,16:49:00,Credit card,3.0,0.33,186.0,61.38
6961,WALM046,Temple,Home and lifestyle,70.0,2,08/11/20,15:22:00,Credit card,3.0,0.48,140.0,67.2
6962,WALM089,Southlake,Fashion accessories,63.0,3,20/12/22,15:56:00,Credit card,4.0,0.33,189.0,62.37
6963,WALM082,Weslaco,Home and lifestyle,39.0,1,12/11/21,19:55:00,Credit card,6.0,0.33,39.0,12.87
6964,WALM082,Weslaco,Fashion accessories,62.0,1,30/12/21,17:57:00,Credit card,5.0,0.33,62.0,20.46
6965,WALM056,Rowlett,Home and lifestyle,33.0,1,08/11/20,20:46:00,Credit card,7.0,0.33,33.0,10.89
6966,WALM003,San Antonio,Fashion accessories,63.0,1,26/11/23,15:45:00,Credit card,3.0,0.48,63.0,30.24
6967,WALM050,Victoria,Home and lifestyle,63.0,1,13/12/20,19:45:00,Ewallet,5.0,0.48,63.0,30.24
6968,WALM058,Port Arthur,Fashion accessories,53.0,1,23/11/20,19:28:00,Credit card,4.0,0.33,53.0,17.49
6969,WALM009,Plano,Home and lifestyle,25.0,2,21/12/21,17:33:00,Credit card,3.0,0.48,50.0,24.0
6970,WALM056,Rowlett,Fashion accessories,40.0,3,23/12/20,17:48:00,Credit card,3.0,0.33,120.0,39.6
6971,WALM009,Plano,Home and lifestyle,85.0,3,24/12/20,17:33:00,Credit card,4.0,0.48,255.0,122.4
6972,WALM055,Waxahachie,Fashion accessories,38.0,1,20/12/22,16:08:00,Credit card,3.0,0.33,38.0,12.54
6973,WALM046,Temple,Home and lifestyle,69.0,1,02/11/20,15:16:00,Credit card,6.0,0.48,69.0,33.12
6974,WALM003,San Antonio,Fashion accessories,66.0,3,15/12/23,19:38:00,Credit card,3.0,0.48,198.0,95.04
6975,WALM029,Round Rock,Home and lifestyle,39.0,1,01/11/20,17:24:00,Credit card,4.0,0.48,39.0,18.72
6976,WALM055,Waxahachie,Fashion accessories,28.0,1,29/12/22,15:10:00,Credit card,4.0,0.33,28.0,9.24
6977,WALM074,Weslaco,Home and lifestyle,57.0,2,18/12/21,20:03:00,Credit card,4.0,0.33,114.0,37.62
6978,WALM029,Round Rock,Fashion accessories,61.0,3,14/12/21,17:56:00,Credit card,5.0,0.48,183.0,87.84
6979,WALM003,San Antonio,Home and lifestyle,67.0,3,27/11/22,16:50:00,Credit card,7.0,0.48,201.0,96.48
6980,WALM035,San Angelo,Fashion accessories,68.0,1,23/12/21,16:24:00,Credit card,6.0,0.48,68.0,32.64
6981,WALM087,Waxahachie,Home and lifestyle,16.0,1,20/12/22,20:05:00,Credit card,6.0,0.33,16.0,5.28
6982,WALM082,Weslaco,Fashion accessories,34.0,2,15/11/22,19:08:00,Credit card,6.0,0.33,68.0,22.44
6983,WALM054,Sherman,Home and lifestyle,59.0,2,05/11/23,15:02:00,Credit card,3.0,0.21,118.0,24.78
6984,WALM055,Waxahachie,Fashion accessories,47.0,1,28/12/20,16:33:00,Credit card,5.0,0.33,47.0,15.51
6985,WALM087,Waxahachie,Home and lifestyle,44.0,1,25/11/22,18:29:00,Credit card,3.0,0.33,44.0,14.52
6986,WALM089,Southlake,Fashion accessories,60.0,1,26/11/23,18:58:00,Credit card,7.0,0.33,60.0,19.8
6987,WALM075,San Marcos,Home and lifestyle,44.0,2,10/11/22,20:27:00,Credit card,5.0,0.33,88.0,29.04
6988,WALM030,Richardson,Fashion accessories,28.0,1,14/11/23,18:29:00,Credit card,6.0,0.48,28.0,13.44
6989,WALM075,San Marcos,Home and lifestyle,36.0,2,29/11/23,17:48:00,Credit card,4.0,0.33,72.0,23.76
6990,WALM056,Rowlett,Fashion accessories,32.0,2,01/11/20,15:33:00,Credit card,4.0,0.33,64.0,21.12
6991,WALM074,Weslaco,Home and lifestyle,35.0,2,01/12/20,20:59:00,Credit card,7.0,0.33,70.0,23.1
6992,WALM073,Seguin,Fashion accessories,36.0,1,28/11/21,19:55:00,Credit card,4.0,0.33,36.0,11.88
6993,WALM082,Weslaco,Home and lifestyle,84.0,2,17/12/21,19:04:00,Credit card,5.0,0.33,168.0,55.44
6994,WALM046,Temple,Fashion accessories,46.0,1,02/12/22,17:01:00,Credit card,3.0,0.48,46.0,22.08
6995,WALM089,Southlake,Home and lifestyle,59.0,3,23/11/20,16:09:00,Credit card,4.0,0.33,177.0,58.41
6996,WALM082,Weslaco,Fashion accessories,83.0,3,09/12/23,16:08:00,Credit card,6.0,0.33,249.0,82.17
6997,WALM065,Texas City,Home and lifestyle,74.0,2,08/11/23,15:26:00,Credit card,5.0,0.33,148.0,48.84
6998,WALM075,San Marcos,Fashion accessories,81.0,3,06/11/22,17:16:00,Credit card,3.0,0.33,243.0,80.19
6999,WALM038,Sugar Land,Home and lifestyle,68.0,2,08/11/23,20:47:00,Credit card,4.0,0.48,136.0,65.28
7000,WALM054,Sherman,Fashion accessories,43.0,1,02/12/20,16:41:00,Credit card,5.0,0.21,43.0,9.03
7001,WALM065,Texas City,Home and lifestyle,71.0,3,19/12/20,15:54:00,Credit card,4.0,0.33,213.0,70.29
7002,WALM065,Texas City,Fashion accessories,54.0,2,07/12/20,17:50:00,Credit card,7.0,0.33,108.0,35.64
7003,WALM035,San Angelo,Home and lifestyle,33.0,2,19/12/20,19:18:00,Credit card,5.0,0.48,66.0,31.68
7004,WALM074,Weslaco,Fashion accessories,62.0,2,18/11/21,16:13:00,Credit card,6.0,0.33,124.0,40.92
7005,WALM046,Temple,Home and lifestyle,52.0,1,01/12/21,19:31:00,Credit card,6.0,0.48,52.0,24.96
7006,WALM087,Waxahachie,Fashion accessories,16.0,1,08/11/20,17:15:00,Credit card,3.0,0.33,16.0,5.28
7007,WALM082,Weslaco,Home and lifestyle,21.0,2,18/11/21,19:11:00,Credit card,4.0,0.33,42.0,13.86
7008,WALM038,Sugar Land,Fashion accessories,19.0,3,12/11/23,15:41:00,Credit card,4.0,0.48,57.0,27.36
7009,WALM058,Port Arthur,Home and lifestyle,81.0,1,23/11/23,15:52:00,Credit card,6.0,0.33,81.0,26.73
7010,WALM074,Weslaco,Fashion accessories,42.0,1,27/11/20,20:16:00,Credit card,4.0,0.33,42.0,13.86
7011,WALM075,San Marcos,Home and lifestyle,72.0,1,01/11/22,16:13:00,Credit card,3.0,0.33,72.0,23.76
7012,WALM084,Schertz,Fashion accessories,48.0,3,10/12/22,20:48:00,Credit card,4.0,0.33,144.0,47.52
7013,WALM058,Port Arthur,Home and lifestyle,31.0,1,22/12/23,17:47:00,Credit card,6.0,0.33,31.0,10.23
7014,WALM054,Sherman,Fashion accessories,27.0,1,11/12/21,18:23:00,Credit card,3.0,0.21,27.0,5.67
7015,WALM073,Seguin,Home and lifestyle,69.0,2,19/11/20,20:03:00,Credit card,4.0,0.33,138.0,45.54
7016,WALM087,Waxahachie,Fashion accessories,17.0,3,13/11/20,16:14:00,Credit card,3.0,0.33,51.0,16.83
7017,WALM046,Temple,Home and lifestyle,52.0,1,01/12/21,19:30:00,Credit card,6.0,0.48,52.0,24.96
7018,WALM069,Rockwall,Fashion accessories,42.0,3,11/11/23,20:47:00,Credit card,5.0,0.33,126.0,41.58
7019,WALM069,Rockwall,Home and lifestyle,21.0,2,18/11/21,17:22:00,Credit card,4.0,0.33,42.0,13.86
7020,WALM056,Rowlett,Fashion accessories,45.0,3,30/11/21,18:10:00,Credit card,7.0,0.33,135.0,44.55
7021,WALM087,Waxahachie,Home and lifestyle,85.0,3,17/12/22,19:49:00,Credit card,6.0,0.33,255.0,84.15
7022,WALM086,Rosenberg,Fashion accessories,69.0,2,01/11/23,18:27:00,Credit card,5.0,0.33,138.0,45.54
7023,WALM069,Rockwall,Home and lifestyle,69.0,1,19/11/20,20:02:00,Credit card,4.0,0.33,69.0,22.77
7024,WALM074,Weslaco,Fashion accessories,40.0,2,06/12/20,19:34:00,Credit card,4.0,0.33,80.0,26.4
7025,WALM058,Port Arthur,Home and lifestyle,73.0,1,21/11/21,17:07:00,Credit card,3.0,0.33,73.0,24.09
7026,WALM029,Round Rock,Fashion accessories,35.0,1,17/11/22,17:47:00,Credit card,3.0,0.48,35.0,16.8
7027,WALM046,Temple,Home and lifestyle,69.0,3,01/11/20,20:40:00,Credit card,5.0,0.48,207.0,99.36
7028,WALM055,Waxahachie,Fashion accessories,32.0,1,08/11/23,21:00:00,Credit card,4.0,0.33,32.0,10.56
7029,WALM082,Weslaco,Home and lifestyle,77.0,3,04/11/22,20:55:00,Credit card,3.0,0.33,231.0,76.23
7030,WALM058,Port Arthur,Fashion accessories,26.0,2,21/12/21,18:32:00,Credit card,3.0,0.33,52.0,17.16
7031,WALM032,Tyler,Home and lifestyle,80.0,3,07/11/20,16:54:00,Credit card,7.0,0.48,240.0,115.2
7032,WALM058,Port Arthur,Fashion accessories,66.0,2,06/12/23,20:53:00,Credit card,7.0,0.33,132.0,43.56
7033,WALM084,Schertz,Home and lifestyle,59.0,3,30/12/23,20:26:00,Credit card,5.0,0.33,177.0,58.41
7034,WALM058,Port Arthur,Fashion accessories,35.0,1,22/11/21,18:53:00,Credit card,6.0,0.33,35.0,11.55
7035,WALM074,Weslaco,Home and lifestyle,54.0,3,23/12/21,17:44:00,Credit card,3.0,0.33,162.0,53.46
7036,WALM054,Sherman,Fashion accessories,46.0,2,23/12/21,17:46:00,Credit card,7.0,0.21,92.0,19.32
7037,WALM055,Waxahachie,Home and lifestyle,48.0,1,29/11/22,19:48:00,Credit card,6.0,0.33,48.0,15.84
7038,WALM029,Round Rock,Fashion accessories,55.0,2,30/12/20,16:37:00,Credit card,7.0,0.48,110.0,52.8
7039,WALM073,Seguin,Home and lifestyle,64.0,1,30/11/23,19:15:00,Credit card,3.0,0.33,64.0,21.12
7040,WALM046,Temple,Fashion accessories,72.0,3,19/11/22,15:59:00,Credit card,3.0,0.48,216.0,103.68
7041,WALM025,Waco,Home and lifestyle,67.0,1,07/11/23,16:03:00,Credit card,3.0,0.48,67.0,32.16
7042,WALM054,Sherman,Fashion accessories,35.0,2,05/11/21,15:06:00,Credit card,3.0,0.21,70.0,14.7
7043,WALM069,Rockwall,Home and lifestyle,21.0,1,04/12/21,18:27:00,Credit card,7.0,0.33,21.0,6.93
7044,WALM055,Waxahachie,Fashion accessories,63.0,3,12/12/21,18:19:00,Credit card,3.0,0.33,189.0,62.37
7045,WALM073,Seguin,Home and lifestyle,65.0,3,27/12/23,15:45:00,Credit card,3.0,0.33,195.0,64.35
7046,WALM058,Port Arthur,Fashion accessories,20.0,2,29/11/20,19:40:00,Credit card,5.0,0.33,40.0,13.2
7047,WALM074,Weslaco,Home and lifestyle,30.0,3,05/11/21,17:03:00,Credit card,6.0,0.33,90.0,29.7
7048,WALM055,Waxahachie,Fashion accessories,44.0,2,03/12/20,19:34:00,Credit card,7.0,0.33,88.0,29.04
7049,WALM030,Richardson,Home and lifestyle,63.0,2,06/12/23,19:18:00,Credit card,4.0,0.48,126.0,60.48
7050,WALM038,Sugar Land,Fashion accessories,61.0,2,19/11/22,15:14:00,Credit card,7.0,0.48,122.0,58.56
7051,WALM086,Rosenberg,Home and lifestyle,24.0,1,25/11/23,17:36:00,Credit card,4.0,0.33,24.0,7.92
7052,WALM069,Rockwall,Fashion accessories,49.0,2,03/11/20,19:28:00,Credit card,4.0,0.33,98.0,32.34
7053,WALM075,San Marcos,Home and lifestyle,34.0,3,24/11/22,16:55:00,Credit card,5.0,0.33,102.0,33.66
7054,WALM075,San Marcos,Fashion accessories,34.0,1,30/11/20,18:45:00,Credit card,7.0,0.33,34.0,11.22
7055,WALM087,Waxahachie,Home and lifestyle,74.0,2,18/12/20,17:08:00,Credit card,5.0,0.33,148.0,48.84
7056,WALM089,Southlake,Fashion accessories,56.0,3,21/12/20,16:21:00,Credit card,4.0,0.33,168.0,55.44
7057,WALM058,Port Arthur,Home and lifestyle,25.0,2,25/12/21,17:29:00,Credit card,4.0,0.33,50.0,16.5
7058,WALM069,Rockwall,Fashion accessories,70.0,1,25/12/20,16:22:00,Credit card,7.0,0.33,70.0,23.1
7059,WALM087,Waxahachie,Home and lifestyle,64.0,2,05/12/22,17:53:00,Credit card,7.0,0.33,128.0,42.24
7060,WALM038,Sugar Land,Fashion accessories,80.0,1,22/12/20,15:22:00,Credit card,3.0,0.48,80.0,38.4
7061,WALM029,Round Rock,Home and lifestyle,49.0,3,01/12/22,18:22:00,Credit card,5.0,0.48,147.0,70.56
7062,WALM038,Sugar Land,Fashion accessories,75.0,2,20/12/23,17:17:00,Credit card,3.0,0.48,150.0,72.0
7063,WALM029,Round Rock,Home and lifestyle,66.0,3,14/11/20,16:27:00,Credit card,6.0,0.48,198.0,95.04
7064,WALM089,Southlake,Fashion accessories,19.0,2,05/12/21,19:41:00,Credit card,6.0,0.33,38.0,12.54
7065,WALM055,Waxahachie,Home and lifestyle,54.0,2,18/11/20,20:58:00,Credit card,3.0,0.33,108.0,35.64
7066,WALM082,Weslaco,Fashion accessories,69.0,2,22/12/20,15:04:00,Credit card,7.0,0.33,138.0,45.54
7067,WALM074,Weslaco,Home and lifestyle,20.0,1,14/12/23,15:04:00,Credit card,6.0,0.33,20.0,6.6
7068,WALM065,Texas City,Fashion accessories,31.0,1,30/12/21,15:14:00,Credit card,3.0,0.33,31.0,10.23
7069,WALM073,Seguin,Home and lifestyle,41.0,1,05/11/21,20:44:00,Credit card,4.0,0.33,41.0,13.53
7070,WALM086,Rosenberg,Fashion accessories,21.0,2,05/12/21,15:52:00,Credit card,3.0,0.33,42.0,13.86
7071,WALM035,San Angelo,Home and lifestyle,76.0,1,24/12/20,17:44:00,Credit card,3.0,0.48,76.0,36.48
7072,WALM075,San Marcos,Fashion accessories,68.0,1,27/11/23,16:29:00,Credit card,5.0,0.33,68.0,22.44
7073,WALM009,Plano,Home and lifestyle,36.0,2,19/11/21,18:58:00,Credit card,5.0,0.48,72.0,34.56
7074,WALM082,Weslaco,Fashion accessories,26.0,2,29/11/22,17:56:00,Credit card,5.0,0.33,52.0,17.16
7075,WALM032,Tyler,Home and lifestyle,15.0,3,15/12/20,15:10:00,Credit card,3.0,0.48,45.0,21.6
7076,WALM055,Waxahachie,Fashion accessories,77.0,3,17/11/23,15:49:00,Credit card,6.0,0.33,231.0,76.23
7077,WALM099,Weatherford,Home and lifestyle,47.0,1,13/11/20,19:48:00,Credit card,6.0,0.18,47.0,8.46
7078,WALM099,Weatherford,Fashion accessories,24.0,2,23/12/21,15:43:00,Credit card,3.0,0.18,48.0,8.64
7079,WALM074,Weslaco,Home and lifestyle,54.0,1,11/12/23,19:55:00,Credit card,4.0,0.33,54.0,17.82
7080,WALM029,Round Rock,Fashion accessories,50.0,1,24/11/20,16:47:00,Credit card,3.0,0.48,50.0,24.0
7081,WALM082,Weslaco,Home and lifestyle,38.0,3,14/12/21,20:15:00,Credit card,7.0,0.33,114.0,37.62
7082,WALM030,Richardson,Fashion accessories,27.0,1,08/11/23,17:32:00,Credit card,7.0,0.48,27.0,12.96
7083,WALM099,Weatherford,Home and lifestyle,46.0,3,27/11/20,16:26:00,Credit card,5.0,0.18,138.0,24.84
7084,WALM082,Weslaco,Fashion accessories,76.0,3,04/11/22,15:26:00,Credit card,6.0,0.33,228.0,75.24
7085,WALM003,San Antonio,Home and lifestyle,35.0,2,04/11/23,17:50:00,Credit card,7.0,0.48,70.0,33.6
7086,WALM029,Round Rock,Fashion accessories,71.0,2,22/11/21,20:56:00,Credit card,4.0,0.48,142.0,68.16
7087,WALM055,Waxahachie,Home and lifestyle,44.0,3,01/12/20,15:30:00,Credit card,5.0,0.33,132.0,43.56
7088,WALM038,Sugar Land,Fashion accessories,76.0,3,01/12/20,18:32:00,Credit card,3.0,0.48,228.0,109.44
7089,WALM050,Victoria,Home and lifestyle,21.0,3,08/12/20,20:21:00,Ewallet,7.0,0.48,63.0,30.24
7090,WALM046,Temple,Fashion accessories,62.0,1,26/11/22,16:17:00,Credit card,5.0,0.48,62.0,29.76
7091,WALM082,Weslaco,Home and lifestyle,51.0,2,17/12/21,19:30:00,Credit card,6.0,0.33,102.0,33.66
7092,WALM075,San Marcos,Fashion accessories,70.0,3,14/11/21,18:50:00,Credit card,3.0,0.33,210.0,69.3
7093,WALM087,Waxahachie,Home and lifestyle,46.0,2,31/12/22,19:38:00,Credit card,3.0,0.33,92.0,30.36
7094,WALM003,San Antonio,Fashion accessories,80.0,2,23/11/23,16:37:00,Credit card,7.0,0.48,160.0,76.8
7095,WALM030,Richardson,Home and lifestyle,83.0,1,15/11/23,18:47:00,Credit card,7.0,0.48,83.0,39.84
7096,WALM046,Temple,Fashion accessories,25.0,3,08/11/22,20:27:00,Credit card,7.0,0.48,75.0,36.0
7097,WALM054,Sherman,Home and lifestyle,52.0,3,03/11/23,19:24:00,Credit card,3.0,0.21,156.0,32.76
7098,WALM009,Plano,Fashion accessories,64.0,3,18/11/20,19:36:00,Credit card,6.0,0.48,192.0,92.16
7099,WALM029,Round Rock,Home and lifestyle,21.0,1,05/11/21,18:41:00,Credit card,5.0,0.48,21.0,10.08
7100,WALM030,Richardson,Fashion accessories,58.0,1,07/11/20,18:47:00,Credit card,3.0,0.48,58.0,27.84
7101,WALM082,Weslaco,Home and lifestyle,56.0,2,25/11/21,18:42:00,Credit card,7.0,0.33,112.0,36.96
7102,WALM073,Seguin,Fashion accessories,79.0,1,21/11/20,17:36:00,Credit card,6.0,0.33,79.0,26.07
7103,WALM099,Weatherford,Home and lifestyle,60.0,3,23/12/21,16:44:00,Credit card,5.0,0.18,180.0,32.4
7104,WALM069,Rockwall,Fashion accessories,65.0,1,28/12/21,20:24:00,Credit card,3.0,0.33,65.0,21.45
7105,WALM009,Plano,Home and lifestyle,53.0,2,22/12/21,17:16:00,Credit card,5.0,0.48,106.0,50.88
7106,WALM030,Richardson,Fashion accessories,20.0,2,05/12/20,16:37:00,Credit card,5.0,0.48,40.0,19.2
7107,WALM032,Tyler,Home and lifestyle,60.0,3,27/11/22,19:46:00,Credit card,3.0,0.48,180.0,86.4
7108,WALM030,Richardson,Fashion accessories,63.0,1,05/12/20,19:11:00,Credit card,5.0,0.48,63.0,30.24
7109,WALM030,Richardson,Home and lifestyle,83.0,2,13/11/20,16:24:00,Credit card,6.0,0.48,166.0,79.68
7110,WALM035,San Angelo,Fashion accessories,53.0,2,12/12/22,19:00:00,Credit card,3.0,0.48,106.0,50.88
7111,WALM084,Schertz,Home and lifestyle,71.0,3,13/12/20,17:50:00,Credit card,7.0,0.33,213.0,70.29
7112,WALM009,Plano,Fashion accessories,23.0,1,04/11/20,21:00:00,Credit card,3.0,0.48,23.0,11.04
7113,WALM074,Weslaco,Home and lifestyle,52.0,2,23/12/20,19:49:00,Credit card,6.0,0.33,104.0,34.32
7114,WALM056,Rowlett,Fashion accessories,71.0,1,22/11/21,15:25:00,Credit card,3.0,0.33,71.0,23.43
7115,WALM082,Weslaco,Home and lifestyle,76.0,1,14/12/22,15:41:00,Credit card,5.0,0.33,76.0,25.08
7116,WALM082,Weslaco,Fashion accessories,33.0,1,18/12/23,15:10:00,Credit card,4.0,0.33,33.0,10.89
7117,WALM099,Weatherford,Home and lifestyle,58.0,1,16/11/23,17:43:00,Credit card,6.0,0.18,58.0,10.44
7118,WALM084,Schertz,Fashion accessories,58.0,2,21/11/22,15:23:00,Credit card,3.0,0.33,116.0,38.28
7119,WALM058,Port Arthur,Home and lifestyle,65.0,3,01/11/23,18:13:00,Credit card,5.0,0.33,195.0,64.35
7120,WALM074,Weslaco,Fashion accessories,44.0,3,04/12/20,19:57:00,Credit card,7.0,0.33,132.0,43.56
7121,WALM065,Texas City,Home and lifestyle,25.0,1,03/11/23,15:37:00,Credit card,7.0,0.33,25.0,8.25
7122,WALM009,Plano,Fashion accessories,77.0,1,25/12/20,18:56:00,Credit card,3.0,0.48,77.0,36.96
7123,WALM073,Seguin,Home and lifestyle,55.0,1,16/12/20,19:59:00,Credit card,7.0,0.33,55.0,18.15
7124,WALM025,Waco,Fashion accessories,24.0,1,08/12/23,17:44:00,Credit card,3.0,0.48,24.0,11.52
7125,WALM056,Rowlett,Home and lifestyle,25.0,2,10/11/21,15:58:00,Credit card,6.0,0.33,50.0,16.5
7126,WALM054,Sherman,Fashion accessories,65.0,1,12/12/22,19:14:00,Credit card,5.0,0.21,65.0,13.65
7127,WALM099,Weatherford,Home and lifestyle,15.0,1,29/11/20,16:09:00,Credit card,7.0,0.18,15.0,2.7
7128,WALM046,Temple,Fashion accessories,85.0,3,04/11/23,18:10:00,Credit card,6.0,0.48,255.0,122.4
7129,WALM030,Richardson,Home and lifestyle,24.0,2,16/12/22,19:21:00,Credit card,7.0,0.48,48.0,23.04
7130,WALM055,Waxahachie,Fashion accessories,73.0,2,27/11/23,18:58:00,Credit card,4.0,0.33,146.0,48.18
7131,WALM029,Round Rock,Home and lifestyle,69.0,3,20/11/22,18:32:00,Credit card,3.0,0.48,207.0,99.36
7132,WALM032,Tyler,Fashion accessories,46.0,2,30/12/20,17:47:00,Credit card,6.0,0.48,92.0,44.16
7133,WALM003,San Antonio,Home and lifestyle,70.0,3,19/12/21,15:13:00,Credit card,7.0,0.48,210.0,100.8
7134,WALM054,Sherman,Fashion accessories,24.0,3,10/12/23,17:15:00,Credit card,3.0,0.21,72.0,15.12
7135,WALM046,Temple,Home and lifestyle,29.0,2,14/12/23,15:01:00,Credit card,5.0,0.48,58.0,27.84
7136,WALM075,San Marcos,Fashion accessories,60.0,1,09/11/23,17:04:00,Credit card,7.0,0.33,60.0,19.8
7137,WALM038,Sugar Land,Home and lifestyle,59.0,2,01/11/21,20:43:00,Credit card,5.0,0.48,118.0,56.64
7138,WALM009,Plano,Fashion accessories,69.0,3,01/12/21,18:57:00,Credit card,6.0,0.48,207.0,99.36
7139,WALM074,Weslaco,Home and lifestyle,40.0,2,28/11/21,19:21:00,Credit card,3.0,0.33,80.0,26.4
7140,WALM084,Schertz,Fashion accessories,48.0,3,04/11/23,16:22:00,Credit card,4.0,0.33,144.0,47.52
7141,WALM074,Weslaco,Home and lifestyle,15.0,2,22/11/23,18:06:00,Credit card,3.0,0.33,30.0,9.9
7142,WALM058,Port Arthur,Fashion accessories,70.0,2,27/11/21,17:39:00,Credit card,4.0,0.33,140.0,46.2
7143,WALM055,Waxahachie,Home and lifestyle,61.0,3,20/12/22,19:29:00,Credit card,4.0,0.33,183.0,60.39
7144,WALM082,Weslaco,Fashion accessories,42.0,2,31/12/22,20:46:00,Credit card,4.0,0.33,84.0,27.72
7145,WALM050,Victoria,Home and lifestyle,20.0,3,27/11/20,18:09:00,Ewallet,3.0,0.48,60.0,28.8
7146,WALM035,San Angelo,Fashion accessories,16.0,3,17/12/20,20:15:00,Credit card,4.0,0.48,48.0,23.04
7147,WALM056,Rowlett,Home and lifestyle,60.0,3,11/11/23,20:28:00,Credit card,4.0,0.33,180.0,59.4
7148,WALM025,Waco,Fashion accessories,17.0,3,20/11/23,17:15:00,Credit card,7.0,0.48,51.0,24.48
7149,WALM075,San Marcos,Home and lifestyle,45.0,3,10/11/23,16:15:00,Credit card,4.0,0.33,135.0,44.55
7150,WALM073,Seguin,Fashion accessories,53.0,2,22/12/21,19:04:00,Credit card,5.0,0.33,106.0,34.98
7151,WALM054,Sherman,Home and lifestyle,81.0,3,27/11/20,16:02:00,Credit card,6.0,0.21,243.0,51.03
7152,WALM025,Waco,Fashion accessories,65.0,1,05/12/23,16:02:00,Credit card,4.0,0.48,65.0,31.2
7153,WALM032,Tyler,Home and lifestyle,71.0,1,08/12/22,17:15:00,Credit card,5.0,0.48,71.0,34.08
7154,WALM089,Southlake,Fashion accessories,17.0,2,01/11/21,20:49:00,Credit card,4.0,0.33,34.0,11.22
7155,WALM046,Temple,Home and lifestyle,46.0,3,18/11/20,15:43:00,Credit card,3.0,0.48,138.0,66.24
7156,WALM084,Schertz,Fashion accessories,79.0,1,01/11/22,19:11:00,Credit card,5.0,0.33,79.0,26.07
7157,WALM089,Southlake,Home and lifestyle,49.0,1,01/11/23,19:47:00,Credit card,4.0,0.33,49.0,16.17
7158,WALM054,Sherman,Fashion accessories,30.0,2,21/12/21,15:11:00,Credit card,4.0,0.21,60.0,12.6
7159,WALM075,San Marcos,Home and lifestyle,43.0,3,18/11/20,15:49:00,Credit card,7.0,0.33,129.0,42.57
7160,WALM056,Rowlett,Fashion accessories,66.0,1,19/12/22,16:45:00,Credit card,5.0,0.33,66.0,21.78
7161,WALM009,Plano,Home and lifestyle,56.0,2,03/11/23,17:41:00,Credit card,5.0,0.48,112.0,53.76
7162,WALM086,Rosenberg,Fashion accessories,67.0,2,12/12/22,19:28:00,Credit card,5.0,0.33,134.0,44.22
7163,WALM084,Schertz,Home and lifestyle,80.0,3,31/12/22,17:00:00,Credit card,3.0,0.33,240.0,79.2
7164,WALM055,Waxahachie,Fashion accessories,53.0,2,24/12/22,19:40:00,Credit card,3.0,0.33,106.0,34.98
7165,WALM073,Seguin,Home and lifestyle,16.0,1,24/11/21,17:38:00,Credit card,3.0,0.33,16.0,5.28
7166,WALM074,Weslaco,Fashion accessories,50.0,1,03/12/21,17:32:00,Credit card,7.0,0.33,50.0,16.5
7167,WALM056,Rowlett,Home and lifestyle,54.0,2,09/12/22,18:51:00,Credit card,7.0,0.33,108.0,35.64
7168,WALM058,Port Arthur,Fashion accessories,65.0,2,08/11/21,19:36:00,Credit card,7.0,0.33,130.0,42.9
7169,WALM084,Schertz,Home and lifestyle,75.0,1,10/12/22,19:20:00,Credit card,6.0,0.33,75.0,24.75
7170,WALM046,Temple,Fashion accessories,72.0,2,06/12/22,20:53:00,Credit card,4.0,0.48,144.0,69.12
7171,WALM032,Tyler,Home and lifestyle,38.0,1,18/12/21,20:49:00,Credit card,4.0,0.48,38.0,18.24
7172,WALM087,Waxahachie,Fashion accessories,50.0,2,14/12/20,20:30:00,Credit card,7.0,0.33,100.0,33.0
7173,WALM003,San Antonio,Home and lifestyle,37.0,2,27/11/22,16:57:00,Credit card,6.0,0.48,74.0,35.52
7174,WALM029,Round Rock,Fashion accessories,23.0,1,12/11/20,20:13:00,Credit card,6.0,0.48,23.0,11.04
7175,WALM032,Tyler,Home and lifestyle,52.0,2,19/12/20,16:13:00,Credit card,6.0,0.48,104.0,49.92
7176,WALM035,San Angelo,Fashion accessories,69.0,2,18/11/22,17:59:00,Credit card,3.0,0.48,138.0,66.24
7177,WALM055,Waxahachie,Home and lifestyle,38.0,2,01/11/20,20:10:00,Credit card,5.0,0.33,76.0,25.08
7178,WALM030,Richardson,Fashion accessories,48.0,1,05/12/21,19:02:00,Credit card,7.0,0.48,48.0,23.04
7179,WALM082,Weslaco,Home and lifestyle,17.0,1,30/12/22,16:51:00,Credit card,3.0,0.33,17.0,5.61
7180,WALM058,Port Arthur,Fashion accessories,40.0,1,05/12/21,15:24:00,Credit card,6.0,0.33,40.0,13.2
7181,WALM086,Rosenberg,Home and lifestyle,42.0,2,27/11/21,17:06:00,Credit card,7.0,0.33,84.0,27.72
7182,WALM099,Weatherford,Fashion accessories,70.0,3,28/12/22,15:12:00,Credit card,3.0,0.18,210.0,37.8
7183,WALM055,Waxahachie,Home and lifestyle,22.0,2,22/11/20,20:23:00,Credit card,6.0,0.33,44.0,14.52
7184,WALM003,San Antonio,Fashion accessories,78.0,1,14/11/23,19:43:00,Credit card,7.0,0.48,78.0,37.44
7185,WALM046,Temple,Home and lifestyle,70.0,2,16/12/21,16:41:00,Credit card,7.0,0.48,140.0,67.2
7186,WALM058,Port Arthur,Fashion accessories,21.0,2,16/12/22,20:09:00,Credit card,6.0,0.33,42.0,13.86
7187,WALM075,San Marcos,Home and lifestyle,75.0,2,26/11/20,15:21:00,Credit card,3.0,0.33,150.0,49.5
7188,WALM055,Waxahachie,Fashion accessories,77.0,1,13/11/21,20:05:00,Credit card,4.0,0.33,77.0,25.41
7189,WALM025,Waco,Home and lifestyle,72.0,1,16/12/23,15:03:00,Credit card,7.0,0.48,72.0,34.56
7190,WALM099,Weatherford,Fashion accessories,47.0,3,22/12/21,19:53:00,Credit card,6.0,0.18,141.0,25.38
7191,WALM055,Waxahachie,Home and lifestyle,76.0,2,17/12/20,18:12:00,Credit card,4.0,0.33,152.0,50.16
7192,WALM050,Victoria,Fashion accessories,71.0,3,08/11/23,16:17:00,Ewallet,6.0,0.48,213.0,102.24
7193,WALM073,Seguin,Home and lifestyle,81.0,1,02/11/20,20:40:00,Credit card,7.0,0.33,81.0,26.73
7194,WALM035,San Angelo,Fashion accessories,82.0,2,06/12/23,19:38:00,Credit card,4.0,0.48,164.0,78.72
7195,WALM025,Waco,Home and lifestyle,85.0,2,22/12/22,15:07:00,Credit card,6.0,0.48,170.0,81.6
7196,WALM038,Sugar Land,Fashion accessories,54.0,2,02/12/21,15:27:00,Credit card,6.0,0.48,108.0,51.84
7197,WALM069,Rockwall,Home and lifestyle,70.0,1,18/11/22,20:02:00,Credit card,3.0,0.33,70.0,23.1
7198,WALM087,Waxahachie,Fashion accessories,48.0,1,11/12/21,17:47:00,Credit card,5.0,0.33,48.0,15.84
7199,WALM065,Texas City,Home and lifestyle,84.0,3,29/11/22,18:46:00,Credit card,4.0,0.33,252.0,83.16
7200,WALM099,Weatherford,Fashion accessories,30.0,3,20/11/23,18:49:00,Credit card,3.0,0.18,90.0,16.2
7201,WALM089,Southlake,Home and lifestyle,37.0,2,04/12/21,18:05:00,Credit card,3.0,0.33,74.0,24.42
7202,WALM073,Seguin,Fashion accessories,54.0,3,20/12/23,17:06:00,Credit card,4.0,0.33,162.0,53.46
7203,WALM099,Weatherford,Home and lifestyle,41.0,3,27/12/20,18:51:00,Credit card,3.0,0.18,123.0,22.14
7204,WALM058,Port Arthur,Fashion accessories,24.0,3,03/11/21,20:21:00,Credit card,6.0,0.33,72.0,23.76
7205,WALM084,Schertz,Home and lifestyle,37.0,3,11/11/20,17:04:00,Credit card,6.0,0.33,111.0,36.63
7206,WALM082,Weslaco,Fashion accessories,63.0,3,21/11/23,16:47:00,Credit card,3.0,0.33,189.0,62.37
7207,WALM029,Round Rock,Home and lifestyle,30.0,2,13/12/23,15:09:00,Credit card,6.0,0.48,60.0,28.8
7208,WALM032,Tyler,Fashion accessories,76.0,1,06/12/22,20:31:00,Credit card,7.0,0.48,76.0,36.48
7209,WALM030,Richardson,Home and lifestyle,61.0,1,11/12/20,18:28:00,Credit card,7.0,0.48,61.0,29.28
7210,WALM003,San Antonio,Fashion accessories,81.0,3,03/12/22,20:51:00,Credit card,5.0,0.48,243.0,116.64
7211,WALM035,San Angelo,Home and lifestyle,38.0,3,17/11/20,18:31:00,Credit card,7.0,0.48,114.0,54.72
7212,WALM025,Waco,Fashion accessories,42.0,1,21/11/21,18:35:00,Credit card,7.0,0.48,42.0,20.16
7213,WALM082,Weslaco,Home and lifestyle,24.0,3,09/11/21,18:59:00,Credit card,3.0,0.33,72.0,23.76
7214,WALM038,Sugar Land,Fashion accessories,26.0,3,10/12/20,19:38:00,Credit card,7.0,0.48,78.0,37.44
7215,WALM058,Port Arthur,Home and lifestyle,77.0,2,28/11/23,16:18:00,Credit card,3.0,0.33,154.0,50.82
7216,WALM082,Weslaco,Fashion accessories,48.0,1,05/11/20,17:24:00,Credit card,7.0,0.33,48.0,15.84
7217,WALM074,Weslaco,Home and lifestyle,55.0,3,26/12/23,15:32:00,Credit card,6.0,0.33,165.0,54.45
7218,WALM038,Sugar Land,Fashion accessories,58.0,2,02/11/23,20:29:00,Credit card,6.0,0.48,116.0,55.68
7219,WALM055,Waxahachie,Home and lifestyle,46.0,2,06/11/21,17:23:00,Credit card,6.0,0.33,92.0,30.36
7220,WALM089,Southlake,Fashion accessories,74.0,2,11/12/23,17:14:00,Credit card,7.0,0.33,148.0,48.84
7221,WALM029,Round Rock,Home and lifestyle,73.0,3,23/11/20,18:06:00,Credit card,5.0,0.48,219.0,105.12
7222,WALM035,San Angelo,Fashion accessories,44.0,2,03/11/23,17:17:00,Credit card,7.0,0.48,88.0,42.24
7223,WALM084,Schertz,Home and lifestyle,55.0,1,13/11/22,20:51:00,Credit card,7.0,0.33,55.0,18.15
7224,WALM054,Sherman,Fashion accessories,53.0,3,01/12/20,17:31:00,Credit card,6.0,0.21,159.0,33.39
7225,WALM074,Weslaco,Home and lifestyle,68.0,3,06/11/23,16:58:00,Credit card,4.0,0.33,204.0,67.32
7226,WALM099,Weatherford,Fashion accessories,82.0,2,26/12/23,15:06:00,Credit card,4.0,0.18,164.0,29.52
7227,WALM050,Victoria,Home and lifestyle,84.0,1,01/11/20,20:45:00,Ewallet,3.0,0.48,84.0,40.32
7228,WALM046,Temple,Fashion accessories,85.0,2,12/12/22,15:40:00,Credit card,7.0,0.48,170.0,81.6
7229,WALM025,Waco,Home and lifestyle,69.0,3,17/12/23,20:22:00,Credit card,7.0,0.48,207.0,99.36
7230,WALM074,Weslaco,Fashion accessories,48.0,2,15/11/20,18:01:00,Credit card,4.0,0.33,96.0,31.68
7231,WALM009,Plano,Home and lifestyle,70.0,1,27/11/20,15:21:00,Credit card,7.0,0.48,70.0,33.6
7232,WALM069,Rockwall,Fashion accessories,71.0,3,25/12/23,19:20:00,Credit card,3.0,0.33,213.0,70.29
7233,WALM055,Waxahachie,Home and lifestyle,61.0,2,21/11/22,16:13:00,Credit card,4.0,0.33,122.0,40.26
7234,WALM084,Schertz,Fashion accessories,54.0,1,09/11/20,19:49:00,Credit card,4.0,0.33,54.0,17.82
7235,WALM086,Rosenberg,Home and lifestyle,32.0,1,23/12/20,19:35:00,Credit card,6.0,0.33,32.0,10.56
7236,WALM073,Seguin,Fashion accessories,40.0,1,25/12/23,20:31:00,Credit card,3.0,0.33,40.0,13.2
7237,WALM056,Rowlett,Home and lifestyle,27.0,1,28/11/23,16:48:00,Credit card,4.0,0.33,27.0,8.91
7238,WALM074,Weslaco,Fashion accessories,37.0,2,27/12/21,20:01:00,Credit card,6.0,0.33,74.0,24.42
7239,WALM089,Southlake,Home and lifestyle,22.0,2,03/11/22,18:32:00,Credit card,6.0,0.33,44.0,14.52
7240,WALM082,Weslaco,Fashion accessories,55.0,3,30/12/23,20:24:00,Credit card,6.0,0.33,165.0,54.45
7241,WALM089,Southlake,Home and lifestyle,29.0,2,28/11/21,17:53:00,Credit card,5.0,0.33,58.0,19.14
7242,WALM055,Waxahachie,Fashion accessories,30.0,3,16/12/23,15:41:00,Credit card,5.0,0.33,90.0,29.7
7243,WALM058,Port Arthur,Home and lifestyle,19.0,2,20/12/21,16:08:00,Credit card,4.0,0.33,38.0,12.54
7244,WALM030,Richardson,Fashion accessories,29.0,1,23/12/22,17:52:00,Credit card,3.0,0.48,29.0,13.92
7245,WALM089,Southlake,Home and lifestyle,79.0,2,03/11/20,19:23:00,Credit card,6.0,0.33,158.0,52.14
7246,WALM055,Waxahachie,Fashion accessories,85.0,2,03/11/22,20:02:00,Credit card,6.0,0.33,170.0,56.1
7247,WALM025,Waco,Home and lifestyle,63.0,1,14/12/23,17:35:00,Credit card,7.0,0.48,63.0,30.24
7248,WALM056,Rowlett,Fashion accessories,57.0,1,17/12/22,18:44:00,Credit card,6.0,0.33,57.0,18.81
7249,WALM025,Waco,Home and lifestyle,41.0,1,01/12/20,20:35:00,Credit card,7.0,0.48,41.0,19.68
7250,WALM074,Weslaco,Fashion accessories,50.0,3,12/12/23,15:53:00,Credit card,5.0,0.33,150.0,49.5
7251,WALM099,Weatherford,Home and lifestyle,19.0,1,11/11/22,15:10:00,Credit card,3.0,0.18,19.0,3.42
7252,WALM086,Rosenberg,Fashion accessories,33.0,1,21/11/20,18:21:00,Credit card,7.0,0.33,33.0,10.89
7253,WALM058,Port Arthur,Home and lifestyle,82.0,2,12/11/22,15:41:00,Credit card,3.0,0.33,164.0,54.12
7254,WALM054,Sherman,Fashion accessories,26.0,1,27/11/22,17:43:00,Credit card,5.0,0.21,26.0,5.46
7255,WALM054,Sherman,Home and lifestyle,52.0,3,14/11/21,17:57:00,Credit card,6.0,0.21,156.0,32.76
7256,WALM099,Weatherford,Fashion accessories,34.0,3,12/12/23,20:33:00,Credit card,4.0,0.18,102.0,18.36
7257,WALM029,Round Rock,Home and lifestyle,55.0,1,07/12/22,16:07:00,Credit card,5.0,0.48,55.0,26.4
7258,WALM046,Temple,Fashion accessories,45.0,2,27/11/22,18:12:00,Credit card,4.0,0.48,90.0,43.2
7259,WALM065,Texas City,Home and lifestyle,31.0,1,31/12/20,15:14:00,Credit card,6.0,0.33,31.0,10.23
7260,WALM084,Schertz,Fashion accessories,52.0,2,09/11/22,17:19:00,Credit card,7.0,0.33,104.0,34.32
7261,WALM050,Victoria,Home and lifestyle,20.0,3,20/11/21,17:37:00,Ewallet,4.0,0.48,60.0,28.8
7262,WALM056,Rowlett,Fashion accessories,62.0,2,05/12/21,18:35:00,Credit card,6.0,0.33,124.0,40.92
7263,WALM087,Waxahachie,Home and lifestyle,70.0,1,11/12/21,20:34:00,Credit card,4.0,0.33,70.0,23.1
7264,WALM087,Waxahachie,Fashion accessories,82.0,3,24/11/21,15:22:00,Credit card,5.0,0.33,246.0,81.18
7265,WALM003,San Antonio,Home and lifestyle,28.0,1,05/12/23,15:04:00,Credit card,3.0,0.48,28.0,13.44
7266,WALM030,Richardson,Fashion accessories,77.0,3,10/11/21,15:42:00,Credit card,6.0,0.48,231.0,110.88
7267,WALM065,Texas City,Home and lifestyle,85.0,1,16/12/21,20:15:00,Credit card,6.0,0.33,85.0,28.05
7268,WALM073,Seguin,Fashion accessories,42.0,1,03/12/22,17:41:00,Credit card,6.0,0.33,42.0,13.86
7269,WALM056,Rowlett,Home and lifestyle,42.0,1,25/11/20,20:48:00,Credit card,5.0,0.33,42.0,13.86
7270,WALM074,Weslaco,Fashion accessories,53.0,2,23/12/22,20:16:00,Credit card,5.0,0.33,106.0,34.98
7271,WALM065,Texas City,Home and lifestyle,81.0,3,10/11/21,15:20:00,Credit card,3.0,0.33,243.0,80.19
7272,WALM038,Sugar Land,Fashion accessories,68.0,3,02/12/21,18:48:00,Credit card,7.0,0.48,204.0,97.92
7273,WALM030,Richardson,Home and lifestyle,41.0,3,04/12/21,17:35:00,Credit card,4.0,0.48,123.0,59.04
7274,WALM055,Waxahachie,Fashion accessories,23.0,3,29/12/21,20:30:00,Credit card,7.0,0.33,69.0,22.77
7275,WALM056,Rowlett,Home and lifestyle,71.0,2,08/12/21,17:49:00,Credit card,3.0,0.33,142.0,46.86
7276,WALM035,San Angelo,Fashion accessories,39.0,1,24/11/23,18:56:00,Credit card,7.0,0.48,39.0,18.72
7277,WALM003,San Antonio,Home and lifestyle,79.0,1,15/11/20,16:32:00,Credit card,4.0,0.48,79.0,37.92
7278,WALM069,Rockwall,Fashion accessories,45.0,2,02/12/22,18:33:00,Credit card,6.0,0.33,90.0,29.7
7279,WALM003,San Antonio,Home and lifestyle,85.0,1,15/11/20,18:13:00,Credit card,7.0,0.48,85.0,40.8
7280,WALM069,Rockwall,Fashion accessories,36.0,2,03/11/20,19:28:00,Credit card,3.0,0.33,72.0,23.76
7281,WALM032,Tyler,Home and lifestyle,59.0,1,02/11/23,16:33:00,Credit card,4.0,0.48,59.0,28.32
7282,WALM084,Schertz,Fashion accessories,85.0,2,22/11/20,20:28:00,Credit card,7.0,0.33,170.0,56.1
7283,WALM032,Tyler,Home and lifestyle,17.0,1,08/11/23,18:39:00,Credit card,3.0,0.48,17.0,8.16
7284,WALM035,San Angelo,Fashion accessories,64.0,2,22/11/23,19:58:00,Credit card,4.0,0.48,128.0,61.44
7285,WALM073,Seguin,Home and lifestyle,33.0,3,02/11/20,15:14:00,Credit card,7.0,0.33,99.0,32.67
7286,WALM084,Schertz,Fashion accessories,39.0,3,19/12/23,18:16:00,Credit card,4.0,0.33,117.0,38.61
7287,WALM003,San Antonio,Home and lifestyle,81.0,2,03/11/20,20:07:00,Credit card,5.0,0.48,162.0,77.76
7288,WALM099,Weatherford,Fashion accessories,26.0,1,18/11/21,15:40:00,Credit card,6.0,0.18,26.0,4.68
7289,WALM055,Waxahachie,Home and lifestyle,42.0,1,30/12/20,18:21:00,Credit card,3.0,0.33,42.0,13.86
7290,WALM009,Plano,Fashion accessories,51.0,1,24/12/21,17:39:00,Credit card,6.0,0.48,51.0,24.48
7291,WALM069,Rockwall,Home and lifestyle,68.0,1,20/11/22,19:36:00,Credit card,3.0,0.33,68.0,22.44
7292,WALM046,Temple,Fashion accessories,39.0,3,16/11/20,18:51:00,Credit card,5.0,0.48,117.0,56.16
7293,WALM069,Rockwall,Home and lifestyle,18.0,3,03/12/22,20:51:00,Credit card,7.0,0.33,54.0,17.82
7294,WALM069,Rockwall,Fashion accessories,74.0,1,03/12/20,17:29:00,Credit card,7.0,0.33,74.0,24.42
7295,WALM069,Rockwall,Home and lifestyle,54.0,1,09/12/22,15:33:00,Credit card,3.0,0.33,54.0,17.82
7296,WALM089,Southlake,Fashion accessories,77.0,1,27/12/23,20:01:00,Credit card,4.0,0.33,77.0,25.41
7297,WALM003,San Antonio,Home and lifestyle,78.0,3,17/11/21,17:24:00,Credit card,7.0,0.48,234.0,112.32
7298,WALM089,Southlake,Fashion accessories,57.0,2,21/12/20,20:47:00,Credit card,5.0,0.33,114.0,37.62
7299,WALM055,Waxahachie,Home and lifestyle,78.0,2,10/11/23,15:48:00,Credit card,3.0,0.33,156.0,51.48
7300,WALM087,Waxahachie,Fashion accessories,61.0,3,03/11/21,20:56:00,Credit card,5.0,0.33,183.0,60.39
7301,WALM069,Rockwall,Home and lifestyle,76.0,3,18/11/23,19:50:00,Credit card,7.0,0.33,228.0,75.24
7302,WALM038,Sugar Land,Fashion accessories,56.0,3,07/12/20,17:36:00,Credit card,7.0,0.48,168.0,80.64
7303,WALM056,Rowlett,Home and lifestyle,18.0,1,02/12/21,20:27:00,Credit card,3.0,0.33,18.0,5.94
7304,WALM055,Waxahachie,Fashion accessories,24.0,2,17/11/22,16:21:00,Credit card,7.0,0.33,48.0,15.84
7305,WALM030,Richardson,Home and lifestyle,16.0,3,05/11/21,20:16:00,Credit card,4.0,0.48,48.0,23.04
7306,WALM055,Waxahachie,Fashion accessories,56.0,1,08/12/20,15:40:00,Credit card,6.0,0.33,56.0,18.48
7307,WALM025,Waco,Home and lifestyle,59.0,2,05/12/21,19:36:00,Credit card,3.0,0.48,118.0,56.64
7308,WALM089,Southlake,Fashion accessories,38.0,1,16/12/21,20:36:00,Credit card,7.0,0.33,38.0,12.54
7309,WALM069,Rockwall,Home and lifestyle,59.0,2,04/12/20,18:22:00,Credit card,4.0,0.33,118.0,38.94
7310,WALM086,Rosenberg,Fashion accessories,48.0,1,26/11/20,19:06:00,Credit card,3.0,0.33,48.0,15.84
7311,WALM099,Weatherford,Home and lifestyle,72.0,3,24/12/22,15:46:00,Credit card,5.0,0.18,216.0,38.88
7312,WALM056,Rowlett,Fashion accessories,55.0,1,19/11/21,16:35:00,Credit card,3.0,0.33,55.0,18.15
7313,WALM087,Waxahachie,Home and lifestyle,52.0,3,01/12/23,20:22:00,Credit card,6.0,0.33,156.0,51.48
7314,WALM025,Waco,Fashion accessories,17.0,1,07/11/23,18:25:00,Credit card,3.0,0.48,17.0,8.16
7315,WALM032,Tyler,Home and lifestyle,58.0,3,01/11/21,16:48:00,Credit card,7.0,0.48,174.0,83.52
7316,WALM075,San Marcos,Fashion accessories,74.0,3,29/12/23,17:19:00,Credit card,3.0,0.33,222.0,73.26
7317,WALM038,Sugar Land,Home and lifestyle,69.0,1,04/12/22,19:39:00,Credit card,3.0,0.48,69.0,33.12
7318,WALM046,Temple,Fashion accessories,39.0,1,10/12/22,15:38:00,Credit card,7.0,0.48,39.0,18.72
7319,WALM038,Sugar Land,Home and lifestyle,53.0,1,14/11/22,17:29:00,Credit card,3.0,0.48,53.0,25.44
7320,WALM099,Weatherford,Fashion accessories,50.0,1,01/12/22,16:04:00,Credit card,6.0,0.18,50.0,9.0
7321,WALM082,Weslaco,Home and lifestyle,62.0,3,25/11/22,18:25:00,Credit card,5.0,0.33,186.0,61.38
7322,WALM074,Weslaco,Fashion accessories,23.0,2,02/12/21,16:05:00,Credit card,6.0,0.33,46.0,15.18
7323,WALM089,Southlake,Home and lifestyle,26.0,2,15/12/22,17:02:00,Credit card,4.0,0.33,52.0,17.16
7324,WALM082,Weslaco,Fashion accessories,29.0,3,14/12/23,18:01:00,Credit card,7.0,0.33,87.0,28.71
7325,WALM046,Temple,Home and lifestyle,33.0,2,03/12/23,18:57:00,Credit card,5.0,0.48,66.0,31.68
7326,WALM082,Weslaco,Fashion accessories,84.0,1,04/11/21,15:33:00,Credit card,6.0,0.33,84.0,27.72
7327,WALM050,Victoria,Home and lifestyle,15.0,1,22/11/23,15:49:00,Ewallet,6.0,0.48,15.0,7.2
7328,WALM056,Rowlett,Fashion accessories,49.0,1,08/11/21,19:37:00,Credit card,6.0,0.33,49.0,16.17
7329,WALM069,Rockwall,Home and lifestyle,32.0,2,12/12/23,19:08:00,Credit card,3.0,0.33,64.0,21.12
7330,WALM084,Schertz,Fashion accessories,26.0,1,18/11/21,20:12:00,Credit card,3.0,0.33,26.0,8.58
7331,WALM050,Victoria,Home and lifestyle,40.0,1,30/12/22,21:00:00,Ewallet,6.0,0.48,40.0,19.2
7332,WALM050,Victoria,Fashion accessories,51.0,3,22/11/22,19:47:00,Ewallet,4.0,0.48,153.0,73.44
7333,WALM029,Round Rock,Home and lifestyle,69.0,1,26/12/20,15:07:00,Credit card,4.0,0.48,69.0,33.12
7334,WALM058,Port Arthur,Fashion accessories,53.0,2,19/12/21,19:06:00,Credit card,3.0,0.33,106.0,34.98
7335,WALM065,Texas City,Home and lifestyle,73.0,3,22/11/20,18:11:00,Credit card,3.0,0.33,219.0,72.27
7336,WALM009,Plano,Fashion accessories,68.0,3,12/11/22,18:33:00,Credit card,4.0,0.48,204.0,97.92
7337,WALM050,Victoria,Home and lifestyle,33.0,2,11/12/22,15:50:00,Ewallet,7.0,0.48,66.0,31.68
7338,WALM025,Waco,Fashion accessories,27.0,2,07/12/22,16:06:00,Credit card,3.0,0.48,54.0,25.92
7339,WALM029,Round Rock,Home and lifestyle,25.0,1,10/12/20,20:30:00,Credit card,3.0,0.48,25.0,12.0
7340,WALM065,Texas City,Fashion accessories,36.0,1,31/12/20,20:30:00,Credit card,5.0,0.33,36.0,11.88
7341,WALM050,Victoria,Home and lifestyle,25.0,3,08/12/23,20:25:00,Ewallet,3.0,0.48,75.0,36.0
7342,WALM086,Rosenberg,Fashion accessories,52.0,3,26/12/21,19:18:00,Credit card,7.0,0.33,156.0,51.48
7343,WALM074,Weslaco,Home and lifestyle,24.0,3,24/11/20,19:40:00,Credit card,7.0,0.33,72.0,23.76
7344,WALM099,Weatherford,Fashion accessories,57.0,1,28/12/23,20:26:00,Credit card,7.0,0.18,57.0,10.26
7345,WALM025,Waco,Home and lifestyle,61.0,1,11/11/20,18:53:00,Credit card,3.0,0.48,61.0,29.28
7346,WALM032,Tyler,Fashion accessories,40.0,1,15/11/22,16:38:00,Credit card,6.0,0.48,40.0,19.2
7347,WALM055,Waxahachie,Home and lifestyle,47.0,1,12/11/21,19:31:00,Credit card,4.0,0.33,47.0,15.51
7348,WALM075,San Marcos,Fashion accessories,51.0,1,08/12/21,15:07:00,Credit card,7.0,0.33,51.0,16.83
7349,WALM073,Seguin,Home and lifestyle,20.0,1,17/11/21,19:12:00,Credit card,4.0,0.33,20.0,6.6
7350,WALM075,San Marcos,Fashion accessories,81.0,2,28/12/23,18:20:00,Credit card,3.0,0.33,162.0,53.46
7351,WALM089,Southlake,Home and lifestyle,79.0,1,18/12/22,16:42:00,Credit card,7.0,0.33,79.0,26.07
7352,WALM073,Seguin,Fashion accessories,15.0,1,01/11/22,17:09:00,Credit card,3.0,0.33,15.0,4.95
7353,WALM029,Round Rock,Home and lifestyle,45.0,3,08/11/20,20:13:00,Credit card,4.0,0.48,135.0,64.8
7354,WALM046,Temple,Fashion accessories,64.0,1,21/12/22,20:02:00,Credit card,7.0,0.48,64.0,30.72
7355,WALM003,San Antonio,Home and lifestyle,67.0,3,14/12/22,19:27:00,Credit card,7.0,0.48,201.0,96.48
7356,WALM073,Seguin,Fashion accessories,35.0,2,05/12/20,17:34:00,Credit card,7.0,0.33,70.0,23.1
7357,WALM075,San Marcos,Home and lifestyle,44.0,3,09/11/21,20:45:00,Credit card,4.0,0.33,132.0,43.56
7358,WALM038,Sugar Land,Fashion accessories,63.0,2,29/11/23,15:52:00,Credit card,7.0,0.48,126.0,60.48
7359,WALM069,Rockwall,Home and lifestyle,62.0,1,19/12/22,20:59:00,Credit card,5.0,0.33,62.0,20.46
7360,WALM058,Port Arthur,Fashion accessories,29.0,1,28/11/20,20:20:00,Credit card,5.0,0.33,29.0,9.57
7361,WALM099,Weatherford,Home and lifestyle,61.0,3,01/11/20,17:58:00,Credit card,3.0,0.18,183.0,32.94
7362,WALM084,Schertz,Fashion accessories,37.0,2,12/11/21,16:44:00,Credit card,5.0,0.33,74.0,24.42
7363,WALM009,Plano,Home and lifestyle,36.0,1,18/11/23,17:26:00,Credit card,3.0,0.48,36.0,17.28
7364,WALM084,Schertz,Fashion accessories,18.0,3,06/11/20,15:34:00,Credit card,5.0,0.33,54.0,17.82
7365,WALM055,Waxahachie,Home and lifestyle,78.0,3,13/12/23,18:11:00,Credit card,3.0,0.33,234.0,77.22
7366,WALM046,Temple,Fashion accessories,75.0,2,02/12/21,20:01:00,Credit card,7.0,0.48,150.0,72.0
7367,WALM003,San Antonio,Home and lifestyle,68.0,2,27/12/21,17:56:00,Credit card,4.0,0.48,136.0,65.28
7368,WALM029,Round Rock,Fashion accessories,57.0,2,13/11/22,17:39:00,Credit card,3.0,0.48,114.0,54.72
7369,WALM075,San Marcos,Home and lifestyle,82.0,2,20/11/20,17:20:00,Credit card,7.0,0.33,164.0,54.12
7370,WALM029,Round Rock,Fashion accessories,59.0,3,04/12/22,18:52:00,Credit card,4.0,0.48,177.0,84.96
7371,WALM087,Waxahachie,Home and lifestyle,61.0,2,03/11/21,15:07:00,Credit card,7.0,0.33,122.0,40.26
7372,WALM065,Texas City,Fashion accessories,61.0,3,11/12/23,19:50:00,Credit card,7.0,0.33,183.0,60.39
7373,WALM087,Waxahachie,Home and lifestyle,68.0,1,16/11/21,18:02:00,Credit card,3.0,0.33,68.0,22.44
7374,WALM084,Schertz,Fashion accessories,37.0,1,08/11/20,15:52:00,Credit card,4.0,0.33,37.0,12.21
7375,WALM029,Round Rock,Home and lifestyle,39.0,1,14/11/22,16:31:00,Credit card,6.0,0.48,39.0,18.72
7376,WALM073,Seguin,Fashion accessories,69.0,1,28/11/21,20:57:00,Credit card,7.0,0.33,69.0,22.77
7377,WALM035,San Angelo,Home and lifestyle,55.0,3,21/12/20,18:24:00,Credit card,7.0,0.48,165.0,79.2
7378,WALM058,Port Arthur,Fashion accessories,18.0,2,13/11/22,18:24:00,Credit card,6.0,0.33,36.0,11.88
7379,WALM058,Port Arthur,Home and lifestyle,30.0,1,15/12/21,15:36:00,Credit card,7.0,0.33,30.0,9.9
7380,WALM099,Weatherford,Fashion accessories,20.0,3,26/12/23,20:23:00,Credit card,4.0,0.18,60.0,10.8
7381,WALM075,San Marcos,Home and lifestyle,46.0,2,04/11/23,19:56:00,Credit card,3.0,0.33,92.0,30.36
7382,WALM086,Rosenberg,Fashion accessories,43.0,2,24/11/23,19:07:00,Credit card,3.0,0.33,86.0,28.38
7383,WALM074,Weslaco,Home and lifestyle,51.0,1,10/11/21,16:07:00,Credit card,3.0,0.33,51.0,16.83
7384,WALM030,Richardson,Fashion accessories,65.0,1,02/11/23,19:46:00,Credit card,4.0,0.48,65.0,31.2
7385,WALM075,San Marcos,Home and lifestyle,78.0,1,12/11/20,19:46:00,Credit card,4.0,0.33,78.0,25.74
7386,WALM003,San Antonio,Fashion accessories,76.0,3,12/12/20,19:55:00,Credit card,6.0,0.48,228.0,109.44
7387,WALM074,Weslaco,Home and lifestyle,82.0,2,26/12/20,16:35:00,Credit card,4.0,0.33,164.0,54.12
7388,WALM087,Waxahachie,Fashion accessories,21.0,1,08/12/22,18:40:00,Credit card,4.0,0.33,21.0,6.93
7389,WALM089,Southlake,Home and lifestyle,36.0,2,18/12/21,16:45:00,Credit card,6.0,0.33,72.0,23.76
7390,WALM032,Tyler,Fashion accessories,22.0,1,30/12/23,17:57:00,Credit card,7.0,0.48,22.0,10.56
7391,WALM084,Schertz,Home and lifestyle,70.0,1,18/11/21,17:31:00,Credit card,4.0,0.33,70.0,23.1
7392,WALM086,Rosenberg,Fashion accessories,40.0,3,15/12/22,15:16:00,Credit card,7.0,0.33,120.0,39.6
7393,WALM054,Sherman,Home and lifestyle,83.0,2,15/11/23,19:04:00,Credit card,5.0,0.21,166.0,34.86
7394,WALM084,Schertz,Fashion accessories,64.0,3,09/12/20,15:18:00,Credit card,5.0,0.33,192.0,63.36
7395,WALM065,Texas City,Home and lifestyle,78.0,3,16/12/22,16:11:00,Credit card,4.0,0.33,234.0,77.22
7396,WALM050,Victoria,Fashion accessories,16.0,3,27/11/22,19:02:00,Ewallet,5.0,0.48,48.0,23.04
7397,WALM003,San Antonio,Home and lifestyle,67.0,2,06/11/22,19:54:00,Credit card,7.0,0.48,134.0,64.32
7398,WALM056,Rowlett,Fashion accessories,19.0,1,22/11/23,19:24:00,Credit card,5.0,0.33,19.0,6.27
7399,WALM025,Waco,Home and lifestyle,56.0,1,28/12/20,15:16:00,Credit card,4.0,0.48,56.0,26.88
7400,WALM074,Weslaco,Fashion accessories,32.0,3,19/12/20,17:56:00,Credit card,6.0,0.33,96.0,31.68
7401,WALM035,San Angelo,Home and lifestyle,79.0,1,08/12/20,15:31:00,Credit card,6.0,0.48,79.0,37.92
7402,WALM075,San Marcos,Fashion accessories,54.0,3,29/12/23,16:49:00,Credit card,3.0,0.33,162.0,53.46
7403,WALM089,Southlake,Home and lifestyle,42.0,2,17/12/20,17:33:00,Credit card,6.0,0.33,84.0,27.72
7404,WALM025,Waco,Fashion accessories,38.0,2,16/11/23,20:39:00,Credit card,4.0,0.48,76.0,36.48
7405,WALM065,Texas City,Home and lifestyle,56.0,1,31/12/23,15:15:00,Credit card,7.0,0.33,56.0,18.48
7406,WALM030,Richardson,Fashion accessories,20.0,1,08/11/20,18:28:00,Credit card,5.0,0.48,20.0,9.6
7407,WALM055,Waxahachie,Home and lifestyle,42.0,1,16/12/22,15:42:00,Credit card,7.0,0.33,42.0,13.86
7408,WALM089,Southlake,Fashion accessories,37.0,3,02/12/23,19:58:00,Credit card,3.0,0.33,111.0,36.63
7409,WALM029,Round Rock,Home and lifestyle,82.0,1,19/11/22,17:15:00,Credit card,4.0,0.48,82.0,39.36
7410,WALM054,Sherman,Fashion accessories,64.0,2,05/11/20,17:17:00,Credit card,5.0,0.21,128.0,26.88
7411,WALM069,Rockwall,Home and lifestyle,31.0,2,06/11/21,18:44:00,Credit card,6.0,0.33,62.0,20.46
7412,WALM032,Tyler,Fashion accessories,57.0,1,15/12/22,18:22:00,Credit card,6.0,0.48,57.0,27.36
7413,WALM084,Schertz,Home and lifestyle,22.0,3,04/11/20,19:45:00,Credit card,4.0,0.33,66.0,21.78
7414,WALM038,Sugar Land,Fashion accessories,25.0,1,28/11/21,15:04:00,Credit card,5.0,0.48,25.0,12.0
7415,WALM030,Richardson,Home and lifestyle,47.0,3,04/12/22,15:42:00,Credit card,7.0,0.48,141.0,67.68
7416,WALM046,Temple,Fashion accessories,70.0,3,15/12/22,18:05:00,Credit card,7.0,0.48,210.0,100.8
7417,WALM074,Weslaco,Home and lifestyle,70.0,1,22/11/20,16:28:00,Credit card,3.0,0.33,70.0,23.1
7418,WALM030,Richardson,Fashion accessories,15.0,1,04/11/21,18:18:00,Credit card,3.0,0.48,15.0,7.2
7419,WALM089,Southlake,Home and lifestyle,82.0,1,04/11/22,20:46:00,Credit card,7.0,0.33,82.0,27.06
7420,WALM054,Sherman,Fashion accessories,41.0,2,30/12/20,15:29:00,Credit card,7.0,0.21,82.0,17.22
7421,WALM099,Weatherford,Home and lifestyle,67.0,2,03/11/22,20:52:00,Credit card,3.0,0.18,134.0,24.12
7422,WALM032,Tyler,Fashion accessories,81.0,2,27/12/21,18:04:00,Credit card,5.0,0.48,162.0,77.76
7423,WALM035,San Angelo,Home and lifestyle,45.0,2,16/12/22,17:52:00,Credit card,3.0,0.48,90.0,43.2
7424,WALM035,San Angelo,Fashion accessories,83.0,2,30/11/21,18:31:00,Credit card,5.0,0.48,166.0,79.68
7425,WALM055,Waxahachie,Home and lifestyle,83.0,3,26/12/20,17:53:00,Credit card,3.0,0.33,249.0,82.17
7426,WALM029,Round Rock,Fashion accessories,83.0,1,02/12/22,15:40:00,Credit card,3.0,0.48,83.0,39.84
7427,WALM086,Rosenberg,Home and lifestyle,57.0,2,30/12/22,17:06:00,Credit card,6.0,0.33,114.0,37.62
7428,WALM050,Victoria,Fashion accessories,72.0,2,13/11/21,19:46:00,Ewallet,3.0,0.48,144.0,69.12
7429,WALM058,Port Arthur,Home and lifestyle,48.0,2,08/11/22,19:28:00,Credit card,4.0,0.33,96.0,31.68
7430,WALM074,Weslaco,Fashion accessories,83.0,1,18/11/22,17:39:00,Credit card,5.0,0.33,83.0,27.39
7431,WALM009,Plano,Home and lifestyle,30.0,1,17/11/20,19:38:00,Credit card,3.0,0.48,30.0,14.4
7432,WALM055,Waxahachie,Fashion accessories,73.0,2,11/12/20,16:46:00,Credit card,4.0,0.33,146.0,48.18
7433,WALM086,Rosenberg,Home and lifestyle,29.0,3,26/12/23,16:08:00,Credit card,3.0,0.33,87.0,28.71
7434,WALM082,Weslaco,Fashion accessories,66.0,1,30/11/23,20:42:00,Credit card,6.0,0.33,66.0,21.78
7435,WALM089,Southlake,Home and lifestyle,37.0,2,18/11/21,15:54:00,Credit card,7.0,0.33,74.0,24.42
7436,WALM003,San Antonio,Fashion accessories,45.0,1,07/11/21,17:39:00,Credit card,5.0,0.48,45.0,21.6
7437,WALM056,Rowlett,Home and lifestyle,51.0,2,27/11/23,17:06:00,Credit card,4.0,0.33,102.0,33.66
7438,WALM084,Schertz,Fashion accessories,16.0,3,23/11/23,18:36:00,Credit card,7.0,0.33,48.0,15.84
7439,WALM046,Temple,Home and lifestyle,58.0,1,05/11/23,18:40:00,Credit card,4.0,0.48,58.0,27.84
7440,WALM065,Texas City,Fashion accessories,72.0,1,23/12/23,16:26:00,Credit card,4.0,0.33,72.0,23.76
7441,WALM086,Rosenberg,Home and lifestyle,50.0,3,09/12/20,17:08:00,Credit card,3.0,0.33,150.0,49.5
7442,WALM035,San Angelo,Fashion accessories,23.0,1,24/12/21,20:38:00,Credit card,6.0,0.48,23.0,11.04
7443,WALM003,San Antonio,Home and lifestyle,36.0,2,02/11/20,17:12:00,Credit card,7.0,0.48,72.0,34.56
7444,WALM055,Waxahachie,Fashion accessories,26.0,3,04/12/20,19:33:00,Credit card,6.0,0.33,78.0,25.74
7445,WALM029,Round Rock,Home and lifestyle,53.0,3,09/11/23,17:19:00,Credit card,3.0,0.48,159.0,76.32
7446,WALM065,Texas City,Fashion accessories,25.0,3,28/11/23,17:45:00,Credit card,7.0,0.33,75.0,24.75
7447,WALM025,Waco,Home and lifestyle,52.0,1,22/12/22,20:26:00,Credit card,4.0,0.48,52.0,24.96
7448,WALM086,Rosenberg,Fashion accessories,71.0,1,19/11/23,16:23:00,Credit card,6.0,0.33,71.0,23.43
7449,WALM038,Sugar Land,Home and lifestyle,26.0,3,17/12/20,15:27:00,Credit card,3.0,0.48,78.0,37.44
7450,WALM089,Southlake,Fashion accessories,44.0,2,31/12/21,18:05:00,Credit card,5.0,0.33,88.0,29.04
7451,WALM054,Sherman,Home and lifestyle,48.0,1,14/11/22,17:55:00,Credit card,4.0,0.21,48.0,10.08
7452,WALM030,Richardson,Fashion accessories,63.0,2,02/12/23,19:17:00,Credit card,4.0,0.48,126.0,60.48
7453,WALM082,Weslaco,Home and lifestyle,50.0,2,14/12/23,16:45:00,Credit card,5.0,0.33,100.0,33.0
7454,WALM065,Texas City,Fashion accessories,53.0,2,08/12/22,15:33:00,Credit card,6.0,0.33,106.0,34.98
7455,WALM065,Texas City,Home and lifestyle,77.0,3,18/12/21,16:28:00,Credit card,7.0,0.33,231.0,76.23
7456,WALM050,Victoria,Fashion accessories,47.0,2,27/11/22,19:01:00,Ewallet,6.0,0.48,94.0,45.12
7457,WALM084,Schertz,Home and lifestyle,33.0,2,01/12/23,18:20:00,Credit card,7.0,0.33,66.0,21.78
7458,WALM073,Seguin,Fashion accessories,54.0,3,15/12/20,16:39:00,Credit card,5.0,0.33,162.0,53.46
7459,WALM038,Sugar Land,Home and lifestyle,53.0,1,10/12/20,17:26:00,Credit card,3.0,0.48,53.0,25.44
7460,WALM082,Weslaco,Fashion accessories,34.0,2,22/12/23,18:22:00,Credit card,5.0,0.33,68.0,22.44
7461,WALM038,Sugar Land,Home and lifestyle,80.0,3,17/11/22,17:44:00,Credit card,4.0,0.48,240.0,115.2
7462,WALM075,San Marcos,Fashion accessories,77.0,2,04/12/22,16:24:00,Credit card,6.0,0.33,154.0,50.82
7463,WALM009,Plano,Home and lifestyle,57.0,2,05/12/21,17:41:00,Credit card,4.0,0.48,114.0,54.72
7464,WALM030,Richardson,Fashion accessories,60.0,1,08/11/21,19:42:00,Credit card,5.0,0.48,60.0,28.8
7465,WALM074,Weslaco,Home and lifestyle,74.0,2,26/12/21,16:32:00,Credit card,3.0,0.33,148.0,48.84
7466,WALM038,Sugar Land,Fashion accessories,34.0,2,27/11/22,15:34:00,Credit card,4.0,0.48,68.0,32.64
7467,WALM046,Temple,Home and lifestyle,32.0,1,24/12/22,18:10:00,Credit card,4.0,0.48,32.0,15.36
7468,WALM084,Schertz,Fashion accessories,77.0,2,13/12/21,19:03:00,Credit card,5.0,0.33,154.0,50.82
7469,WALM038,Sugar Land,Home and lifestyle,51.0,2,01/12/23,15:37:00,Credit card,6.0,0.48,102.0,48.96
7470,WALM055,Waxahachie,Fashion accessories,55.0,1,15/11/20,16:56:00,Credit card,7.0,0.33,55.0,18.15
7471,WALM038,Sugar Land,Home and lifestyle,49.0,1,08/11/23,16:35:00,Credit card,5.0,0.48,49.0,23.52
7472,WALM029,Round Rock,Fashion accessories,81.0,1,24/11/20,16:30:00,Credit card,3.0,0.48,81.0,38.88
7473,WALM087,Waxahachie,Home and lifestyle,55.0,2,31/12/20,20:46:00,Credit card,4.0,0.33,110.0,36.3
7474,WALM035,San Angelo,Fashion accessories,44.0,3,23/11/22,18:42:00,Credit card,3.0,0.48,132.0,63.36
7475,WALM069,Rockwall,Home and lifestyle,69.0,2,25/12/20,20:04:00,Credit card,5.0,0.33,138.0,45.54
7476,WALM054,Sherman,Fashion accessories,51.0,2,31/12/20,20:36:00,Credit card,7.0,0.21,102.0,21.42
7477,WALM055,Waxahachie,Home and lifestyle,78.0,1,23/12/21,18:47:00,Credit card,7.0,0.33,78.0,25.74
7478,WALM075,San Marcos,Fashion accessories,45.0,1,14/11/21,18:39:00,Credit card,7.0,0.33,45.0,14.85
7479,WALM035,San Angelo,Home and lifestyle,85.0,3,25/11/21,17:14:00,Credit card,5.0,0.48,255.0,122.4
7480,WALM038,Sugar Land,Fashion accessories,21.0,1,03/11/23,16:13:00,Credit card,7.0,0.48,21.0,10.08
7481,WALM065,Texas City,Home and lifestyle,65.0,3,10/12/23,15:45:00,Credit card,4.0,0.33,195.0,64.35
7482,WALM050,Victoria,Fashion accessories,68.0,3,29/12/20,15:13:00,Ewallet,7.0,0.48,204.0,97.92
7483,WALM003,San Antonio,Home and lifestyle,51.0,2,15/12/22,15:22:00,Credit card,5.0,0.48,102.0,48.96
7484,WALM065,Texas City,Fashion accessories,79.0,3,18/12/20,20:27:00,Credit card,4.0,0.33,237.0,78.21
7485,WALM009,Plano,Home and lifestyle,50.0,3,16/11/23,16:21:00,Credit card,3.0,0.48,150.0,72.0
7486,WALM032,Tyler,Fashion accessories,16.0,1,04/11/21,16:55:00,Credit card,6.0,0.48,16.0,7.68
7487,WALM054,Sherman,Home and lifestyle,35.0,2,02/12/21,18:34:00,Credit card,4.0,0.21,70.0,14.7
7488,WALM058,Port Arthur,Fashion accessories,72.0,3,20/11/22,15:26:00,Credit card,5.0,0.33,216.0,71.28
7489,WALM069,Rockwall,Home and lifestyle,33.0,3,26/12/23,15:43:00,Credit card,4.0,0.33,99.0,32.67
7490,WALM009,Plano,Fashion accessories,20.0,3,07/12/23,19:51:00,Credit card,3.0,0.48,60.0,28.8
7491,WALM054,Sherman,Home and lifestyle,77.0,1,18/11/20,16:13:00,Credit card,5.0,0.21,77.0,16.17
7492,WALM058,Port Arthur,Fashion accessories,24.0,3,31/12/20,17:08:00,Credit card,5.0,0.33,72.0,23.76
7493,WALM087,Waxahachie,Home and lifestyle,18.0,2,27/11/23,16:19:00,Credit card,7.0,0.33,36.0,11.88
7494,WALM087,Waxahachie,Fashion accessories,27.0,1,29/11/22,19:38:00,Credit card,5.0,0.33,27.0,8.91
7495,WALM025,Waco,Home and lifestyle,19.0,2,01/12/21,17:56:00,Credit card,4.0,0.48,38.0,18.24
7496,WALM074,Weslaco,Fashion accessories,26.0,1,30/11/22,19:56:00,Credit card,5.0,0.33,26.0,8.58
7497,WALM058,Port Arthur,Home and lifestyle,37.0,2,28/11/22,15:12:00,Credit card,3.0,0.33,74.0,24.42
7498,WALM086,Rosenberg,Fashion accessories,84.0,3,04/11/21,17:33:00,Credit card,3.0,0.33,252.0,83.16
7499,WALM087,Waxahachie,Home and lifestyle,31.0,1,04/11/20,17:39:00,Credit card,5.0,0.33,31.0,10.23
7500,WALM046,Temple,Fashion accessories,39.0,3,23/11/23,20:08:00,Credit card,6.0,0.48,117.0,56.16
7501,WALM029,Round Rock,Home and lifestyle,48.0,1,04/11/22,18:11:00,Credit card,3.0,0.48,48.0,23.04
7502,WALM035,San Angelo,Fashion accessories,49.0,3,21/12/23,17:16:00,Credit card,5.0,0.48,147.0,70.56
7503,WALM029,Round Rock,Home and lifestyle,43.0,2,25/11/21,20:29:00,Credit card,6.0,0.48,86.0,41.28
7504,WALM046,Temple,Fashion accessories,49.0,3,24/11/20,19:56:00,Credit card,7.0,0.48,147.0,70.56
7505,WALM025,Waco,Home and lifestyle,61.0,1,16/11/21,16:18:00,Credit card,7.0,0.48,61.0,29.28
7506,WALM082,Weslaco,Fashion accessories,34.0,2,18/11/20,16:47:00,Credit card,3.0,0.33,68.0,22.44
7507,WALM029,Round Rock,Home and lifestyle,40.0,3,17/12/22,16:10:00,Credit card,5.0,0.48,120.0,57.6
7508,WALM038,Sugar Land,Fashion accessories,49.0,1,29/11/23,19:46:00,Credit card,7.0,0.48,49.0,23.52
7509,WALM029,Round Rock,Home and lifestyle,70.0,2,28/11/22,15:32:00,Credit card,3.0,0.48,140.0,67.2
7510,WALM055,Waxahachie,Fashion accessories,34.0,2,01/12/23,16:55:00,Credit card,5.0,0.33,68.0,22.44
7511,WALM030,Richardson,Home and lifestyle,74.0,1,25/12/22,19:17:00,Credit card,4.0,0.48,74.0,35.52
7512,WALM054,Sherman,Fashion accessories,47.0,3,03/11/20,16:26:00,Credit card,6.0,0.21,141.0,29.61
7513,WALM054,Sherman,Home and lifestyle,72.0,3,02/11/22,20:46:00,Credit card,6.0,0.21,216.0,45.36
7514,WALM032,Tyler,Fashion accessories,64.0,3,21/11/20,15:17:00,Credit card,7.0,0.48,192.0,92.16
7515,WALM069,Rockwall,Home and lifestyle,84.0,2,30/12/23,18:25:00,Credit card,3.0,0.33,168.0,55.44
7516,WALM050,Victoria,Fashion accessories,72.0,2,26/11/21,20:22:00,Ewallet,5.0,0.48,144.0,69.12
7517,WALM035,San Angelo,Home and lifestyle,46.0,1,27/12/22,18:57:00,Credit card,6.0,0.48,46.0,22.08
7518,WALM054,Sherman,Fashion accessories,15.0,3,26/11/20,20:26:00,Credit card,3.0,0.21,45.0,9.45
7519,WALM075,San Marcos,Home and lifestyle,63.0,3,19/12/21,16:36:00,Credit card,5.0,0.33,189.0,62.37
7520,WALM025,Waco,Fashion accessories,84.0,1,25/12/20,19:02:00,Credit card,7.0,0.48,84.0,40.32
7521,WALM035,San Angelo,Home and lifestyle,24.0,1,24/11/23,18:39:00,Credit card,6.0,0.48,24.0,11.52
7522,WALM086,Rosenberg,Fashion accessories,84.0,3,24/12/20,16:02:00,Credit card,6.0,0.33,252.0,83.16
7523,WALM065,Texas City,Home and lifestyle,85.0,2,13/11/21,19:25:00,Credit card,7.0,0.33,170.0,56.1
7524,WALM089,Southlake,Fashion accessories,54.0,3,25/11/21,16:43:00,Credit card,5.0,0.33,162.0,53.46
7525,WALM073,Seguin,Home and lifestyle,53.0,3,23/12/20,15:55:00,Credit card,6.0,0.33,159.0,52.47
7526,WALM086,Rosenberg,Fashion accessories,63.0,3,25/12/21,18:14:00,Credit card,6.0,0.33,189.0,62.37
7527,WALM003,San Antonio,Home and lifestyle,36.0,2,16/12/21,16:48:00,Credit card,6.0,0.48,72.0,34.56
7528,WALM050,Victoria,Fashion accessories,54.0,2,26/11/22,18:10:00,Ewallet,7.0,0.48,108.0,51.84
7529,WALM038,Sugar Land,Home and lifestyle,84.0,2,06/12/20,16:26:00,Credit card,3.0,0.48,168.0,80.64
7530,WALM046,Temple,Fashion accessories,44.0,3,16/11/23,16:27:00,Credit card,3.0,0.48,132.0,63.36
7531,WALM050,Victoria,Home and lifestyle,21.0,2,13/11/20,16:26:00,Ewallet,3.0,0.48,42.0,20.16
7532,WALM065,Texas City,Fashion accessories,59.0,2,23/12/22,19:56:00,Credit card,3.0,0.33,118.0,38.94
7533,WALM075,San Marcos,Home and lifestyle,64.0,3,15/12/20,17:47:00,Credit card,3.0,0.33,192.0,63.36
7534,WALM055,Waxahachie,Fashion accessories,52.0,1,26/11/21,19:07:00,Credit card,5.0,0.33,52.0,17.16
7535,WALM029,Round Rock,Home and lifestyle,27.0,3,25/11/20,15:48:00,Credit card,7.0,0.48,81.0,38.88
7536,WALM030,Richardson,Fashion accessories,16.0,3,08/11/21,17:29:00,Credit card,5.0,0.48,48.0,23.04
7537,WALM069,Rockwall,Home and lifestyle,79.0,3,12/11/22,16:38:00,Credit card,6.0,0.33,237.0,78.21
7538,WALM054,Sherman,Fashion accessories,34.0,3,16/12/23,15:11:00,Credit card,5.0,0.21,102.0,21.42
7539,WALM073,Seguin,Home and lifestyle,83.0,2,27/11/20,19:33:00,Credit card,3.0,0.33,166.0,54.78
7540,WALM082,Weslaco,Fashion accessories,23.0,1,16/11/23,16:23:00,Credit card,7.0,0.33,23.0,7.59
7541,WALM069,Rockwall,Home and lifestyle,48.0,3,09/11/22,19:49:00,Credit card,4.0,0.33,144.0,47.52
7542,WALM038,Sugar Land,Fashion accessories,44.0,2,24/12/21,15:04:00,Credit card,4.0,0.48,88.0,42.24
7543,WALM038,Sugar Land,Home and lifestyle,44.0,3,25/11/20,20:32:00,Credit card,4.0,0.48,132.0,63.36
7544,WALM038,Sugar Land,Fashion accessories,69.0,2,20/12/22,17:05:00,Credit card,7.0,0.48,138.0,66.24
7545,WALM050,Victoria,Home and lifestyle,66.0,1,23/11/21,16:40:00,Ewallet,5.0,0.48,66.0,31.68
7546,WALM086,Rosenberg,Fashion accessories,46.0,1,30/12/21,17:17:00,Credit card,6.0,0.33,46.0,15.18
7547,WALM086,Rosenberg,Home and lifestyle,16.0,3,01/12/20,18:47:00,Credit card,3.0,0.33,48.0,15.84
7548,WALM073,Seguin,Fashion accessories,66.0,3,10/12/20,17:33:00,Credit card,4.0,0.33,198.0,65.34
7549,WALM030,Richardson,Home and lifestyle,47.0,3,14/12/21,19:25:00,Credit card,6.0,0.48,141.0,67.68
7550,WALM055,Waxahachie,Fashion accessories,75.0,3,20/12/22,18:49:00,Credit card,7.0,0.33,225.0,74.25
7551,WALM025,Waco,Home and lifestyle,66.0,1,11/11/21,15:25:00,Credit card,3.0,0.48,66.0,31.68
7552,WALM082,Weslaco,Fashion accessories,78.0,1,03/11/20,17:21:00,Credit card,3.0,0.33,78.0,25.74
7553,WALM082,Weslaco,Home and lifestyle,62.0,1,06/12/21,18:06:00,Credit card,4.0,0.33,62.0,20.46
7554,WALM084,Schertz,Fashion accessories,15.0,1,01/12/20,18:21:00,Credit card,7.0,0.33,15.0,4.95
7555,WALM075,San Marcos,Home and lifestyle,52.0,3,27/12/20,15:59:00,Credit card,6.0,0.33,156.0,51.48
7556,WALM089,Southlake,Fashion accessories,46.0,2,01/11/21,17:07:00,Credit card,7.0,0.33,92.0,30.36
7557,WALM082,Weslaco,Home and lifestyle,83.0,1,08/12/21,17:11:00,Credit card,3.0,0.33,83.0,27.39
7558,WALM099,Weatherford,Fashion accessories,81.0,2,09/12/22,18:23:00,Credit card,3.0,0.18,162.0,29.16
7559,WALM056,Rowlett,Home and lifestyle,55.0,2,22/11/20,19:35:00,Credit card,4.0,0.33,110.0,36.3
7560,WALM074,Weslaco,Fashion accessories,38.0,2,15/12/21,17:33:00,Credit card,7.0,0.33,76.0,25.08
7561,WALM046,Temple,Home and lifestyle,50.0,2,18/12/22,15:34:00,Credit card,3.0,0.48,100.0,48.0
7562,WALM075,San Marcos,Fashion accessories,79.0,3,04/11/22,16:02:00,Credit card,4.0,0.33,237.0,78.21
7563,WALM087,Waxahachie,Home and lifestyle,75.0,1,30/12/23,17:30:00,Credit card,3.0,0.33,75.0,24.75
7564,WALM029,Round Rock,Fashion accessories,61.0,3,06/12/23,19:31:00,Credit card,4.0,0.48,183.0,87.84
7565,WALM050,Victoria,Home and lifestyle,40.0,1,13/12/21,17:13:00,Ewallet,5.0,0.48,40.0,19.2
7566,WALM035,San Angelo,Fashion accessories,37.0,2,24/11/23,18:02:00,Credit card,4.0,0.48,74.0,35.52
7567,WALM065,Texas City,Home and lifestyle,85.0,3,03/11/22,20:22:00,Credit card,4.0,0.33,255.0,84.15
7568,WALM009,Plano,Fashion accessories,15.0,2,05/11/21,20:40:00,Credit card,6.0,0.48,30.0,14.4
7569,WALM032,Tyler,Home and lifestyle,81.0,3,16/11/23,17:38:00,Credit card,6.0,0.48,243.0,116.64
7570,WALM084,Schertz,Fashion accessories,66.0,1,06/12/23,19:46:00,Credit card,6.0,0.33,66.0,21.78
7571,WALM009,Plano,Home and lifestyle,17.0,2,08/12/20,17:28:00,Credit card,4.0,0.48,34.0,16.32
7572,WALM089,Southlake,Fashion accessories,33.0,1,20/12/22,20:02:00,Credit card,6.0,0.33,33.0,10.89
7573,WALM082,Weslaco,Home and lifestyle,51.0,1,26/11/20,15:33:00,Credit card,4.0,0.33,51.0,16.83
7574,WALM084,Schertz,Fashion accessories,23.0,2,21/12/23,19:11:00,Credit card,7.0,0.33,46.0,15.18
7575,WALM084,Schertz,Home and lifestyle,50.0,2,30/11/22,18:39:00,Credit card,4.0,0.33,100.0,33.0
7576,WALM029,Round Rock,Fashion accessories,67.0,3,04/11/23,19:21:00,Credit card,5.0,0.48,201.0,96.48
7577,WALM025,Waco,Home and lifestyle,59.0,3,22/12/21,18:20:00,Credit card,3.0,0.48,177.0,84.96
7578,WALM075,San Marcos,Fashion accessories,75.0,2,09/12/20,15:36:00,Credit card,6.0,0.33,150.0,49.5
7579,WALM058,Port Arthur,Home and lifestyle,15.0,1,07/11/22,19:09:00,Credit card,3.0,0.33,15.0,4.95
7580,WALM046,Temple,Fashion accessories,20.0,2,14/12/23,18:13:00,Credit card,7.0,0.48,40.0,19.2
7581,WALM099,Weatherford,Home and lifestyle,27.0,1,07/11/21,19:14:00,Credit card,5.0,0.18,27.0,4.86
7582,WALM089,Southlake,Fashion accessories,59.0,2,06/12/23,16:24:00,Credit card,4.0,0.33,118.0,38.94
7583,WALM038,Sugar Land,Home and lifestyle,16.0,1,24/11/22,19:21:00,Credit card,3.0,0.48,16.0,7.68
7584,WALM055,Waxahachie,Fashion accessories,67.0,2,09/11/22,17:45:00,Credit card,5.0,0.33,134.0,44.22
7585,WALM038,Sugar Land,Home and lifestyle,16.0,3,03/12/22,20:09:00,Credit card,5.0,0.48,48.0,23.04
7586,WALM025,Waco,Fashion accessories,82.0,1,13/12/20,20:00:00,Credit card,6.0,0.48,82.0,39.36
7587,WALM003,San Antonio,Home and lifestyle,56.0,3,03/12/23,17:10:00,Credit card,3.0,0.48,168.0,80.64
7588,WALM055,Waxahachie,Fashion accessories,34.0,3,31/12/21,18:09:00,Credit card,3.0,0.33,102.0,33.66
7589,WALM084,Schertz,Home and lifestyle,46.0,2,02/11/23,19:17:00,Credit card,7.0,0.33,92.0,30.36
7590,WALM082,Weslaco,Fashion accessories,58.0,1,09/11/22,16:10:00,Credit card,5.0,0.33,58.0,19.14
7591,WALM050,Victoria,Home and lifestyle,54.0,2,27/11/20,20:35:00,Ewallet,7.0,0.48,108.0,51.84
7592,WALM065,Texas City,Fashion accessories,72.0,3,06/11/22,20:55:00,Credit card,3.0,0.33,216.0,71.28
7593,WALM084,Schertz,Home and lifestyle,15.0,3,16/12/22,16:40:00,Credit card,7.0,0.33,45.0,14.85
7594,WALM074,Weslaco,Fashion accessories,22.0,2,28/11/20,20:46:00,Credit card,7.0,0.33,44.0,14.52
7595,WALM087,Waxahachie,Home and lifestyle,34.0,2,28/11/21,15:59:00,Credit card,6.0,0.33,68.0,22.44
7596,WALM035,San Angelo,Fashion accessories,41.0,1,14/12/23,15:55:00,Credit card,4.0,0.48,41.0,19.68
7597,WALM032,Tyler,Home and lifestyle,69.0,1,14/11/20,17:03:00,Credit card,6.0,0.48,69.0,33.12
7598,WALM038,Sugar Land,Fashion accessories,78.0,3,22/12/20,19:11:00,Credit card,4.0,0.48,234.0,112.32
7599,WALM003,San Antonio,Home and lifestyle,20.0,3,28/11/21,18:03:00,Credit card,7.0,0.48,60.0,28.8
7600,WALM046,Temple,Fashion accessories,16.0,3,14/11/20,20:05:00,Credit card,7.0,0.48,48.0,23.04
7601,WALM058,Port Arthur,Home and lifestyle,32.0,2,19/12/22,16:42:00,Credit card,3.0,0.33,64.0,21.12
7602,WALM089,Southlake,Fashion accessories,74.0,1,27/12/23,15:34:00,Credit card,6.0,0.33,74.0,24.42
7603,WALM099,Weatherford,Home and lifestyle,71.0,3,24/12/21,18:39:00,Credit card,4.0,0.18,213.0,38.34
7604,WALM087,Waxahachie,Fashion accessories,70.0,1,07/11/22,19:23:00,Credit card,7.0,0.33,70.0,23.1
7605,WALM032,Tyler,Home and lifestyle,70.0,1,09/11/21,18:02:00,Credit card,5.0,0.48,70.0,33.6
7606,WALM055,Waxahachie,Fashion accessories,15.0,1,07/12/22,17:28:00,Credit card,6.0,0.33,15.0,4.95
7607,WALM038,Sugar Land,Home and lifestyle,70.0,3,12/11/20,15:02:00,Credit card,4.0,0.48,210.0,100.8
7608,WALM073,Seguin,Fashion accessories,76.0,3,21/12/22,19:57:00,Credit card,4.0,0.33,228.0,75.24
7609,WALM086,Rosenberg,Home and lifestyle,60.0,3,05/11/23,16:17:00,Credit card,7.0,0.33,180.0,59.4
7610,WALM035,San Angelo,Fashion accessories,40.0,2,17/11/23,19:25:00,Credit card,3.0,0.48,80.0,38.4
7611,WALM086,Rosenberg,Home and lifestyle,53.0,2,26/12/23,15:08:00,Credit card,4.0,0.33,106.0,34.98
7612,WALM035,San Angelo,Fashion accessories,18.0,3,25/11/21,15:39:00,Credit card,6.0,0.48,54.0,25.92
7613,WALM009,Plano,Home and lifestyle,60.0,1,05/12/22,16:34:00,Credit card,3.0,0.48,60.0,28.8
7614,WALM025,Waco,Fashion accessories,33.0,1,14/12/20,17:14:00,Credit card,7.0,0.48,33.0,15.84
7615,WALM055,Waxahachie,Home and lifestyle,59.0,3,06/11/21,17:59:00,Credit card,6.0,0.33,177.0,58.41
7616,WALM073,Seguin,Fashion accessories,65.0,2,01/11/23,20:57:00,Credit card,7.0,0.33,130.0,42.9
7617,WALM055,Waxahachie,Home and lifestyle,45.0,3,08/12/21,17:45:00,Credit card,4.0,0.33,135.0,44.55
7618,WALM003,San Antonio,Fashion accessories,60.0,1,01/12/21,19:39:00,Credit card,7.0,0.48,60.0,28.8
7619,WALM073,Seguin,Home and lifestyle,28.0,3,19/12/23,20:14:00,Credit card,6.0,0.33,84.0,27.72
7620,WALM030,Richardson,Fashion accessories,65.0,1,14/11/22,18:29:00,Credit card,6.0,0.48,65.0,31.2
7621,WALM055,Waxahachie,Home and lifestyle,46.0,2,20/12/20,16:58:00,Credit card,4.0,0.33,92.0,30.36
7622,WALM084,Schertz,Fashion accessories,46.0,3,28/11/21,18:14:00,Credit card,6.0,0.33,138.0,45.54
7623,WALM050,Victoria,Home and lifestyle,51.0,3,24/12/20,16:38:00,Ewallet,5.0,0.48,153.0,73.44
7624,WALM065,Texas City,Fashion accessories,52.0,3,14/12/21,17:02:00,Credit card,5.0,0.33,156.0,51.48
7625,WALM054,Sherman,Home and lifestyle,39.0,1,16/12/20,20:37:00,Credit card,7.0,0.21,39.0,8.19
7626,WALM003,San Antonio,Fashion accessories,66.0,2,04/12/20,17:42:00,Credit card,3.0,0.48,132.0,63.36
7627,WALM054,Sherman,Home and lifestyle,77.0,3,22/11/21,19:22:00,Credit card,7.0,0.21,231.0,48.51
7628,WALM082,Weslaco,Fashion accessories,29.0,2,11/11/20,18:49:00,Credit card,3.0,0.33,58.0,19.14
7629,WALM086,Rosenberg,Home and lifestyle,77.0,2,29/12/20,17:50:00,Credit card,6.0,0.33,154.0,50.82
7630,WALM082,Weslaco,Fashion accessories,42.0,3,05/11/20,20:05:00,Credit card,5.0,0.33,126.0,41.58
7631,WALM009,Plano,Home and lifestyle,18.0,1,18/12/22,16:38:00,Credit card,4.0,0.48,18.0,8.64
7632,WALM050,Victoria,Fashion accessories,27.0,1,22/12/23,20:23:00,Ewallet,4.0,0.48,27.0,12.96
7633,WALM082,Weslaco,Home and lifestyle,41.0,2,17/12/20,17:07:00,Credit card,7.0,0.33,82.0,27.06
7634,WALM032,Tyler,Fashion accessories,61.0,1,09/11/22,19:38:00,Credit card,6.0,0.48,61.0,29.28
7635,WALM073,Seguin,Home and lifestyle,27.0,3,30/11/22,17:40:00,Credit card,4.0,0.33,81.0,26.73
7636,WALM032,Tyler,Fashion accessories,70.0,1,19/11/21,18:13:00,Credit card,6.0,0.48,70.0,33.6
7637,WALM030,Richardson,Home and lifestyle,62.0,2,23/12/21,20:54:00,Credit card,5.0,0.48,124.0,59.52
7638,WALM069,Rockwall,Fashion accessories,35.0,1,09/11/21,16:21:00,Credit card,4.0,0.33,35.0,11.55
7639,WALM099,Weatherford,Home and lifestyle,67.0,1,12/12/22,15:51:00,Credit card,4.0,0.18,67.0,12.06
7640,WALM056,Rowlett,Fashion accessories,46.0,3,25/11/22,19:02:00,Credit card,4.0,0.33,138.0,45.54
7641,WALM075,San Marcos,Home and lifestyle,19.0,2,01/12/20,16:25:00,Credit card,7.0,0.33,38.0,12.54
7642,WALM065,Texas City,Fashion accessories,17.0,1,12/12/22,19:57:00,Credit card,6.0,0.33,17.0,5.61
7643,WALM003,San Antonio,Home and lifestyle,39.0,3,23/12/23,19:25:00,Credit card,4.0,0.48,117.0,56.16
7644,WALM003,San Antonio,Fashion accessories,71.0,2,09/11/22,15:17:00,Credit card,4.0,0.48,142.0,68.16
7645,WALM065,Texas City,Home and lifestyle,68.0,3,30/11/22,15:53:00,Credit card,3.0,0.33,204.0,67.32
7646,WALM086,Rosenberg,Fashion accessories,83.0,3,16/12/23,15:13:00,Credit card,4.0,0.33,249.0,82.17
7647,WALM058,Port Arthur,Home and lifestyle,37.0,3,12/12/20,15:36:00,Credit card,5.0,0.33,111.0,36.63
7648,WALM082,Weslaco,Fashion accessories,20.0,1,01/12/21,16:02:00,Credit card,6.0,0.33,20.0,6.6
7649,WALM065,Texas City,Home and lifestyle,63.0,3,20/12/22,17:54:00,Credit card,6.0,0.33,189.0,62.37
7650,WALM009,Plano,Fashion accessories,39.0,2,12/12/22,17:58:00,Credit card,6.0,0.48,78.0,37.44
7651,WALM038,Sugar Land,Home and lifestyle,45.0,2,27/12/20,18:02:00,Credit card,4.0,0.48,90.0,43.2
7652,WALM058,Port Arthur,Fashion accessories,48.0,2,16/11/21,17:52:00,Credit card,7.0,0.33,96.0,31.68
7653,WALM086,Rosenberg,Home and lifestyle,22.0,2,24/12/21,15:25:00,Credit card,4.0,0.33,44.0,14.52
7654,WALM003,San Antonio,Fashion accessories,61.0,2,08/11/23,15:27:00,Credit card,3.0,0.48,122.0,58.56
7655,WALM003,San Antonio,Home and lifestyle,34.0,2,27/11/20,18:13:00,Credit card,3.0,0.48,68.0,32.64
7656,WALM073,Seguin,Fashion accessories,28.0,3,06/11/20,18:35:00,Credit card,4.0,0.33,84.0,27.72
7657,WALM025,Waco,Home and lifestyle,84.0,1,29/12/20,20:52:00,Credit card,4.0,0.48,84.0,40.32
7658,WALM065,Texas City,Fashion accessories,61.0,2,06/12/20,17:36:00,Credit card,4.0,0.33,122.0,40.26
7659,WALM030,Richardson,Home and lifestyle,17.0,2,26/11/22,16:06:00,Credit card,3.0,0.48,34.0,16.32
7660,WALM046,Temple,Fashion accessories,53.0,1,24/11/20,20:29:00,Credit card,5.0,0.48,53.0,25.44
7661,WALM074,Weslaco,Home and lifestyle,73.0,1,31/12/22,18:10:00,Credit card,6.0,0.33,73.0,24.09
7662,WALM050,Victoria,Fashion accessories,58.0,3,06/11/21,16:37:00,Ewallet,7.0,0.48,174.0,83.52
7663,WALM086,Rosenberg,Home and lifestyle,81.0,1,13/12/23,17:19:00,Credit card,4.0,0.33,81.0,26.73
7664,WALM038,Sugar Land,Fashion accessories,52.0,2,28/11/21,16:55:00,Credit card,5.0,0.48,104.0,49.92
7665,WALM075,San Marcos,Home and lifestyle,24.0,1,17/11/22,16:08:00,Credit card,6.0,0.33,24.0,7.92
7666,WALM003,San Antonio,Fashion accessories,22.0,3,24/12/20,18:22:00,Credit card,3.0,0.48,66.0,31.68
7667,WALM030,Richardson,Home and lifestyle,34.0,3,08/12/21,17:35:00,Credit card,6.0,0.48,102.0,48.96
7668,WALM099,Weatherford,Fashion accessories,59.0,3,06/12/22,15:41:00,Credit card,5.0,0.18,177.0,31.86
7669,WALM099,Weatherford,Home and lifestyle,30.0,2,12/12/22,18:55:00,Credit card,3.0,0.18,60.0,10.8
7670,WALM082,Weslaco,Fashion accessories,54.0,1,08/12/22,17:09:00,Credit card,7.0,0.33,54.0,17.82
7671,WALM086,Rosenberg,Home and lifestyle,50.0,2,01/12/21,18:55:00,Credit card,7.0,0.33,100.0,33.0
7672,WALM084,Schertz,Fashion accessories,85.0,1,25/11/21,19:18:00,Credit card,5.0,0.33,85.0,28.05
7673,WALM046,Temple,Home and lifestyle,25.0,1,05/12/22,18:25:00,Credit card,5.0,0.48,25.0,12.0
7674,WALM086,Rosenberg,Fashion accessories,65.0,3,29/11/23,15:10:00,Credit card,7.0,0.33,195.0,64.35
7675,WALM009,Plano,Home and lifestyle,76.0,2,21/11/20,17:31:00,Credit card,7.0,0.48,152.0,72.96
7676,WALM087,Waxahachie,Fashion accessories,80.0,2,28/11/21,19:52:00,Credit card,7.0,0.33,160.0,52.8
7677,WALM046,Temple,Home and lifestyle,79.0,2,10/11/20,15:40:00,Credit card,6.0,0.48,158.0,75.84
7678,WALM046,Temple,Fashion accessories,26.0,3,19/12/21,16:15:00,Credit card,5.0,0.48,78.0,37.44
7679,WALM029,Round Rock,Home and lifestyle,27.0,2,16/12/21,19:14:00,Credit card,4.0,0.48,54.0,25.92
7680,WALM003,San Antonio,Fashion accessories,52.0,1,27/11/21,19:28:00,Credit card,4.0,0.48,52.0,24.96
7681,WALM058,Port Arthur,Home and lifestyle,60.0,3,31/12/22,18:41:00,Credit card,5.0,0.33,180.0,59.4
7682,WALM032,Tyler,Fashion accessories,23.0,2,25/11/21,17:38:00,Credit card,7.0,0.48,46.0,22.08
7683,WALM029,Round Rock,Home and lifestyle,24.0,3,08/12/22,19:38:00,Credit card,5.0,0.48,72.0,34.56
7684,WALM065,Texas City,Fashion accessories,69.0,3,01/12/23,18:23:00,Credit card,4.0,0.33,207.0,68.31
7685,WALM074,Weslaco,Home and lifestyle,35.0,1,10/11/20,15:05:00,Credit card,6.0,0.33,35.0,11.55
7686,WALM082,Weslaco,Fashion accessories,82.0,2,21/11/20,18:21:00,Credit card,3.0,0.33,164.0,54.12
7687,WALM038,Sugar Land,Home and lifestyle,24.0,1,21/11/22,17:29:00,Credit card,7.0,0.48,24.0,11.52
7688,WALM035,San Angelo,Fashion accessories,71.0,1,11/12/21,16:33:00,Credit card,7.0,0.48,71.0,34.08
7689,WALM055,Waxahachie,Home and lifestyle,34.0,3,18/11/23,15:15:00,Credit card,4.0,0.33,102.0,33.66
7690,WALM035,San Angelo,Fashion accessories,59.0,3,25/12/22,20:45:00,Credit card,4.0,0.48,177.0,84.96
7691,WALM069,Rockwall,Home and lifestyle,66.0,1,28/12/22,15:05:00,Credit card,6.0,0.33,66.0,21.78
7692,WALM009,Plano,Fashion accessories,60.0,2,11/12/20,15:33:00,Credit card,3.0,0.48,120.0,57.6
7693,WALM058,Port Arthur,Home and lifestyle,15.0,1,03/11/23,16:23:00,Credit card,7.0,0.33,15.0,4.95
7694,WALM069,Rockwall,Fashion accessories,68.0,1,22/12/21,16:37:00,Credit card,3.0,0.33,68.0,22.44
7695,WALM032,Tyler,Home and lifestyle,30.0,2,07/12/21,16:08:00,Credit card,3.0,0.48,60.0,28.8
7696,WALM089,Southlake,Fashion accessories,55.0,3,26/12/21,15:09:00,Credit card,3.0,0.33,165.0,54.45
7697,WALM073,Seguin,Home and lifestyle,78.0,3,20/11/23,17:53:00,Credit card,7.0,0.33,234.0,77.22
7698,WALM003,San Antonio,Fashion accessories,63.0,2,12/11/20,18:34:00,Credit card,7.0,0.48,126.0,60.48
7699,WALM084,Schertz,Home and lifestyle,42.0,1,16/11/20,20:01:00,Credit card,5.0,0.33,42.0,13.86
7700,WALM086,Rosenberg,Fashion accessories,22.0,2,16/11/22,18:15:00,Credit card,7.0,0.33,44.0,14.52
7701,WALM087,Waxahachie,Home and lifestyle,37.0,2,05/11/23,18:02:00,Credit card,4.0,0.33,74.0,24.42
7702,WALM084,Schertz,Fashion accessories,19.0,2,27/12/20,15:25:00,Credit card,4.0,0.33,38.0,12.54
7703,WALM073,Seguin,Home and lifestyle,61.0,1,30/12/20,18:56:00,Credit card,4.0,0.33,61.0,20.13
7704,WALM009,Plano,Fashion accessories,74.0,2,30/11/22,17:00:00,Credit card,3.0,0.48,148.0,71.04
7705,WALM065,Texas City,Home and lifestyle,33.0,1,19/11/23,18:31:00,Credit card,6.0,0.33,33.0,10.89
7706,WALM054,Sherman,Fashion accessories,33.0,3,17/11/21,15:59:00,Credit card,6.0,0.21,99.0,20.79
7707,WALM087,Waxahachie,Home and lifestyle,45.0,3,11/11/23,16:09:00,Credit card,3.0,0.33,135.0,44.55
7708,WALM099,Weatherford,Fashion accessories,54.0,1,12/11/20,16:09:00,Credit card,4.0,0.18,54.0,9.72
7709,WALM050,Victoria,Home and lifestyle,70.0,1,10/11/22,19:01:00,Ewallet,5.0,0.48,70.0,33.6
7710,WALM046,Temple,Fashion accessories,55.0,1,15/11/23,19:22:00,Credit card,3.0,0.48,55.0,26.4
7711,WALM003,San Antonio,Home and lifestyle,40.0,3,25/11/21,18:22:00,Credit card,3.0,0.48,120.0,57.6
7712,WALM003,San Antonio,Fashion accessories,55.0,2,05/11/22,16:42:00,Credit card,6.0,0.48,110.0,52.8
7713,WALM084,Schertz,Home and lifestyle,82.0,3,24/12/22,20:55:00,Credit card,3.0,0.33,246.0,81.18
7714,WALM069,Rockwall,Fashion accessories,63.0,2,09/11/20,16:32:00,Credit card,6.0,0.33,126.0,41.58
7715,WALM087,Waxahachie,Home and lifestyle,73.0,3,15/12/20,19:37:00,Credit card,4.0,0.33,219.0,72.27
7716,WALM056,Rowlett,Fashion accessories,82.0,2,11/12/21,17:06:00,Credit card,4.0,0.33,164.0,54.12
7717,WALM065,Texas City,Home and lifestyle,22.0,3,23/12/22,20:13:00,Credit card,4.0,0.33,66.0,21.78
7718,WALM058,Port Arthur,Fashion accessories,49.0,1,17/12/20,15:32:00,Credit card,5.0,0.33,49.0,16.17
7719,WALM032,Tyler,Home and lifestyle,64.0,1,02/12/22,20:17:00,Credit card,7.0,0.48,64.0,30.72
7720,WALM075,San Marcos,Fashion accessories,77.0,2,06/11/22,20:28:00,Credit card,6.0,0.33,154.0,50.82
7721,WALM009,Plano,Home and lifestyle,80.0,3,28/11/22,16:14:00,Credit card,7.0,0.48,240.0,115.2
7722,WALM009,Plano,Fashion accessories,66.0,1,26/11/20,20:23:00,Credit card,5.0,0.48,66.0,31.68
7723,WALM065,Texas City,Home and lifestyle,56.0,2,31/12/23,15:29:00,Credit card,5.0,0.33,112.0,36.96
7724,WALM065,Texas City,Fashion accessories,65.0,2,20/12/22,18:40:00,Credit card,6.0,0.33,130.0,42.9
7725,WALM003,San Antonio,Home and lifestyle,44.0,2,03/12/20,19:35:00,Credit card,5.0,0.48,88.0,42.24
7726,WALM058,Port Arthur,Fashion accessories,37.0,2,28/12/23,17:25:00,Credit card,5.0,0.33,74.0,24.42
7727,WALM086,Rosenberg,Home and lifestyle,76.0,3,10/12/20,15:22:00,Credit card,6.0,0.33,228.0,75.24
7728,WALM009,Plano,Fashion accessories,36.0,3,23/12/21,15:02:00,Credit card,6.0,0.48,108.0,51.84
7729,WALM082,Weslaco,Home and lifestyle,66.0,2,07/11/23,16:45:00,Credit card,4.0,0.33,132.0,43.56
7730,WALM099,Weatherford,Fashion accessories,79.0,1,11/12/22,16:23:00,Credit card,5.0,0.18,79.0,14.22
7731,WALM086,Rosenberg,Home and lifestyle,28.0,3,11/11/22,18:32:00,Credit card,5.0,0.33,84.0,27.72
7732,WALM087,Waxahachie,Fashion accessories,76.0,2,20/11/23,19:22:00,Credit card,5.0,0.33,152.0,50.16
7733,WALM056,Rowlett,Home and lifestyle,15.0,1,28/11/22,16:29:00,Credit card,7.0,0.33,15.0,4.95
7734,WALM074,Weslaco,Fashion accessories,79.0,3,01/12/22,18:33:00,Credit card,3.0,0.33,237.0,78.21
7735,WALM058,Port Arthur,Home and lifestyle,71.0,1,06/11/20,19:44:00,Credit card,3.0,0.33,71.0,23.43
7736,WALM035,San Angelo,Fashion accessories,20.0,1,08/11/21,15:21:00,Credit card,6.0,0.48,20.0,9.6
7737,WALM089,Southlake,Home and lifestyle,77.0,3,21/12/23,15:58:00,Credit card,4.0,0.33,231.0,76.23
7738,WALM099,Weatherford,Fashion accessories,56.0,2,01/11/22,15:42:00,Credit card,6.0,0.18,112.0,20.16
7739,WALM056,Rowlett,Home and lifestyle,24.0,2,05/11/23,15:27:00,Credit card,7.0,0.33,48.0,15.84
7740,WALM046,Temple,Fashion accessories,55.0,2,03/11/21,17:45:00,Credit card,5.0,0.48,110.0,52.8
7741,WALM084,Schertz,Home and lifestyle,58.0,3,02/12/23,15:30:00,Credit card,5.0,0.33,174.0,57.42
7742,WALM084,Schertz,Fashion accessories,15.0,1,14/11/21,16:39:00,Credit card,3.0,0.33,15.0,4.95
7743,WALM073,Seguin,Home and lifestyle,29.0,3,07/11/23,19:37:00,Credit card,5.0,0.33,87.0,28.71
7744,WALM038,Sugar Land,Fashion accessories,57.0,3,20/11/23,16:19:00,Credit card,3.0,0.48,171.0,82.08
7745,WALM086,Rosenberg,Home and lifestyle,30.0,2,09/12/21,17:00:00,Credit card,6.0,0.33,60.0,19.8
7746,WALM058,Port Arthur,Fashion accessories,83.0,2,09/12/20,15:54:00,Credit card,4.0,0.33,166.0,54.78
7747,WALM087,Waxahachie,Home and lifestyle,77.0,2,06/11/20,20:06:00,Credit card,4.0,0.33,154.0,50.82
7748,WALM074,Weslaco,Fashion accessories,75.0,3,15/11/22,17:23:00,Credit card,7.0,0.33,225.0,74.25
7749,WALM030,Richardson,Home and lifestyle,16.0,1,10/11/23,17:06:00,Credit card,6.0,0.48,16.0,7.68
7750,WALM065,Texas City,Fashion accessories,40.0,1,15/12/22,19:14:00,Credit card,5.0,0.33,40.0,13.2
7751,WALM075,San Marcos,Home and lifestyle,30.0,2,12/11/20,17:16:00,Credit card,4.0,0.33,60.0,19.8
7752,WALM054,Sherman,Fashion accessories,44.0,1,16/12/21,17:19:00,Credit card,6.0,0.21,44.0,9.24
7753,WALM032,Tyler,Home and lifestyle,66.0,3,01/12/22,19:35:00,Credit card,7.0,0.48,198.0,95.04
7754,WALM087,Waxahachie,Fashion accessories,44.0,1,23/12/21,17:59:00,Credit card,5.0,0.33,44.0,14.52
7755,WALM046,Temple,Home and lifestyle,63.0,1,22/11/21,18:07:00,Credit card,7.0,0.48,63.0,30.24
7756,WALM030,Richardson,Fashion accessories,53.0,3,21/11/22,16:31:00,Credit card,7.0,0.48,159.0,76.32
7757,WALM074,Weslaco,Home and lifestyle,49.0,1,11/12/22,20:04:00,Credit card,7.0,0.33,49.0,16.17
7758,WALM009,Plano,Fashion accessories,61.0,1,30/11/22,20:39:00,Credit card,6.0,0.48,61.0,29.28
7759,WALM069,Rockwall,Home and lifestyle,66.0,3,01/12/20,20:56:00,Credit card,3.0,0.33,198.0,65.34
7760,WALM054,Sherman,Fashion accessories,79.0,1,20/11/22,17:27:00,Credit card,6.0,0.21,79.0,16.59
7761,WALM069,Rockwall,Home and lifestyle,72.0,2,18/11/22,16:31:00,Credit card,4.0,0.33,144.0,47.52
7762,WALM009,Plano,Fashion accessories,24.0,2,17/11/21,15:06:00,Credit card,3.0,0.48,48.0,23.04
7763,WALM069,Rockwall,Home and lifestyle,46.0,3,12/11/20,18:21:00,Credit card,7.0,0.33,138.0,45.54
7764,WALM087,Waxahachie,Fashion accessories,51.0,1,30/11/22,18:10:00,Credit card,6.0,0.33,51.0,16.83
7765,WALM032,Tyler,Home and lifestyle,23.0,1,18/11/22,19:46:00,Credit card,3.0,0.48,23.0,11.04
7766,WALM056,Rowlett,Fashion accessories,85.0,1,23/11/20,18:12:00,Credit card,7.0,0.33,85.0,28.05
7767,WALM065,Texas City,Home and lifestyle,72.0,1,02/11/23,15:55:00,Credit card,7.0,0.33,72.0,23.76
7768,WALM035,San Angelo,Fashion accessories,15.0,1,30/11/21,18:33:00,Credit card,7.0,0.48,15.0,7.2
7769,WALM069,Rockwall,Home and lifestyle,77.0,3,26/11/23,20:52:00,Credit card,7.0,0.33,231.0,76.23
7770,WALM073,Seguin,Fashion accessories,15.0,2,26/11/22,19:13:00,Credit card,3.0,0.33,30.0,9.9
7771,WALM075,San Marcos,Home and lifestyle,35.0,2,19/11/20,15:52:00,Credit card,7.0,0.33,70.0,23.1
7772,WALM035,San Angelo,Fashion accessories,54.0,3,14/11/20,19:13:00,Credit card,4.0,0.48,162.0,77.76
7773,WALM074,Weslaco,Home and lifestyle,77.0,2,23/11/20,18:37:00,Credit card,4.0,0.33,154.0,50.82
7774,WALM089,Southlake,Fashion accessories,77.0,1,17/12/20,16:49:00,Credit card,5.0,0.33,77.0,25.41
7775,WALM003,San Antonio,Home and lifestyle,33.0,1,27/12/23,19:31:00,Credit card,5.0,0.48,33.0,15.84
7776,WALM050,Victoria,Fashion accessories,81.0,3,02/12/23,17:20:00,Ewallet,3.0,0.48,243.0,116.64
7777,WALM058,Port Arthur,Home and lifestyle,41.0,3,03/11/21,16:38:00,Credit card,7.0,0.33,123.0,40.59
7778,WALM046,Temple,Fashion accessories,71.0,1,18/12/22,20:20:00,Credit card,7.0,0.48,71.0,34.08
7779,WALM074,Weslaco,Home and lifestyle,49.0,2,30/12/21,17:50:00,Credit card,5.0,0.33,98.0,32.34
7780,WALM086,Rosenberg,Fashion accessories,31.0,2,30/11/20,18:49:00,Credit card,5.0,0.33,62.0,20.46
7781,WALM099,Weatherford,Home and lifestyle,62.0,2,19/12/22,16:44:00,Credit card,4.0,0.18,124.0,22.32
7782,WALM089,Southlake,Fashion accessories,65.0,1,07/11/22,20:38:00,Credit card,5.0,0.33,65.0,21.45
7783,WALM050,Victoria,Home and lifestyle,67.0,1,12/12/21,16:01:00,Ewallet,3.0,0.48,67.0,32.16
7784,WALM069,Rockwall,Fashion accessories,83.0,2,16/12/21,16:20:00,Credit card,5.0,0.33,166.0,54.78
7785,WALM056,Rowlett,Home and lifestyle,23.0,1,17/12/21,19:46:00,Credit card,4.0,0.33,23.0,7.59
7786,WALM065,Texas City,Fashion accessories,45.0,3,08/11/23,20:09:00,Credit card,7.0,0.33,135.0,44.55
7787,WALM074,Weslaco,Home and lifestyle,40.0,3,14/11/21,17:58:00,Credit card,6.0,0.33,120.0,39.6
7788,WALM054,Sherman,Fashion accessories,78.0,2,17/12/23,17:51:00,Credit card,4.0,0.21,156.0,32.76
7789,WALM065,Texas City,Home and lifestyle,35.0,1,02/12/21,19:47:00,Credit card,3.0,0.33,35.0,11.55
7790,WALM046,Temple,Fashion accessories,39.0,3,09/11/22,20:22:00,Credit card,7.0,0.48,117.0,56.16
7791,WALM038,Sugar Land,Home and lifestyle,52.0,3,22/12/21,19:25:00,Credit card,6.0,0.48,156.0,74.88
7792,WALM009,Plano,Fashion accessories,64.0,3,21/11/20,20:19:00,Credit card,4.0,0.48,192.0,92.16
7793,WALM082,Weslaco,Home and lifestyle,79.0,3,11/11/21,15:45:00,Credit card,5.0,0.33,237.0,78.21
7794,WALM032,Tyler,Fashion accessories,23.0,3,02/12/22,20:29:00,Credit card,4.0,0.48,69.0,33.12
7795,WALM032,Tyler,Home and lifestyle,55.0,2,17/12/22,17:22:00,Credit card,7.0,0.48,110.0,52.8
7796,WALM009,Plano,Fashion accessories,59.0,3,18/12/23,19:27:00,Credit card,3.0,0.48,177.0,84.96
7797,WALM065,Texas City,Home and lifestyle,24.0,1,02/12/21,19:46:00,Credit card,4.0,0.33,24.0,7.92
7798,WALM056,Rowlett,Fashion accessories,60.0,3,25/12/21,20:05:00,Credit card,4.0,0.33,180.0,59.4
7799,WALM075,San Marcos,Home and lifestyle,17.0,3,16/12/21,15:51:00,Credit card,3.0,0.33,51.0,16.83
7800,WALM003,San Antonio,Fashion accessories,36.0,1,16/11/22,16:03:00,Credit card,3.0,0.48,36.0,17.28
7801,WALM075,San Marcos,Home and lifestyle,74.0,3,11/12/20,20:47:00,Credit card,3.0,0.33,222.0,73.26
7802,WALM084,Schertz,Fashion accessories,62.0,2,03/12/20,16:16:00,Credit card,3.0,0.33,124.0,40.92
7803,WALM046,Temple,Home and lifestyle,45.0,2,14/12/22,17:18:00,Credit card,7.0,0.48,90.0,43.2
7804,WALM086,Rosenberg,Fashion accessories,24.0,3,27/12/23,18:38:00,Credit card,6.0,0.33,72.0,23.76
7805,WALM055,Waxahachie,Home and lifestyle,42.0,1,29/12/23,17:47:00,Credit card,3.0,0.33,42.0,13.86
7806,WALM056,Rowlett,Fashion accessories,50.0,2,03/12/23,19:46:00,Credit card,4.0,0.33,100.0,33.0
7807,WALM073,Seguin,Home and lifestyle,83.0,2,01/11/22,15:03:00,Credit card,6.0,0.33,166.0,54.78
7808,WALM065,Texas City,Fashion accessories,71.0,3,19/11/22,20:18:00,Credit card,5.0,0.33,213.0,70.29
7809,WALM009,Plano,Home and lifestyle,61.0,3,15/11/23,16:41:00,Credit card,4.0,0.48,183.0,87.84
7810,WALM055,Waxahachie,Fashion accessories,41.0,3,16/12/21,18:41:00,Credit card,5.0,0.33,123.0,40.59
7811,WALM046,Temple,Home and lifestyle,40.0,3,16/11/22,17:42:00,Credit card,3.0,0.48,120.0,57.6
7812,WALM058,Port Arthur,Fashion accessories,76.0,1,17/11/23,18:00:00,Credit card,5.0,0.33,76.0,25.08
7813,WALM003,San Antonio,Home and lifestyle,45.0,3,11/12/20,18:27:00,Credit card,6.0,0.48,135.0,64.8
7814,WALM084,Schertz,Fashion accessories,24.0,3,22/12/20,19:45:00,Credit card,3.0,0.33,72.0,23.76
7815,WALM055,Waxahachie,Home and lifestyle,31.0,2,07/11/22,17:17:00,Credit card,6.0,0.33,62.0,20.46
7816,WALM087,Waxahachie,Fashion accessories,21.0,1,03/11/20,17:37:00,Credit card,4.0,0.33,21.0,6.93
7817,WALM025,Waco,Home and lifestyle,51.0,3,08/12/20,20:40:00,Credit card,6.0,0.48,153.0,73.44
7818,WALM065,Texas City,Fashion accessories,31.0,1,29/11/21,20:26:00,Credit card,3.0,0.33,31.0,10.23
7819,WALM087,Waxahachie,Home and lifestyle,32.0,2,23/12/22,16:23:00,Credit card,4.0,0.33,64.0,21.12
7820,WALM089,Southlake,Fashion accessories,58.0,2,25/11/23,15:34:00,Credit card,5.0,0.33,116.0,38.28
7821,WALM084,Schertz,Home and lifestyle,32.0,3,07/11/21,19:31:00,Credit card,5.0,0.33,96.0,31.68
7822,WALM032,Tyler,Fashion accessories,76.0,2,25/11/22,17:54:00,Credit card,4.0,0.48,152.0,72.96
7823,WALM030,Richardson,Home and lifestyle,20.0,2,28/11/22,17:43:00,Credit card,5.0,0.48,40.0,19.2
7824,WALM054,Sherman,Fashion accessories,46.0,2,01/12/23,16:30:00,Credit card,4.0,0.21,92.0,19.32
7825,WALM099,Weatherford,Home and lifestyle,59.0,3,20/11/22,19:37:00,Credit card,7.0,0.18,177.0,31.86
7826,WALM054,Sherman,Fashion accessories,77.0,2,11/11/23,19:32:00,Credit card,4.0,0.21,154.0,32.34
7827,WALM046,Temple,Home and lifestyle,22.0,2,10/11/23,15:29:00,Credit card,7.0,0.48,44.0,21.12
7828,WALM054,Sherman,Fashion accessories,38.0,3,02/11/20,18:48:00,Credit card,7.0,0.21,114.0,23.94
7829,WALM099,Weatherford,Home and lifestyle,68.0,2,15/12/21,18:44:00,Credit card,7.0,0.18,136.0,24.48
7830,WALM058,Port Arthur,Fashion accessories,50.0,3,08/12/22,17:14:00,Credit card,5.0,0.33,150.0,49.5
7831,WALM056,Rowlett,Home and lifestyle,37.0,2,20/12/21,18:28:00,Credit card,3.0,0.33,74.0,24.42
7832,WALM084,Schertz,Fashion accessories,71.0,3,29/11/20,18:31:00,Credit card,5.0,0.33,213.0,70.29
7833,WALM030,Richardson,Home and lifestyle,53.0,1,16/11/23,19:32:00,Credit card,5.0,0.48,53.0,25.44
7834,WALM035,San Angelo,Fashion accessories,27.0,3,26/12/22,18:30:00,Credit card,3.0,0.48,81.0,38.88
7835,WALM029,Round Rock,Home and lifestyle,68.0,1,02/11/22,15:16:00,Credit card,4.0,0.48,68.0,32.64
7836,WALM065,Texas City,Fashion accessories,23.0,1,01/12/23,19:04:00,Credit card,3.0,0.33,23.0,7.59
7837,WALM054,Sherman,Home and lifestyle,45.0,1,23/12/20,18:25:00,Credit card,6.0,0.21,45.0,9.45
7838,WALM030,Richardson,Fashion accessories,55.0,3,20/11/21,15:22:00,Credit card,4.0,0.48,165.0,79.2
7839,WALM003,San Antonio,Home and lifestyle,84.0,3,31/12/21,15:10:00,Credit card,4.0,0.48,252.0,120.96
7840,WALM086,Rosenberg,Fashion accessories,26.0,3,13/11/22,15:28:00,Credit card,4.0,0.33,78.0,25.74
7841,WALM035,San Angelo,Home and lifestyle,60.0,3,28/12/21,16:48:00,Credit card,7.0,0.48,180.0,86.4
7842,WALM084,Schertz,Fashion accessories,24.0,1,20/11/21,17:55:00,Credit card,5.0,0.33,24.0,7.92
7843,WALM099,Weatherford,Home and lifestyle,54.0,3,24/12/23,19:44:00,Credit card,6.0,0.18,162.0,29.16
7844,WALM086,Rosenberg,Fashion accessories,85.0,1,25/12/21,20:11:00,Credit card,5.0,0.33,85.0,28.05
7845,WALM089,Southlake,Home and lifestyle,66.0,1,08/11/20,18:39:00,Credit card,4.0,0.33,66.0,21.78
7846,WALM009,Plano,Fashion accessories,42.0,2,02/11/23,15:10:00,Credit card,5.0,0.48,84.0,40.32
7847,WALM089,Southlake,Home and lifestyle,59.0,3,15/12/20,19:32:00,Credit card,5.0,0.33,177.0,58.41
7848,WALM073,Seguin,Fashion accessories,50.0,1,26/12/23,17:18:00,Credit card,3.0,0.33,50.0,16.5
7849,WALM038,Sugar Land,Home and lifestyle,41.0,3,28/11/23,19:18:00,Credit card,4.0,0.48,123.0,59.04
7850,WALM069,Rockwall,Fashion accessories,58.0,2,25/12/23,19:33:00,Credit card,7.0,0.33,116.0,38.28
7851,WALM029,Round Rock,Home and lifestyle,23.0,1,16/12/23,17:11:00,Credit card,6.0,0.48,23.0,11.04
7852,WALM029,Round Rock,Fashion accessories,49.0,2,25/11/22,18:03:00,Credit card,4.0,0.48,98.0,47.04
7853,WALM086,Rosenberg,Home and lifestyle,20.0,2,13/11/20,17:04:00,Credit card,4.0,0.33,40.0,13.2
7854,WALM089,Southlake,Fashion accessories,44.0,1,22/12/20,18:50:00,Credit card,7.0,0.33,44.0,14.52
7855,WALM075,San Marcos,Home and lifestyle,71.0,2,13/12/20,15:09:00,Credit card,4.0,0.33,142.0,46.86
7856,WALM050,Victoria,Fashion accessories,25.0,3,19/11/20,15:08:00,Ewallet,4.0,0.48,75.0,36.0
7857,WALM025,Waco,Home and lifestyle,19.0,3,24/12/20,16:18:00,Credit card,3.0,0.48,57.0,27.36
7858,WALM030,Richardson,Fashion accessories,18.0,1,06/11/21,17:11:00,Credit card,7.0,0.48,18.0,8.64
7859,WALM025,Waco,Home and lifestyle,34.0,3,11/12/21,18:13:00,Credit card,7.0,0.48,102.0,48.96
7860,WALM054,Sherman,Fashion accessories,85.0,2,21/12/20,18:10:00,Credit card,5.0,0.21,170.0,35.7
7861,WALM009,Plano,Home and lifestyle,20.0,1,25/12/22,20:47:00,Credit card,3.0,0.48,20.0,9.6
7862,WALM050,Victoria,Fashion accessories,44.0,3,10/11/21,20:32:00,Ewallet,5.0,0.48,132.0,63.36
7863,WALM054,Sherman,Home and lifestyle,40.0,2,23/12/20,16:16:00,Credit card,5.0,0.21,80.0,16.8
7864,WALM038,Sugar Land,Fashion accessories,25.0,3,09/12/23,20:14:00,Credit card,6.0,0.48,75.0,36.0
7865,WALM065,Texas City,Home and lifestyle,20.0,3,29/11/21,17:38:00,Credit card,3.0,0.33,60.0,19.8
7866,WALM003,San Antonio,Fashion accessories,37.0,3,02/12/21,19:12:00,Credit card,6.0,0.48,111.0,53.28
7867,WALM003,San Antonio,Home and lifestyle,16.0,1,04/12/23,16:17:00,Credit card,6.0,0.48,16.0,7.68
7868,WALM054,Sherman,Fashion accessories,41.0,1,15/11/23,17:44:00,Credit card,6.0,0.21,41.0,8.61
7869,WALM084,Schertz,Home and lifestyle,32.0,1,07/11/22,18:48:00,Credit card,6.0,0.33,32.0,10.56
7870,WALM087,Waxahachie,Fashion accessories,81.0,1,20/11/20,18:24:00,Credit card,4.0,0.33,81.0,26.73
7871,WALM074,Weslaco,Home and lifestyle,18.0,3,16/11/21,17:13:00,Credit card,4.0,0.33,54.0,17.82
7872,WALM074,Weslaco,Fashion accessories,63.0,1,19/11/22,17:59:00,Credit card,7.0,0.33,63.0,20.79
7873,WALM084,Schertz,Home and lifestyle,64.0,3,01/12/20,15:59:00,Credit card,7.0,0.33,192.0,63.36
7874,WALM058,Port Arthur,Fashion accessories,76.0,1,24/12/22,16:38:00,Credit card,6.0,0.33,76.0,25.08
7875,WALM089,Southlake,Home and lifestyle,78.0,3,09/12/23,18:33:00,Credit card,6.0,0.33,234.0,77.22
7876,WALM087,Waxahachie,Fashion accessories,25.0,2,04/11/23,15:02:00,Credit card,7.0,0.33,50.0,16.5
7877,WALM084,Schertz,Home and lifestyle,40.0,1,11/12/22,17:50:00,Credit card,7.0,0.33,40.0,13.2
7878,WALM032,Tyler,Fashion accessories,22.0,3,13/12/23,19:20:00,Credit card,7.0,0.48,66.0,31.68
7879,WALM082,Weslaco,Home and lifestyle,81.0,1,23/12/22,16:03:00,Credit card,6.0,0.33,81.0,26.73
7880,WALM084,Schertz,Fashion accessories,18.0,3,26/12/23,20:13:00,Credit card,7.0,0.33,54.0,17.82
7881,WALM069,Rockwall,Home and lifestyle,16.0,2,27/12/21,16:18:00,Credit card,5.0,0.33,32.0,10.56
7882,WALM056,Rowlett,Fashion accessories,58.0,1,26/12/20,15:56:00,Credit card,7.0,0.33,58.0,19.14
7883,WALM054,Sherman,Home and lifestyle,55.0,3,01/12/23,20:14:00,Credit card,4.0,0.21,165.0,34.65
7884,WALM084,Schertz,Fashion accessories,35.0,2,27/11/20,15:25:00,Credit card,6.0,0.33,70.0,23.1
7885,WALM050,Victoria,Home and lifestyle,66.0,3,08/11/21,17:45:00,Ewallet,3.0,0.48,198.0,95.04
7886,WALM050,Victoria,Fashion accessories,33.0,2,31/12/22,15:32:00,Ewallet,3.0,0.48,66.0,31.68
7887,WALM074,Weslaco,Home and lifestyle,50.0,2,22/12/20,18:48:00,Credit card,4.0,0.33,100.0,33.0
7888,WALM025,Waco,Fashion accessories,50.0,2,27/11/23,15:04:00,Credit card,3.0,0.48,100.0,48.0
7889,WALM056,Rowlett,Home and lifestyle,44.0,3,28/11/21,15:38:00,Credit card,6.0,0.33,132.0,43.56
7890,WALM009,Plano,Fashion accessories,47.0,1,26/11/21,17:49:00,Credit card,7.0,0.48,47.0,22.56
7891,WALM074,Weslaco,Home and lifestyle,63.0,1,01/12/21,19:52:00,Credit card,3.0,0.33,63.0,20.79
7892,WALM029,Round Rock,Fashion accessories,54.0,2,10/11/23,18:13:00,Credit card,4.0,0.48,108.0,51.84
7893,WALM038,Sugar Land,Home and lifestyle,31.0,1,07/12/20,18:25:00,Credit card,3.0,0.48,31.0,14.88
7894,WALM029,Round Rock,Fashion accessories,73.0,3,13/11/20,18:37:00,Credit card,7.0,0.48,219.0,105.12
7895,WALM084,Schertz,Home and lifestyle,55.0,1,05/12/22,18:42:00,Credit card,6.0,0.33,55.0,18.15
7896,WALM054,Sherman,Fashion accessories,61.0,2,15/12/20,19:21:00,Credit card,5.0,0.21,122.0,25.62
7897,WALM030,Richardson,Home and lifestyle,57.0,1,24/11/20,18:37:00,Credit card,4.0,0.48,57.0,27.36
7898,WALM029,Round Rock,Fashion accessories,18.0,1,22/11/23,18:28:00,Credit card,5.0,0.48,18.0,8.64
7899,WALM032,Tyler,Home and lifestyle,23.0,3,21/11/23,17:43:00,Credit card,4.0,0.48,69.0,33.12
7900,WALM074,Weslaco,Fashion accessories,25.0,3,14/12/22,15:37:00,Credit card,7.0,0.33,75.0,24.75
7901,WALM089,Southlake,Home and lifestyle,22.0,3,20/12/22,18:30:00,Credit card,4.0,0.33,66.0,21.78
7902,WALM029,Round Rock,Fashion accessories,26.0,1,06/11/20,15:10:00,Credit card,3.0,0.48,26.0,12.48
7903,WALM032,Tyler,Home and lifestyle,20.0,1,06/11/20,16:22:00,Credit card,6.0,0.48,20.0,9.6
7904,WALM089,Southlake,Fashion accessories,25.0,1,13/12/22,15:42:00,Credit card,7.0,0.33,25.0,8.25
7905,WALM075,San Marcos,Home and lifestyle,19.0,3,22/11/23,20:22:00,Credit card,6.0,0.33,57.0,18.81
7906,WALM073,Seguin,Fashion accessories,38.0,1,05/11/22,17:10:00,Credit card,5.0,0.33,38.0,12.54
7907,WALM089,Southlake,Home and lifestyle,20.0,1,03/11/20,19:55:00,Credit card,5.0,0.33,20.0,6.6
7908,WALM065,Texas City,Fashion accessories,82.0,3,16/12/20,16:19:00,Credit card,6.0,0.33,246.0,81.18
7909,WALM035,San Angelo,Home and lifestyle,34.0,1,11/11/23,17:09:00,Credit card,6.0,0.48,34.0,16.32
7910,WALM074,Weslaco,Fashion accessories,18.0,3,28/12/20,17:07:00,Credit card,7.0,0.33,54.0,17.82
7911,WALM032,Tyler,Home and lifestyle,76.0,3,01/11/22,15:28:00,Credit card,4.0,0.48,228.0,109.44
7912,WALM038,Sugar Land,Fashion accessories,77.0,3,29/11/23,17:15:00,Credit card,3.0,0.48,231.0,110.88
7913,WALM046,Temple,Home and lifestyle,48.0,2,11/12/20,18:31:00,Credit card,4.0,0.48,96.0,46.08
7914,WALM046,Temple,Fashion accessories,69.0,3,10/11/20,21:00:00,Credit card,3.0,0.48,207.0,99.36
7915,WALM054,Sherman,Home and lifestyle,63.0,2,03/12/23,19:17:00,Credit card,4.0,0.21,126.0,26.46
7916,WALM089,Southlake,Fashion accessories,74.0,3,28/11/20,17:36:00,Credit card,3.0,0.33,222.0,73.26
7917,WALM082,Weslaco,Home and lifestyle,43.0,1,27/11/20,15:08:00,Credit card,7.0,0.33,43.0,14.19
7918,WALM086,Rosenberg,Fashion accessories,55.0,1,25/11/20,20:54:00,Credit card,5.0,0.33,55.0,18.15
7919,WALM035,San Angelo,Home and lifestyle,63.0,1,10/12/22,15:57:00,Credit card,6.0,0.48,63.0,30.24
7920,WALM055,Waxahachie,Fashion accessories,55.0,1,26/12/20,16:22:00,Credit card,4.0,0.33,55.0,18.15
7921,WALM087,Waxahachie,Home and lifestyle,56.0,2,11/12/21,19:21:00,Credit card,5.0,0.33,112.0,36.96
7922,WALM046,Temple,Fashion accessories,62.0,2,02/12/20,15:39:00,Credit card,7.0,0.48,124.0,59.52
7923,WALM030,Richardson,Home and lifestyle,71.0,2,28/11/20,15:06:00,Credit card,6.0,0.48,142.0,68.16
7924,WALM073,Seguin,Fashion accessories,85.0,3,14/12/22,16:44:00,Credit card,3.0,0.33,255.0,84.15
7925,WALM025,Waco,Home and lifestyle,40.0,3,18/11/20,17:35:00,Credit card,5.0,0.48,120.0,57.6
7926,WALM029,Round Rock,Fashion accessories,25.0,3,17/12/23,18:57:00,Credit card,6.0,0.48,75.0,36.0
7927,WALM089,Southlake,Home and lifestyle,44.0,1,01/12/23,16:31:00,Credit card,7.0,0.33,44.0,14.52
7928,WALM075,San Marcos,Fashion accessories,32.0,3,20/12/20,19:40:00,Credit card,5.0,0.33,96.0,31.68
7929,WALM038,Sugar Land,Home and lifestyle,22.0,2,05/12/20,20:06:00,Credit card,6.0,0.48,44.0,21.12
7930,WALM025,Waco,Fashion accessories,19.0,1,14/11/20,16:21:00,Credit card,7.0,0.48,19.0,9.12
7931,WALM050,Victoria,Home and lifestyle,46.0,2,11/12/20,16:33:00,Ewallet,3.0,0.48,92.0,44.16
7932,WALM032,Tyler,Fashion accessories,73.0,3,27/11/21,19:50:00,Credit card,4.0,0.48,219.0,105.12
7933,WALM086,Rosenberg,Home and lifestyle,70.0,1,16/12/22,16:40:00,Credit card,5.0,0.33,70.0,23.1
7934,WALM032,Tyler,Fashion accessories,46.0,3,01/11/21,17:18:00,Credit card,5.0,0.48,138.0,66.24
7935,WALM086,Rosenberg,Home and lifestyle,60.0,3,22/11/23,15:12:00,Credit card,4.0,0.33,180.0,59.4
7936,WALM050,Victoria,Fashion accessories,55.0,1,18/11/22,18:43:00,Ewallet,3.0,0.48,55.0,26.4
7937,WALM035,San Angelo,Home and lifestyle,45.0,3,08/11/21,20:14:00,Credit card,7.0,0.48,135.0,64.8
7938,WALM065,Texas City,Fashion accessories,20.0,2,13/12/23,15:25:00,Credit card,5.0,0.33,40.0,13.2
7939,WALM084,Schertz,Home and lifestyle,16.0,2,17/12/21,16:37:00,Credit card,5.0,0.33,32.0,10.56
7940,WALM058,Port Arthur,Fashion accessories,38.0,3,25/11/21,20:01:00,Credit card,3.0,0.33,114.0,37.62
7941,WALM038,Sugar Land,Home and lifestyle,63.0,1,15/11/22,20:50:00,Credit card,6.0,0.48,63.0,30.24
7942,WALM099,Weatherford,Fashion accessories,27.0,2,02/12/20,17:30:00,Credit card,4.0,0.18,54.0,9.72
7943,WALM056,Rowlett,Home and lifestyle,56.0,3,02/11/22,15:01:00,Credit card,3.0,0.33,168.0,55.44
7944,WALM032,Tyler,Fashion accessories,23.0,2,07/11/21,20:21:00,Credit card,7.0,0.48,46.0,22.08
7945,WALM075,San Marcos,Home and lifestyle,16.0,1,28/11/21,17:53:00,Credit card,6.0,0.33,16.0,5.28
7946,WALM065,Texas City,Fashion accessories,45.0,1,26/11/22,20:49:00,Credit card,7.0,0.33,45.0,14.85
7947,WALM055,Waxahachie,Home and lifestyle,77.0,2,07/11/21,16:25:00,Credit card,3.0,0.33,154.0,50.82
7948,WALM074,Weslaco,Fashion accessories,52.0,2,17/12/22,20:51:00,Credit card,4.0,0.33,104.0,34.32
7949,WALM073,Seguin,Home and lifestyle,44.0,3,11/11/23,17:16:00,Credit card,4.0,0.33,132.0,43.56
7950,WALM058,Port Arthur,Fashion accessories,44.0,2,26/12/21,20:07:00,Credit card,5.0,0.33,88.0,29.04
7951,WALM032,Tyler,Home and lifestyle,57.0,3,01/12/22,20:45:00,Credit card,6.0,0.48,171.0,82.08
7952,WALM087,Waxahachie,Fashion accessories,80.0,1,10/12/20,16:19:00,Credit card,6.0,0.33,80.0,26.4
7953,WALM003,San Antonio,Home and lifestyle,29.0,3,10/11/21,17:17:00,Credit card,7.0,0.48,87.0,41.76
7954,WALM055,Waxahachie,Fashion accessories,54.0,3,01/11/23,19:59:00,Credit card,5.0,0.33,162.0,53.46
7955,WALM030,Richardson,Home and lifestyle,54.0,3,05/11/22,16:49:00,Credit card,3.0,0.48,162.0,77.76
7956,WALM073,Seguin,Fashion accessories,50.0,3,21/11/22,18:48:00,Credit card,4.0,0.33,150.0,49.5
7957,WALM046,Temple,Home and lifestyle,56.0,3,14/11/22,19:08:00,Credit card,5.0,0.48,168.0,80.64
7958,WALM009,Plano,Fashion accessories,43.0,3,01/12/23,20:14:00,Credit card,7.0,0.48,129.0,61.92
7959,WALM009,Plano,Home and lifestyle,48.0,1,21/11/23,18:07:00,Credit card,4.0,0.48,48.0,23.04
7960,WALM089,Southlake,Fashion accessories,83.0,2,04/12/23,20:23:00,Credit card,4.0,0.33,166.0,54.78
7961,WALM035,San Angelo,Home and lifestyle,15.0,2,13/11/20,18:38:00,Credit card,4.0,0.48,30.0,14.4
7962,WALM087,Waxahachie,Fashion accessories,40.0,1,29/11/22,20:46:00,Credit card,3.0,0.33,40.0,13.2
7963,WALM087,Waxahachie,Home and lifestyle,71.0,3,16/11/20,19:42:00,Credit card,5.0,0.33,213.0,70.29
7964,WALM087,Waxahachie,Fashion accessories,44.0,2,04/12/21,15:09:00,Credit card,5.0,0.33,88.0,29.04
7965,WALM069,Rockwall,Home and lifestyle,24.0,2,21/11/21,16:52:00,Credit card,4.0,0.33,48.0,15.84
7966,WALM087,Waxahachie,Fashion accessories,41.0,3,07/11/22,15:21:00,Credit card,6.0,0.33,123.0,40.59
7967,WALM046,Temple,Home and lifestyle,25.0,3,25/11/20,17:10:00,Credit card,3.0,0.48,75.0,36.0
7968,WALM029,Round Rock,Fashion accessories,27.0,2,04/11/23,16:35:00,Credit card,5.0,0.48,54.0,25.92
7969,WALM089,Southlake,Home and lifestyle,16.0,3,03/11/20,15:36:00,Credit card,5.0,0.33,48.0,15.84
7970,WALM025,Waco,Fashion accessories,34.0,1,06/11/22,15:50:00,Credit card,7.0,0.48,34.0,16.32
7971,WALM056,Rowlett,Home and lifestyle,65.0,3,02/11/21,18:56:00,Credit card,5.0,0.33,195.0,64.35
7972,WALM058,Port Arthur,Fashion accessories,34.0,1,19/11/23,18:32:00,Credit card,3.0,0.33,34.0,11.22
7973,WALM038,Sugar Land,Home and lifestyle,56.0,1,08/11/22,18:23:00,Credit card,6.0,0.48,56.0,26.88
7974,WALM058,Port Arthur,Fashion accessories,23.0,3,24/12/23,16:28:00,Credit card,5.0,0.33,69.0,22.77
7975,WALM069,Rockwall,Home and lifestyle,34.0,2,17/12/23,16:54:00,Credit card,5.0,0.33,68.0,22.44
7976,WALM099,Weatherford,Fashion accessories,65.0,1,03/12/21,16:48:00,Credit card,4.0,0.18,65.0,11.7
7977,WALM054,Sherman,Home and lifestyle,20.0,2,31/12/20,16:05:00,Credit card,7.0,0.21,40.0,8.4
7978,WALM003,San Antonio,Fashion accessories,29.0,2,09/12/20,17:01:00,Credit card,4.0,0.48,58.0,27.84
7979,WALM055,Waxahachie,Home and lifestyle,70.0,1,21/12/23,18:11:00,Credit card,6.0,0.33,70.0,23.1
7980,WALM075,San Marcos,Fashion accessories,43.0,2,25/11/21,15:14:00,Credit card,3.0,0.33,86.0,28.38
7981,WALM029,Round Rock,Home and lifestyle,23.0,3,03/11/22,20:27:00,Credit card,4.0,0.48,69.0,33.12
7982,WALM029,Round Rock,Fashion accessories,68.0,2,26/12/21,15:51:00,Credit card,5.0,0.48,136.0,65.28
7983,WALM084,Schertz,Home and lifestyle,56.0,2,27/12/23,15:33:00,Credit card,7.0,0.33,112.0,36.96
7984,WALM087,Waxahachie,Fashion accessories,36.0,2,03/12/21,16:34:00,Credit card,7.0,0.33,72.0,23.76
7985,WALM050,Victoria,Home and lifestyle,75.0,1,13/12/20,16:50:00,Ewallet,3.0,0.48,75.0,36.0
7986,WALM003,San Antonio,Fashion accessories,23.0,2,02/12/21,18:18:00,Credit card,3.0,0.48,46.0,22.08
7987,WALM009,Plano,Home and lifestyle,24.0,2,26/12/23,19:18:00,Credit card,7.0,0.48,48.0,23.04
7988,WALM056,Rowlett,Fashion accessories,25.0,3,24/12/20,20:39:00,Credit card,7.0,0.33,75.0,24.75
7989,WALM069,Rockwall,Home and lifestyle,15.0,2,29/11/20,17:45:00,Credit card,7.0,0.33,30.0,9.9
7990,WALM065,Texas City,Fashion accessories,81.0,2,21/12/20,17:32:00,Credit card,5.0,0.33,162.0,53.46
7991,WALM084,Schertz,Home and lifestyle,45.0,1,21/11/23,17:26:00,Credit card,4.0,0.33,45.0,14.85
7992,WALM082,Weslaco,Fashion accessories,53.0,1,11/12/20,16:54:00,Credit card,3.0,0.33,53.0,17.49
7993,WALM089,Southlake,Home and lifestyle,79.0,2,28/11/21,15:04:00,Credit card,7.0,0.33,158.0,52.14
7994,WALM084,Schertz,Fashion accessories,44.0,1,08/12/23,20:07:00,Credit card,7.0,0.33,44.0,14.52
7995,WALM032,Tyler,Home and lifestyle,63.0,2,16/11/22,18:48:00,Credit card,6.0,0.48,126.0,60.48
7996,WALM058,Port Arthur,Fashion accessories,59.0,3,19/11/23,19:45:00,Credit card,6.0,0.33,177.0,58.41
7997,WALM046,Temple,Home and lifestyle,41.0,1,24/11/20,15:48:00,Credit card,5.0,0.48,41.0,19.68
7998,WALM074,Weslaco,Fashion accessories,54.0,3,09/11/21,20:10:00,Credit card,4.0,0.33,162.0,53.46
7999,WALM073,Seguin,Home and lifestyle,31.0,3,14/11/22,20:15:00,Credit card,3.0,0.33,93.0,30.69
8000,WALM050,Victoria,Fashion accessories,65.0,2,01/12/23,15:47:00,Ewallet,5.0,0.48,130.0,62.4
8001,WALM035,San Angelo,Home and lifestyle,66.0,1,27/11/22,20:55:00,Credit card,4.0,0.48,66.0,31.68
8002,WALM025,Waco,Fashion accessories,67.0,2,22/12/20,18:27:00,Credit card,3.0,0.48,134.0,64.32
8003,WALM075,San Marcos,Home and lifestyle,47.0,1,23/11/20,20:19:00,Credit card,6.0,0.33,47.0,15.51
8004,WALM056,Rowlett,Fashion accessories,51.0,1,08/11/20,18:30:00,Credit card,4.0,0.33,51.0,16.83
8005,WALM056,Rowlett,Home and lifestyle,60.0,2,14/11/21,17:50:00,Credit card,6.0,0.33,120.0,39.6
8006,WALM074,Weslaco,Fashion accessories,51.0,3,27/12/23,19:53:00,Credit card,4.0,0.33,153.0,50.49
8007,WALM050,Victoria,Home and lifestyle,50.0,3,10/11/23,17:07:00,Ewallet,6.0,0.48,150.0,72.0
8008,WALM029,Round Rock,Fashion accessories,27.0,1,29/11/22,16:25:00,Credit card,7.0,0.48,27.0,12.96
8009,WALM003,San Antonio,Home and lifestyle,38.0,2,30/12/21,17:56:00,Credit card,3.0,0.48,76.0,36.48
8010,WALM029,Round Rock,Fashion accessories,80.0,1,19/11/20,16:59:00,Credit card,3.0,0.48,80.0,38.4
8011,WALM069,Rockwall,Home and lifestyle,58.0,1,17/11/23,16:40:00,Credit card,3.0,0.33,58.0,19.14
8012,WALM003,San Antonio,Fashion accessories,23.0,1,08/11/20,15:19:00,Credit card,7.0,0.48,23.0,11.04
8013,WALM084,Schertz,Home and lifestyle,45.0,3,14/12/22,20:24:00,Credit card,4.0,0.33,135.0,44.55
8014,WALM030,Richardson,Fashion accessories,74.0,1,26/11/22,15:04:00,Credit card,3.0,0.48,74.0,35.52
8015,WALM035,San Angelo,Home and lifestyle,29.0,1,24/12/23,15:37:00,Credit card,7.0,0.48,29.0,13.92
8016,WALM069,Rockwall,Fashion accessories,37.0,3,01/12/21,17:54:00,Credit card,6.0,0.33,111.0,36.63
8017,WALM009,Plano,Home and lifestyle,32.0,2,03/11/21,17:46:00,Credit card,7.0,0.48,64.0,30.72
8018,WALM032,Tyler,Fashion accessories,51.0,1,25/12/20,17:02:00,Credit card,6.0,0.48,51.0,24.48
8019,WALM056,Rowlett,Home and lifestyle,20.0,3,21/11/21,17:29:00,Credit card,3.0,0.33,60.0,19.8
8020,WALM084,Schertz,Fashion accessories,69.0,1,05/12/22,16:03:00,Credit card,7.0,0.33,69.0,22.77
8021,WALM003,San Antonio,Home and lifestyle,64.0,1,27/11/22,20:33:00,Credit card,7.0,0.48,64.0,30.72
8022,WALM038,Sugar Land,Fashion accessories,24.0,3,30/11/22,16:34:00,Credit card,6.0,0.48,72.0,34.56
8023,WALM099,Weatherford,Home and lifestyle,15.0,2,20/11/20,15:58:00,Credit card,7.0,0.18,30.0,5.4
8024,WALM054,Sherman,Fashion accessories,55.0,1,05/11/23,16:42:00,Credit card,6.0,0.21,55.0,11.55
8025,WALM003,San Antonio,Home and lifestyle,65.0,2,25/12/23,20:29:00,Credit card,7.0,0.48,130.0,62.4
8026,WALM046,Temple,Fashion accessories,17.0,1,20/12/20,15:47:00,Credit card,4.0,0.48,17.0,8.16
8027,WALM055,Waxahachie,Home and lifestyle,56.0,1,27/11/23,18:25:00,Credit card,7.0,0.33,56.0,18.48
8028,WALM050,Victoria,Fashion accessories,64.0,2,26/11/23,17:31:00,Ewallet,5.0,0.48,128.0,61.44
8029,WALM099,Weatherford,Home and lifestyle,16.0,1,09/12/23,15:54:00,Credit card,3.0,0.18,16.0,2.88
8030,WALM075,San Marcos,Fashion accessories,32.0,2,22/11/23,16:08:00,Credit card,4.0,0.33,64.0,21.12
8031,WALM056,Rowlett,Home and lifestyle,82.0,2,28/11/22,19:03:00,Credit card,4.0,0.33,164.0,54.12
8032,WALM030,Richardson,Fashion accessories,26.0,2,18/11/21,15:06:00,Credit card,7.0,0.48,52.0,24.96
8033,WALM032,Tyler,Home and lifestyle,83.0,3,06/12/21,15:31:00,Credit card,4.0,0.48,249.0,119.52
8034,WALM025,Waco,Fashion accessories,59.0,2,10/11/23,16:59:00,Credit card,7.0,0.48,118.0,56.64
8035,WALM084,Schertz,Home and lifestyle,73.0,3,08/11/21,17:06:00,Credit card,4.0,0.33,219.0,72.27
8036,WALM075,San Marcos,Fashion accessories,39.0,1,20/11/21,18:25:00,Credit card,4.0,0.33,39.0,12.87
8037,WALM058,Port Arthur,Home and lifestyle,53.0,1,30/12/22,16:41:00,Credit card,4.0,0.33,53.0,17.49
8038,WALM035,San Angelo,Fashion accessories,65.0,1,31/12/22,17:19:00,Credit card,3.0,0.48,65.0,31.2
8039,WALM054,Sherman,Home and lifestyle,37.0,1,10/11/21,16:44:00,Credit card,3.0,0.21,37.0,7.77
8040,WALM003,San Antonio,Fashion accessories,15.0,3,04/12/22,20:46:00,Credit card,5.0,0.48,45.0,21.6
8041,WALM009,Plano,Home and lifestyle,52.0,1,03/12/22,19:30:00,Credit card,7.0,0.48,52.0,24.96
8042,WALM054,Sherman,Fashion accessories,62.0,2,21/11/23,15:33:00,Credit card,7.0,0.21,124.0,26.04
8043,WALM038,Sugar Land,Home and lifestyle,45.0,1,16/12/21,15:55:00,Credit card,4.0,0.48,45.0,21.6
8044,WALM046,Temple,Fashion accessories,32.0,1,02/12/22,15:17:00,Credit card,6.0,0.48,32.0,15.36
8045,WALM035,San Angelo,Home and lifestyle,64.0,3,16/12/23,19:41:00,Credit card,7.0,0.48,192.0,92.16
8046,WALM046,Temple,Fashion accessories,64.0,3,12/12/23,15:01:00,Credit card,3.0,0.48,192.0,92.16
8047,WALM009,Plano,Home and lifestyle,16.0,3,30/11/20,18:18:00,Credit card,3.0,0.48,48.0,23.04
8048,WALM084,Schertz,Fashion accessories,24.0,3,24/11/22,20:19:00,Credit card,7.0,0.33,72.0,23.76
8049,WALM056,Rowlett,Home and lifestyle,38.0,1,08/11/23,20:31:00,Credit card,3.0,0.33,38.0,12.54
8050,WALM074,Weslaco,Fashion accessories,65.0,3,01/12/22,20:37:00,Credit card,7.0,0.33,195.0,64.35
8051,WALM082,Weslaco,Home and lifestyle,34.0,1,10/12/21,16:59:00,Credit card,4.0,0.33,34.0,11.22
8052,WALM073,Seguin,Fashion accessories,70.0,3,29/11/21,17:48:00,Credit card,4.0,0.33,210.0,69.3
8053,WALM084,Schertz,Home and lifestyle,48.0,1,20/12/22,15:31:00,Credit card,5.0,0.33,48.0,15.84
8054,WALM075,San Marcos,Fashion accessories,54.0,3,29/12/23,16:14:00,Credit card,5.0,0.33,162.0,53.46
8055,WALM058,Port Arthur,Home and lifestyle,62.0,2,13/11/21,18:06:00,Credit card,3.0,0.33,124.0,40.92
8056,WALM003,San Antonio,Fashion accessories,21.0,2,22/12/21,18:44:00,Credit card,4.0,0.48,42.0,20.16
8057,WALM082,Weslaco,Home and lifestyle,42.0,1,27/12/23,20:30:00,Credit card,5.0,0.33,42.0,13.86
8058,WALM050,Victoria,Fashion accessories,35.0,1,30/11/20,19:16:00,Ewallet,4.0,0.48,35.0,16.8
8059,WALM038,Sugar Land,Home and lifestyle,53.0,1,17/12/23,20:31:00,Credit card,5.0,0.48,53.0,25.44
8060,WALM086,Rosenberg,Fashion accessories,19.0,2,29/11/21,20:57:00,Credit card,6.0,0.33,38.0,12.54
8061,WALM073,Seguin,Home and lifestyle,44.0,1,09/12/22,15:40:00,Credit card,3.0,0.33,44.0,14.52
8062,WALM032,Tyler,Fashion accessories,53.0,1,26/12/21,21:00:00,Credit card,4.0,0.48,53.0,25.44
8063,WALM087,Waxahachie,Home and lifestyle,56.0,3,26/11/23,20:32:00,Credit card,6.0,0.33,168.0,55.44
8064,WALM032,Tyler,Fashion accessories,20.0,2,26/11/20,20:12:00,Credit card,6.0,0.48,40.0,19.2
8065,WALM086,Rosenberg,Home and lifestyle,50.0,2,15/12/20,19:59:00,Credit card,4.0,0.33,100.0,33.0
8066,WALM082,Weslaco,Fashion accessories,57.0,2,11/12/20,18:24:00,Credit card,3.0,0.33,114.0,37.62
8067,WALM089,Southlake,Home and lifestyle,80.0,2,18/11/23,19:53:00,Credit card,3.0,0.33,160.0,52.8
8068,WALM035,San Angelo,Fashion accessories,85.0,2,15/12/20,20:24:00,Credit card,7.0,0.48,170.0,81.6
8069,WALM086,Rosenberg,Home and lifestyle,77.0,1,27/11/20,18:32:00,Credit card,6.0,0.33,77.0,25.41
8070,WALM099,Weatherford,Fashion accessories,80.0,2,19/12/23,17:26:00,Credit card,4.0,0.18,160.0,28.8
8071,WALM089,Southlake,Home and lifestyle,80.0,1,02/11/22,16:28:00,Credit card,4.0,0.33,80.0,26.4
8072,WALM074,Weslaco,Fashion accessories,40.0,1,19/11/21,16:04:00,Credit card,7.0,0.33,40.0,13.2
8073,WALM069,Rockwall,Home and lifestyle,65.0,1,03/11/21,17:46:00,Credit card,6.0,0.33,65.0,21.45
8074,WALM046,Temple,Fashion accessories,64.0,2,13/11/22,20:34:00,Credit card,7.0,0.48,128.0,61.44
8075,WALM046,Temple,Home and lifestyle,42.0,2,05/12/22,18:58:00,Credit card,7.0,0.48,84.0,40.32
8076,WALM082,Weslaco,Fashion accessories,20.0,1,02/11/23,15:31:00,Credit card,3.0,0.33,20.0,6.6
8077,WALM030,Richardson,Home and lifestyle,23.0,1,22/11/22,19:10:00,Credit card,6.0,0.48,23.0,11.04
8078,WALM082,Weslaco,Fashion accessories,27.0,1,29/12/20,15:16:00,Credit card,3.0,0.33,27.0,8.91
8079,WALM099,Weatherford,Home and lifestyle,24.0,3,11/12/21,15:40:00,Credit card,4.0,0.18,72.0,12.96
8080,WALM086,Rosenberg,Fashion accessories,61.0,2,28/11/22,18:49:00,Credit card,5.0,0.33,122.0,40.26
8081,WALM038,Sugar Land,Home and lifestyle,46.0,2,18/12/23,17:37:00,Credit card,6.0,0.48,92.0,44.16
8082,WALM058,Port Arthur,Fashion accessories,70.0,2,31/12/21,19:45:00,Credit card,5.0,0.33,140.0,46.2
8083,WALM025,Waco,Home and lifestyle,72.0,2,13/12/21,20:09:00,Credit card,6.0,0.48,144.0,69.12
8084,WALM069,Rockwall,Fashion accessories,29.0,1,29/12/21,15:15:00,Credit card,4.0,0.33,29.0,9.57
8085,WALM073,Seguin,Home and lifestyle,29.0,2,06/11/21,19:36:00,Credit card,5.0,0.33,58.0,19.14
8086,WALM035,San Angelo,Fashion accessories,67.0,1,26/11/23,19:26:00,Credit card,5.0,0.48,67.0,32.16
8087,WALM082,Weslaco,Home and lifestyle,31.0,2,26/12/23,15:14:00,Credit card,7.0,0.33,62.0,20.46
8088,WALM056,Rowlett,Fashion accessories,79.0,1,26/12/22,17:39:00,Credit card,6.0,0.33,79.0,26.07
8089,WALM029,Round Rock,Home and lifestyle,63.0,3,21/12/21,19:34:00,Credit card,3.0,0.48,189.0,90.72
8090,WALM025,Waco,Fashion accessories,23.0,3,25/11/20,17:30:00,Credit card,6.0,0.48,69.0,33.12
8091,WALM038,Sugar Land,Home and lifestyle,53.0,1,29/12/20,15:48:00,Credit card,7.0,0.48,53.0,25.44
8092,WALM084,Schertz,Fashion accessories,38.0,3,07/12/23,15:19:00,Credit card,7.0,0.33,114.0,37.62
8093,WALM038,Sugar Land,Home and lifestyle,47.0,1,21/11/22,20:26:00,Credit card,7.0,0.48,47.0,22.56
8094,WALM099,Weatherford,Fashion accessories,51.0,3,19/12/23,17:57:00,Credit card,3.0,0.18,153.0,27.54
8095,WALM035,San Angelo,Home and lifestyle,38.0,2,17/12/21,17:43:00,Credit card,3.0,0.48,76.0,36.48
8096,WALM065,Texas City,Fashion accessories,22.0,1,16/12/20,18:17:00,Credit card,3.0,0.33,22.0,7.26
8097,WALM065,Texas City,Home and lifestyle,26.0,3,01/12/22,20:34:00,Credit card,7.0,0.33,78.0,25.74
8098,WALM089,Southlake,Fashion accessories,33.0,3,03/11/22,17:52:00,Credit card,5.0,0.33,99.0,32.67
8099,WALM082,Weslaco,Home and lifestyle,43.0,2,02/12/23,20:10:00,Credit card,7.0,0.33,86.0,28.38
8100,WALM082,Weslaco,Fashion accessories,16.0,3,25/12/23,19:10:00,Credit card,4.0,0.33,48.0,15.84
8101,WALM058,Port Arthur,Home and lifestyle,50.0,3,22/11/23,16:33:00,Credit card,5.0,0.33,150.0,49.5
8102,WALM075,San Marcos,Fashion accessories,55.0,1,22/12/23,10:39:00,Credit card,7.0,0.33,55.0,18.15
8103,WALM029,Round Rock,Home and lifestyle,41.0,3,26/11/21,16:23:00,Credit card,4.0,0.48,123.0,59.04
8104,WALM082,Weslaco,Fashion accessories,60.0,2,17/12/21,15:39:00,Credit card,4.0,0.33,120.0,39.6
8105,WALM086,Rosenberg,Home and lifestyle,63.0,1,05/11/21,14:45:00,Credit card,4.0,0.33,63.0,20.79
8106,WALM074,Weslaco,Fashion accessories,64.0,2,09/12/21,7:59:00,Credit card,4.0,0.33,128.0,42.24
8107,WALM073,Seguin,Home and lifestyle,31.0,2,19/11/20,8:03:00,Credit card,7.0,0.33,62.0,20.46
8108,WALM055,Waxahachie,Fashion accessories,76.0,2,17/12/20,11:12:00,Credit card,6.0,0.33,152.0,50.16
8109,WALM055,Waxahachie,Home and lifestyle,46.0,3,26/12/21,11:12:00,Credit card,5.0,0.33,138.0,45.54
8110,WALM075,San Marcos,Fashion accessories,64.0,2,10/12/23,16:20:00,Credit card,3.0,0.33,128.0,42.24
8111,WALM075,San Marcos,Home and lifestyle,61.0,2,01/12/20,6:28:00,Credit card,6.0,0.33,122.0,40.26
8112,WALM029,Round Rock,Fashion accessories,67.0,3,10/11/21,10:01:00,Credit card,5.0,0.48,201.0,96.48
8113,WALM009,Plano,Home and lifestyle,37.0,1,31/12/22,7:08:00,Credit card,3.0,0.48,37.0,17.76
8114,WALM032,Tyler,Fashion accessories,35.0,3,06/11/20,7:48:00,Credit card,5.0,0.48,105.0,50.4
8115,WALM050,Victoria,Home and lifestyle,78.0,3,20/12/22,15:05:00,Ewallet,6.0,0.48,234.0,112.32
8116,WALM038,Sugar Land,Fashion accessories,74.0,2,13/11/20,14:14:00,Credit card,3.0,0.48,148.0,71.04
8117,WALM089,Southlake,Home and lifestyle,84.0,2,16/11/20,6:28:00,Credit card,3.0,0.33,168.0,55.44
8118,WALM009,Plano,Fashion accessories,54.0,3,04/11/23,8:05:00,Credit card,3.0,0.48,162.0,77.76
8119,WALM069,Rockwall,Home and lifestyle,80.0,3,02/12/23,15:22:00,Credit card,4.0,0.33,240.0,79.2
8120,WALM089,Southlake,Fashion accessories,42.0,3,18/11/23,14:27:00,Credit card,6.0,0.33,126.0,41.58
8121,WALM089,Southlake,Home and lifestyle,39.0,1,20/11/22,8:56:00,Credit card,6.0,0.33,39.0,12.87
8122,WALM009,Plano,Fashion accessories,62.0,3,13/11/21,8:47:00,Credit card,4.0,0.48,186.0,89.28
8123,WALM030,Richardson,Home and lifestyle,19.0,1,22/12/21,10:18:00,Credit card,7.0,0.48,19.0,9.12
8124,WALM055,Waxahachie,Fashion accessories,16.0,2,14/12/20,8:40:00,Credit card,7.0,0.33,32.0,10.56
8125,WALM084,Schertz,Home and lifestyle,59.0,3,09/12/23,9:28:00,Credit card,6.0,0.33,177.0,58.41
8126,WALM075,San Marcos,Fashion accessories,71.0,1,04/11/22,15:20:00,Credit card,7.0,0.33,71.0,23.43
8127,WALM065,Texas City,Home and lifestyle,45.0,2,17/12/22,10:27:00,Credit card,6.0,0.33,90.0,29.7
8128,WALM032,Tyler,Fashion accessories,66.0,2,23/12/23,10:21:00,Credit card,5.0,0.48,132.0,63.36
8129,WALM087,Waxahachie,Home and lifestyle,25.0,2,28/12/20,6:36:00,Credit card,3.0,0.33,50.0,16.5
8130,WALM035,San Angelo,Fashion accessories,51.0,3,13/12/23,12:32:00,Credit card,7.0,0.48,153.0,73.44
8131,WALM099,Weatherford,Home and lifestyle,54.0,1,18/11/23,10:42:00,Credit card,5.0,0.18,54.0,9.72
8132,WALM084,Schertz,Fashion accessories,19.0,1,20/12/20,14:46:00,Credit card,5.0,0.33,19.0,6.27
8133,WALM054,Sherman,Home and lifestyle,67.0,2,03/12/23,8:33:00,Credit card,3.0,0.21,134.0,28.14
8134,WALM050,Victoria,Fashion accessories,47.0,1,01/12/22,13:24:00,Ewallet,6.0,0.48,47.0,22.56
8135,WALM069,Rockwall,Home and lifestyle,31.0,2,26/12/23,11:23:00,Credit card,5.0,0.33,62.0,20.46
8136,WALM058,Port Arthur,Fashion accessories,36.0,3,13/11/22,14:42:00,Credit card,6.0,0.33,108.0,35.64
8137,WALM073,Seguin,Home and lifestyle,84.0,2,31/12/22,13:30:00,Credit card,5.0,0.33,168.0,55.44
8138,WALM069,Rockwall,Fashion accessories,69.0,3,18/12/20,11:42:00,Credit card,7.0,0.33,207.0,68.31
8139,WALM086,Rosenberg,Home and lifestyle,19.0,2,02/12/23,6:14:00,Credit card,3.0,0.33,38.0,12.54
8140,WALM074,Weslaco,Fashion accessories,84.0,2,16/11/22,16:44:00,Credit card,3.0,0.33,168.0,55.44
8141,WALM082,Weslaco,Home and lifestyle,22.0,3,11/11/21,6:03:00,Credit card,6.0,0.33,66.0,21.78
8142,WALM046,Temple,Fashion accessories,31.0,3,30/11/21,7:14:00,Credit card,7.0,0.48,93.0,44.64
8143,WALM050,Victoria,Home and lifestyle,74.0,1,28/11/20,8:40:00,Ewallet,4.0,0.48,74.0,35.52
8144,WALM069,Rockwall,Fashion accessories,56.0,2,30/11/22,14:31:00,Credit card,5.0,0.33,112.0,36.96
8145,WALM003,San Antonio,Home and lifestyle,40.0,1,18/11/22,13:41:00,Credit card,5.0,0.48,40.0,19.2
8146,WALM086,Rosenberg,Fashion accessories,66.0,3,19/11/23,12:15:00,Credit card,5.0,0.33,198.0,65.34
8147,WALM074,Weslaco,Home and lifestyle,19.0,1,10/12/20,12:20:00,Credit card,7.0,0.33,19.0,6.27
8148,WALM065,Texas City,Fashion accessories,55.0,3,12/11/23,15:00:00,Credit card,7.0,0.33,165.0,54.45
8149,WALM082,Weslaco,Home and lifestyle,82.0,1,27/12/23,15:06:00,Credit card,4.0,0.33,82.0,27.06
8150,WALM030,Richardson,Fashion accessories,64.0,3,28/11/21,14:34:00,Credit card,3.0,0.48,192.0,92.16
8151,WALM084,Schertz,Home and lifestyle,60.0,1,28/12/21,12:56:00,Credit card,5.0,0.33,60.0,19.8
8152,WALM055,Waxahachie,Fashion accessories,31.0,3,18/12/23,7:17:00,Credit card,4.0,0.33,93.0,30.69
8153,WALM058,Port Arthur,Home and lifestyle,51.0,3,09/11/22,6:29:00,Credit card,3.0,0.33,153.0,50.49
8154,WALM003,San Antonio,Fashion accessories,30.0,2,29/11/21,6:01:00,Credit card,3.0,0.48,60.0,28.8
8155,WALM086,Rosenberg,Home and lifestyle,76.0,1,02/12/22,7:24:00,Credit card,3.0,0.33,76.0,25.08
8156,WALM038,Sugar Land,Fashion accessories,69.0,2,07/11/21,13:19:00,Credit card,4.0,0.48,138.0,66.24
8157,WALM089,Southlake,Home and lifestyle,30.0,2,06/11/21,15:09:00,Credit card,6.0,0.33,60.0,19.8
8158,WALM003,San Antonio,Fashion accessories,15.0,2,23/11/20,6:34:00,Credit card,3.0,0.48,30.0,14.4
8159,WALM074,Weslaco,Home and lifestyle,82.0,3,10/11/21,8:08:00,Credit card,7.0,0.33,246.0,81.18
8160,WALM009,Plano,Fashion accessories,21.0,3,25/12/22,10:40:00,Credit card,6.0,0.48,63.0,30.24
8161,WALM038,Sugar Land,Home and lifestyle,54.0,1,14/11/20,6:21:00,Credit card,4.0,0.48,54.0,25.92
8162,WALM056,Rowlett,Fashion accessories,79.0,2,26/11/22,8:24:00,Credit card,6.0,0.33,158.0,52.14
8163,WALM055,Waxahachie,Home and lifestyle,55.0,3,25/12/20,8:47:00,Credit card,4.0,0.33,165.0,54.45
8164,WALM075,San Marcos,Fashion accessories,77.0,2,21/12/23,7:43:00,Credit card,6.0,0.33,154.0,50.82
8165,WALM065,Texas City,Home and lifestyle,78.0,1,11/12/20,16:33:00,Credit card,4.0,0.33,78.0,25.74
8166,WALM087,Waxahachie,Fashion accessories,80.0,2,17/11/23,12:27:00,Credit card,5.0,0.33,160.0,52.8
8167,WALM086,Rosenberg,Home and lifestyle,24.0,2,16/12/22,14:47:00,Credit card,4.0,0.33,48.0,15.84
8168,WALM054,Sherman,Fashion accessories,80.0,1,26/11/21,6:34:00,Credit card,3.0,0.21,80.0,16.8
8169,WALM087,Waxahachie,Home and lifestyle,63.0,3,06/11/21,12:33:00,Credit card,4.0,0.33,189.0,62.37
8170,WALM032,Tyler,Fashion accessories,21.0,3,02/11/21,17:00:00,Credit card,5.0,0.48,63.0,30.24
8171,WALM054,Sherman,Home and lifestyle,39.0,1,01/12/22,15:30:00,Credit card,3.0,0.21,39.0,8.19
8172,WALM089,Southlake,Fashion accessories,15.0,3,11/12/21,7:13:00,Credit card,7.0,0.33,45.0,14.85
8173,WALM029,Round Rock,Home and lifestyle,40.0,3,08/12/20,10:50:00,Credit card,3.0,0.48,120.0,57.6
8174,WALM089,Southlake,Fashion accessories,79.0,3,12/11/20,6:53:00,Credit card,6.0,0.33,237.0,78.21
8175,WALM050,Victoria,Home and lifestyle,56.0,2,12/12/23,16:36:00,Ewallet,7.0,0.48,112.0,53.76
8176,WALM056,Rowlett,Fashion accessories,30.0,3,21/12/20,9:55:00,Credit card,5.0,0.33,90.0,29.7
8177,WALM029,Round Rock,Home and lifestyle,63.0,3,01/12/20,13:02:00,Credit card,3.0,0.48,189.0,90.72
8178,WALM025,Waco,Fashion accessories,75.0,3,14/11/22,14:18:00,Credit card,6.0,0.48,225.0,108.0
8179,WALM084,Schertz,Home and lifestyle,29.0,2,31/12/22,16:56:00,Credit card,6.0,0.33,58.0,19.14
8180,WALM087,Waxahachie,Fashion accessories,38.0,1,22/12/20,14:41:00,Credit card,7.0,0.33,38.0,12.54
8181,WALM074,Weslaco,Home and lifestyle,70.0,1,16/12/23,11:53:00,Credit card,7.0,0.33,70.0,23.1
8182,WALM030,Richardson,Fashion accessories,36.0,3,13/11/22,16:26:00,Credit card,6.0,0.48,108.0,51.84
8183,WALM074,Weslaco,Home and lifestyle,22.0,1,03/11/21,12:39:00,Credit card,3.0,0.33,22.0,7.26
8184,WALM032,Tyler,Fashion accessories,53.0,3,29/12/22,16:36:00,Credit card,5.0,0.48,159.0,76.32
8185,WALM038,Sugar Land,Home and lifestyle,21.0,3,14/11/21,16:32:00,Credit card,4.0,0.48,63.0,30.24
8186,WALM087,Waxahachie,Fashion accessories,53.0,2,14/12/23,16:50:00,Credit card,3.0,0.33,106.0,34.98
8187,WALM099,Weatherford,Home and lifestyle,20.0,1,27/11/22,16:47:00,Credit card,7.0,0.18,20.0,3.6
8188,WALM038,Sugar Land,Fashion accessories,21.0,3,26/12/22,9:49:00,Credit card,6.0,0.48,63.0,30.24
8189,WALM030,Richardson,Home and lifestyle,28.0,2,16/12/22,13:30:00,Credit card,4.0,0.48,56.0,26.88
8190,WALM056,Rowlett,Fashion accessories,20.0,3,24/11/22,12:32:00,Credit card,5.0,0.33,60.0,19.8
8191,WALM089,Southlake,Home and lifestyle,65.0,1,12/12/20,16:15:00,Credit card,5.0,0.33,65.0,21.45
8192,WALM009,Plano,Fashion accessories,53.0,1,21/12/22,6:06:00,Credit card,7.0,0.48,53.0,25.44
8193,WALM074,Weslaco,Home and lifestyle,54.0,2,12/11/22,15:34:00,Credit card,4.0,0.33,108.0,35.64
8194,WALM050,Victoria,Fashion accessories,63.0,3,05/12/21,15:32:00,Ewallet,6.0,0.48,189.0,90.72
8195,WALM009,Plano,Home and lifestyle,75.0,2,02/11/20,15:34:00,Credit card,4.0,0.48,150.0,72.0
8196,WALM003,San Antonio,Fashion accessories,21.0,3,12/12/22,6:08:00,Credit card,5.0,0.48,63.0,30.24
8197,WALM065,Texas City,Home and lifestyle,73.0,2,25/11/22,8:49:00,Credit card,6.0,0.33,146.0,48.18
8198,WALM055,Waxahachie,Fashion accessories,27.0,1,08/12/22,8:33:00,Credit card,7.0,0.33,27.0,8.91
8199,WALM087,Waxahachie,Home and lifestyle,15.0,1,17/12/22,13:56:00,Credit card,4.0,0.33,15.0,4.95
8200,WALM056,Rowlett,Fashion accessories,27.0,1,01/12/23,12:36:00,Credit card,4.0,0.33,27.0,8.91
8201,WALM003,San Antonio,Home and lifestyle,81.0,2,22/11/22,10:34:00,Credit card,7.0,0.48,162.0,77.76
8202,WALM075,San Marcos,Fashion accessories,29.0,2,23/12/20,13:31:00,Credit card,6.0,0.33,58.0,19.14
8203,WALM009,Plano,Home and lifestyle,55.0,1,16/12/22,12:02:00,Credit card,7.0,0.48,55.0,26.4
8204,WALM025,Waco,Fashion accessories,21.0,1,12/11/23,15:14:00,Credit card,7.0,0.48,21.0,10.08
8205,WALM025,Waco,Home and lifestyle,41.0,1,02/11/20,15:08:00,Credit card,5.0,0.48,41.0,19.68
8206,WALM050,Victoria,Fashion accessories,23.0,1,15/12/23,13:26:00,Ewallet,5.0,0.48,23.0,11.04
8207,WALM089,Southlake,Home and lifestyle,41.0,2,24/12/21,10:52:00,Credit card,6.0,0.33,82.0,27.06
8208,WALM050,Victoria,Fashion accessories,31.0,2,27/12/23,11:44:00,Ewallet,3.0,0.48,62.0,29.76
8209,WALM086,Rosenberg,Home and lifestyle,75.0,2,22/12/22,13:47:00,Credit card,6.0,0.33,150.0,49.5
8210,WALM074,Weslaco,Fashion accessories,54.0,3,19/11/23,13:04:00,Credit card,3.0,0.33,162.0,53.46
8211,WALM050,Victoria,Home and lifestyle,82.0,3,08/11/20,8:27:00,Ewallet,5.0,0.48,246.0,118.08
8212,WALM055,Waxahachie,Fashion accessories,32.0,2,25/12/20,11:03:00,Credit card,4.0,0.33,64.0,21.12
8213,WALM003,San Antonio,Home and lifestyle,68.0,3,09/12/21,7:52:00,Credit card,4.0,0.48,204.0,97.92
8214,WALM054,Sherman,Fashion accessories,51.0,1,03/11/22,12:53:00,Credit card,3.0,0.21,51.0,10.71
8215,WALM054,Sherman,Home and lifestyle,63.0,3,29/12/21,16:12:00,Credit card,4.0,0.21,189.0,39.69
8216,WALM089,Southlake,Fashion accessories,69.0,2,25/11/21,8:55:00,Credit card,5.0,0.33,138.0,45.54
8217,WALM056,Rowlett,Home and lifestyle,57.0,2,11/12/21,12:08:00,Credit card,6.0,0.33,114.0,37.62
8218,WALM030,Richardson,Fashion accessories,23.0,2,12/11/21,9:25:00,Credit card,7.0,0.48,46.0,22.08
8219,WALM046,Temple,Home and lifestyle,31.0,1,29/12/22,14:15:00,Credit card,3.0,0.48,31.0,14.88
8220,WALM054,Sherman,Fashion accessories,37.0,1,19/12/23,11:06:00,Credit card,6.0,0.21,37.0,7.77
8221,WALM087,Waxahachie,Home and lifestyle,62.0,1,21/12/23,9:37:00,Credit card,3.0,0.33,62.0,20.46
8222,WALM086,Rosenberg,Fashion accessories,71.0,3,10/12/22,9:58:00,Credit card,7.0,0.33,213.0,70.29
8223,WALM086,Rosenberg,Home and lifestyle,39.0,2,26/11/22,7:07:00,Credit card,5.0,0.33,78.0,25.74
8224,WALM082,Weslaco,Fashion accessories,22.0,3,16/11/23,16:41:00,Credit card,7.0,0.33,66.0,21.78
8225,WALM056,Rowlett,Home and lifestyle,24.0,2,10/11/20,8:19:00,Credit card,6.0,0.33,48.0,15.84
8226,WALM086,Rosenberg,Fashion accessories,71.0,3,17/11/21,13:08:00,Credit card,4.0,0.33,213.0,70.29
8227,WALM086,Rosenberg,Home and lifestyle,18.0,1,18/12/22,8:24:00,Credit card,6.0,0.33,18.0,5.94
8228,WALM056,Rowlett,Fashion accessories,15.0,3,17/11/20,10:42:00,Credit card,4.0,0.33,45.0,14.85
8229,WALM054,Sherman,Home and lifestyle,84.0,3,13/11/22,15:17:00,Credit card,6.0,0.21,252.0,52.92
8230,WALM054,Sherman,Fashion accessories,19.0,1,29/11/20,11:02:00,Credit card,5.0,0.21,19.0,3.99
8231,WALM075,San Marcos,Home and lifestyle,16.0,1,05/12/23,15:53:00,Credit card,4.0,0.33,16.0,5.28
8232,WALM084,Schertz,Fashion accessories,82.0,2,12/11/22,14:05:00,Credit card,4.0,0.33,164.0,54.12
8233,WALM065,Texas City,Home and lifestyle,81.0,1,15/12/23,10:50:00,Credit card,3.0,0.33,81.0,26.73
8234,WALM038,Sugar Land,Fashion accessories,59.0,3,13/12/22,11:53:00,Credit card,6.0,0.48,177.0,84.96
8235,WALM082,Weslaco,Home and lifestyle,48.0,2,18/11/23,12:39:00,Credit card,4.0,0.33,96.0,31.68
8236,WALM030,Richardson,Fashion accessories,43.0,1,14/12/21,16:21:00,Credit card,6.0,0.48,43.0,20.64
8237,WALM025,Waco,Home and lifestyle,61.0,2,11/12/21,14:47:00,Credit card,3.0,0.48,122.0,58.56
8238,WALM025,Waco,Fashion accessories,57.0,3,08/11/20,14:01:00,Credit card,6.0,0.48,171.0,82.08
8239,WALM029,Round Rock,Home and lifestyle,45.0,1,05/12/23,7:37:00,Credit card,7.0,0.48,45.0,21.6
8240,WALM030,Richardson,Fashion accessories,32.0,3,26/12/21,6:54:00,Credit card,7.0,0.48,96.0,46.08
8241,WALM087,Waxahachie,Home and lifestyle,66.0,3,05/11/23,7:11:00,Credit card,6.0,0.33,198.0,65.34
8242,WALM099,Weatherford,Fashion accessories,74.0,2,07/11/21,14:54:00,Credit card,7.0,0.18,148.0,26.64
8243,WALM050,Victoria,Home and lifestyle,82.0,3,13/11/21,9:46:00,Ewallet,7.0,0.48,246.0,118.08
8244,WALM084,Schertz,Fashion accessories,83.0,3,19/11/21,10:52:00,Credit card,6.0,0.33,249.0,82.17
8245,WALM099,Weatherford,Home and lifestyle,16.0,3,12/11/21,14:27:00,Credit card,7.0,0.18,48.0,8.64
8246,WALM056,Rowlett,Fashion accessories,31.0,3,29/12/20,11:17:00,Credit card,7.0,0.33,93.0,30.69
8247,WALM075,San Marcos,Home and lifestyle,47.0,1,24/11/23,13:00:00,Credit card,4.0,0.33,47.0,15.51
8248,WALM038,Sugar Land,Fashion accessories,60.0,2,06/11/20,16:50:00,Credit card,7.0,0.48,120.0,57.6
8249,WALM050,Victoria,Home and lifestyle,42.0,2,04/12/20,11:37:00,Ewallet,3.0,0.48,84.0,40.32
8250,WALM082,Weslaco,Fashion accessories,41.0,1,29/12/21,8:20:00,Credit card,4.0,0.33,41.0,13.53
8251,WALM055,Waxahachie,Home and lifestyle,34.0,1,23/12/20,16:59:00,Credit card,7.0,0.33,34.0,11.22
8252,WALM058,Port Arthur,Fashion accessories,34.0,1,23/12/23,10:44:00,Credit card,6.0,0.33,34.0,11.22
8253,WALM074,Weslaco,Home and lifestyle,54.0,3,23/11/23,11:29:00,Credit card,4.0,0.33,162.0,53.46
8254,WALM089,Southlake,Fashion accessories,73.0,2,26/12/20,15:19:00,Credit card,3.0,0.33,146.0,48.18
8255,WALM035,San Angelo,Home and lifestyle,75.0,3,29/11/21,7:26:00,Credit card,5.0,0.48,225.0,108.0
8256,WALM087,Waxahachie,Fashion accessories,52.0,2,18/12/21,13:23:00,Credit card,6.0,0.33,104.0,34.32
8257,WALM086,Rosenberg,Home and lifestyle,41.0,1,07/12/20,8:07:00,Credit card,4.0,0.33,41.0,13.53
8258,WALM089,Southlake,Fashion accessories,81.0,2,25/11/23,8:27:00,Credit card,5.0,0.33,162.0,53.46
8259,WALM030,Richardson,Home and lifestyle,25.0,1,18/11/21,11:33:00,Credit card,3.0,0.48,25.0,12.0
8260,WALM030,Richardson,Fashion accessories,82.0,2,20/12/20,7:38:00,Credit card,5.0,0.48,164.0,78.72
8261,WALM025,Waco,Home and lifestyle,18.0,2,26/12/22,10:49:00,Credit card,7.0,0.48,36.0,17.28
8262,WALM058,Port Arthur,Fashion accessories,70.0,3,28/11/20,12:50:00,Credit card,3.0,0.33,210.0,69.3
8263,WALM075,San Marcos,Home and lifestyle,43.0,3,29/11/23,8:19:00,Credit card,6.0,0.33,129.0,42.57
8264,WALM099,Weatherford,Fashion accessories,30.0,2,22/11/22,10:46:00,Credit card,7.0,0.18,60.0,10.8
8265,WALM084,Schertz,Home and lifestyle,44.0,3,30/11/22,11:20:00,Credit card,7.0,0.33,132.0,43.56
8266,WALM065,Texas City,Fashion accessories,15.0,3,27/12/21,8:09:00,Credit card,6.0,0.33,45.0,14.85
8267,WALM065,Texas City,Home and lifestyle,35.0,2,05/12/23,15:33:00,Credit card,6.0,0.33,70.0,23.1
8268,WALM074,Weslaco,Fashion accessories,24.0,2,03/12/23,8:39:00,Credit card,5.0,0.33,48.0,15.84
8269,WALM087,Waxahachie,Home and lifestyle,25.0,2,25/12/23,16:10:00,Credit card,6.0,0.33,50.0,16.5
8270,WALM054,Sherman,Fashion accessories,36.0,3,06/12/22,7:19:00,Credit card,4.0,0.21,108.0,22.68
8271,WALM065,Texas City,Home and lifestyle,36.0,2,06/12/20,6:02:00,Credit card,5.0,0.33,72.0,23.76
8272,WALM050,Victoria,Fashion accessories,82.0,2,21/11/21,6:34:00,Ewallet,6.0,0.48,164.0,78.72
8273,WALM030,Richardson,Home and lifestyle,23.0,1,11/11/22,8:08:00,Credit card,7.0,0.48,23.0,11.04
8274,WALM065,Texas City,Fashion accessories,73.0,2,07/12/21,15:21:00,Credit card,3.0,0.33,146.0,48.18
8275,WALM030,Richardson,Home and lifestyle,25.0,1,14/11/20,11:05:00,Credit card,5.0,0.48,25.0,12.0
8276,WALM087,Waxahachie,Fashion accessories,48.0,2,22/11/20,7:38:00,Credit card,3.0,0.33,96.0,31.68
8277,WALM069,Rockwall,Home and lifestyle,34.0,2,30/12/21,10:22:00,Credit card,5.0,0.33,68.0,22.44
8278,WALM055,Waxahachie,Fashion accessories,59.0,1,11/12/22,6:45:00,Credit card,4.0,0.33,59.0,19.47
8279,WALM055,Waxahachie,Home and lifestyle,56.0,3,27/11/21,6:03:00,Credit card,5.0,0.33,168.0,55.44
8280,WALM046,Temple,Fashion accessories,22.0,1,01/12/20,16:41:00,Credit card,4.0,0.48,22.0,10.56
8281,WALM056,Rowlett,Home and lifestyle,39.0,3,01/12/23,14:41:00,Credit card,7.0,0.33,117.0,38.61
8282,WALM065,Texas City,Fashion accessories,38.0,2,30/12/23,6:44:00,Credit card,4.0,0.33,76.0,25.08
8283,WALM086,Rosenberg,Home and lifestyle,22.0,1,17/11/20,14:57:00,Credit card,4.0,0.33,22.0,7.26
8284,WALM029,Round Rock,Fashion accessories,75.0,3,13/12/21,8:23:00,Credit card,3.0,0.48,225.0,108.0
8285,WALM075,San Marcos,Home and lifestyle,19.0,3,05/12/22,15:53:00,Credit card,3.0,0.33,57.0,18.81
8286,WALM054,Sherman,Fashion accessories,38.0,3,20/12/22,12:51:00,Credit card,3.0,0.21,114.0,23.94
8287,WALM054,Sherman,Home and lifestyle,39.0,3,13/11/20,13:42:00,Credit card,4.0,0.21,117.0,24.57
8288,WALM003,San Antonio,Fashion accessories,66.0,3,08/12/22,12:42:00,Credit card,6.0,0.48,198.0,95.04
8289,WALM065,Texas City,Home and lifestyle,81.0,1,22/12/22,15:53:00,Credit card,6.0,0.33,81.0,26.73
8290,WALM055,Waxahachie,Fashion accessories,41.0,1,16/11/23,12:39:00,Credit card,5.0,0.33,41.0,13.53
8291,WALM029,Round Rock,Home and lifestyle,56.0,3,04/12/21,12:31:00,Credit card,5.0,0.48,168.0,80.64
8292,WALM087,Waxahachie,Fashion accessories,35.0,1,18/11/23,7:26:00,Credit card,7.0,0.33,35.0,11.55
8293,WALM038,Sugar Land,Home and lifestyle,16.0,1,01/12/23,12:19:00,Credit card,7.0,0.48,16.0,7.68
8294,WALM046,Temple,Fashion accessories,34.0,3,17/11/20,9:15:00,Credit card,5.0,0.48,102.0,48.96
8295,WALM087,Waxahachie,Home and lifestyle,46.0,3,29/12/21,8:05:00,Credit card,3.0,0.33,138.0,45.54
8296,WALM038,Sugar Land,Fashion accessories,79.0,2,08/12/23,14:25:00,Credit card,7.0,0.48,158.0,75.84
8297,WALM074,Weslaco,Home and lifestyle,57.0,1,07/12/23,6:41:00,Credit card,6.0,0.33,57.0,18.81
8298,WALM073,Seguin,Fashion accessories,33.0,2,25/12/22,12:02:00,Credit card,3.0,0.33,66.0,21.78
8299,WALM086,Rosenberg,Home and lifestyle,64.0,2,13/12/21,15:28:00,Credit card,6.0,0.33,128.0,42.24
8300,WALM050,Victoria,Fashion accessories,38.0,1,03/12/22,13:11:00,Ewallet,7.0,0.48,38.0,18.24
8301,WALM074,Weslaco,Home and lifestyle,41.0,1,10/12/22,12:30:00,Credit card,7.0,0.33,41.0,13.53
8302,WALM035,San Angelo,Fashion accessories,57.0,3,30/12/23,10:38:00,Credit card,3.0,0.48,171.0,82.08
8303,WALM035,San Angelo,Home and lifestyle,66.0,2,16/11/22,6:10:00,Credit card,4.0,0.48,132.0,63.36
8304,WALM046,Temple,Fashion accessories,20.0,3,15/11/20,16:32:00,Credit card,6.0,0.48,60.0,28.8
8305,WALM046,Temple,Home and lifestyle,56.0,1,02/11/20,12:22:00,Credit card,5.0,0.48,56.0,26.88
8306,WALM069,Rockwall,Fashion accessories,32.0,1,18/11/21,11:51:00,Credit card,4.0,0.33,32.0,10.56
8307,WALM086,Rosenberg,Home and lifestyle,55.0,1,22/12/20,8:38:00,Credit card,3.0,0.33,55.0,18.15
8308,WALM050,Victoria,Fashion accessories,77.0,1,27/12/20,15:34:00,Ewallet,5.0,0.48,77.0,36.96
8309,WALM087,Waxahachie,Home and lifestyle,59.0,3,25/11/21,7:05:00,Credit card,4.0,0.33,177.0,58.41
8310,WALM069,Rockwall,Fashion accessories,17.0,1,23/11/22,7:39:00,Credit card,6.0,0.33,17.0,5.61
8311,WALM084,Schertz,Home and lifestyle,47.0,2,03/12/20,15:07:00,Credit card,4.0,0.33,94.0,31.02
8312,WALM003,San Antonio,Fashion accessories,26.0,2,11/11/23,8:47:00,Credit card,6.0,0.48,52.0,24.96
8313,WALM084,Schertz,Home and lifestyle,45.0,2,22/12/21,11:37:00,Credit card,5.0,0.33,90.0,29.7
8314,WALM089,Southlake,Fashion accessories,24.0,3,24/12/22,16:03:00,Credit card,4.0,0.33,72.0,23.76
8315,WALM054,Sherman,Home and lifestyle,37.0,1,16/11/22,10:11:00,Credit card,3.0,0.21,37.0,7.77
8316,WALM058,Port Arthur,Fashion accessories,51.0,1,27/12/22,6:53:00,Credit card,4.0,0.33,51.0,16.83
8317,WALM074,Weslaco,Home and lifestyle,44.0,3,03/12/21,8:34:00,Credit card,7.0,0.33,132.0,43.56
8318,WALM089,Southlake,Fashion accessories,58.0,1,01/12/21,8:22:00,Credit card,6.0,0.33,58.0,19.14
8319,WALM075,San Marcos,Home and lifestyle,78.0,3,31/12/22,12:29:00,Credit card,4.0,0.33,234.0,77.22
8320,WALM046,Temple,Fashion accessories,51.0,3,23/12/20,8:50:00,Credit card,3.0,0.48,153.0,73.44
8321,WALM009,Plano,Home and lifestyle,52.0,1,16/11/21,15:17:00,Credit card,3.0,0.48,52.0,24.96
8322,WALM086,Rosenberg,Fashion accessories,53.0,2,25/11/21,7:03:00,Credit card,6.0,0.33,106.0,34.98
8323,WALM089,Southlake,Home and lifestyle,80.0,3,19/11/21,7:30:00,Credit card,6.0,0.33,240.0,79.2
8324,WALM058,Port Arthur,Fashion accessories,34.0,2,17/11/21,8:56:00,Credit card,4.0,0.33,68.0,22.44
8325,WALM009,Plano,Home and lifestyle,83.0,3,06/11/22,12:19:00,Credit card,6.0,0.48,249.0,119.52
8326,WALM065,Texas City,Fashion accessories,65.0,1,03/11/21,7:14:00,Credit card,7.0,0.33,65.0,21.45
8327,WALM075,San Marcos,Home and lifestyle,70.0,2,30/12/22,12:46:00,Credit card,6.0,0.33,140.0,46.2
8328,WALM086,Rosenberg,Fashion accessories,42.0,2,01/12/23,8:21:00,Credit card,3.0,0.33,84.0,27.72
8329,WALM074,Weslaco,Home and lifestyle,49.0,1,22/12/22,6:30:00,Credit card,3.0,0.33,49.0,16.17
8330,WALM009,Plano,Fashion accessories,71.0,1,19/12/20,16:01:00,Credit card,5.0,0.48,71.0,34.08
8331,WALM050,Victoria,Home and lifestyle,82.0,2,29/11/23,12:37:00,Ewallet,4.0,0.48,164.0,78.72
8332,WALM089,Southlake,Fashion accessories,75.0,2,03/12/21,11:12:00,Credit card,4.0,0.33,150.0,49.5
8333,WALM074,Weslaco,Home and lifestyle,65.0,3,04/12/21,6:56:00,Credit card,3.0,0.33,195.0,64.35
8334,WALM055,Waxahachie,Fashion accessories,71.0,2,04/11/23,14:49:00,Credit card,7.0,0.33,142.0,46.86
8335,WALM029,Round Rock,Home and lifestyle,55.0,3,15/12/20,14:17:00,Credit card,5.0,0.48,165.0,79.2
8336,WALM087,Waxahachie,Fashion accessories,79.0,3,12/12/23,7:50:00,Credit card,6.0,0.33,237.0,78.21
8337,WALM058,Port Arthur,Home and lifestyle,28.0,3,12/12/23,13:04:00,Credit card,6.0,0.33,84.0,27.72
8338,WALM099,Weatherford,Fashion accessories,67.0,1,23/11/20,9:09:00,Credit card,5.0,0.18,67.0,12.06
8339,WALM030,Richardson,Home and lifestyle,55.0,2,11/12/23,16:41:00,Credit card,6.0,0.48,110.0,52.8
8340,WALM029,Round Rock,Fashion accessories,39.0,2,10/12/22,9:31:00,Credit card,4.0,0.48,78.0,37.44
8341,WALM058,Port Arthur,Home and lifestyle,62.0,2,08/12/23,12:23:00,Credit card,4.0,0.33,124.0,40.92
8342,WALM046,Temple,Fashion accessories,60.0,1,15/12/21,16:23:00,Credit card,7.0,0.48,60.0,28.8
8343,WALM003,San Antonio,Home and lifestyle,19.0,2,09/12/22,6:03:00,Credit card,4.0,0.48,38.0,18.24
8344,WALM003,San Antonio,Fashion accessories,19.0,1,24/11/21,16:07:00,Credit card,6.0,0.48,19.0,9.12
8345,WALM074,Weslaco,Home and lifestyle,70.0,2,07/12/22,14:42:00,Credit card,6.0,0.33,140.0,46.2
8346,WALM087,Waxahachie,Fashion accessories,65.0,1,04/12/20,6:48:00,Credit card,7.0,0.33,65.0,21.45
8347,WALM082,Weslaco,Home and lifestyle,27.0,2,13/11/20,13:07:00,Credit card,4.0,0.33,54.0,17.82
8348,WALM075,San Marcos,Fashion accessories,43.0,3,25/11/20,15:19:00,Credit card,6.0,0.33,129.0,42.57
8349,WALM032,Tyler,Home and lifestyle,83.0,1,22/12/20,9:07:00,Credit card,7.0,0.48,83.0,39.84
8350,WALM055,Waxahachie,Fashion accessories,49.0,2,01/12/23,14:46:00,Credit card,4.0,0.33,98.0,32.34
8351,WALM038,Sugar Land,Home and lifestyle,79.0,3,19/11/21,9:22:00,Credit card,5.0,0.48,237.0,113.76
8352,WALM038,Sugar Land,Fashion accessories,59.0,2,02/12/22,11:31:00,Credit card,7.0,0.48,118.0,56.64
8353,WALM058,Port Arthur,Home and lifestyle,35.0,2,29/11/21,10:20:00,Credit card,6.0,0.33,70.0,23.1
8354,WALM032,Tyler,Fashion accessories,85.0,3,10/12/21,15:00:00,Credit card,3.0,0.48,255.0,122.4
8355,WALM003,San Antonio,Home and lifestyle,48.0,3,16/11/20,13:11:00,Credit card,5.0,0.48,144.0,69.12
8356,WALM086,Rosenberg,Fashion accessories,25.0,2,16/12/20,14:08:00,Credit card,4.0,0.33,50.0,16.5
8357,WALM075,San Marcos,Home and lifestyle,54.0,2,02/11/20,14:31:00,Credit card,6.0,0.33,108.0,35.64
8358,WALM069,Rockwall,Fashion accessories,58.0,2,06/12/22,6:09:00,Credit card,5.0,0.33,116.0,38.28
8359,WALM082,Weslaco,Home and lifestyle,45.0,2,01/12/20,8:48:00,Credit card,7.0,0.33,90.0,29.7
8360,WALM086,Rosenberg,Fashion accessories,76.0,2,06/12/22,15:40:00,Credit card,6.0,0.33,152.0,50.16
8361,WALM056,Rowlett,Home and lifestyle,39.0,1,24/12/22,13:32:00,Credit card,6.0,0.33,39.0,12.87
8362,WALM030,Richardson,Fashion accessories,70.0,2,23/12/22,14:04:00,Credit card,6.0,0.48,140.0,67.2
8363,WALM025,Waco,Home and lifestyle,52.0,2,30/12/20,13:10:00,Credit card,5.0,0.48,104.0,49.92
8364,WALM056,Rowlett,Fashion accessories,68.0,1,03/12/21,7:43:00,Credit card,5.0,0.33,68.0,22.44
8365,WALM058,Port Arthur,Home and lifestyle,55.0,1,26/12/20,12:45:00,Credit card,3.0,0.33,55.0,18.15
8366,WALM086,Rosenberg,Fashion accessories,49.0,1,25/12/20,8:36:00,Credit card,6.0,0.33,49.0,16.17
8367,WALM029,Round Rock,Home and lifestyle,58.0,3,17/12/21,10:19:00,Credit card,6.0,0.48,174.0,83.52
8368,WALM009,Plano,Fashion accessories,45.0,3,06/12/20,6:35:00,Credit card,5.0,0.48,135.0,64.8
8369,WALM030,Richardson,Home and lifestyle,51.0,3,15/12/22,6:18:00,Credit card,7.0,0.48,153.0,73.44
8370,WALM025,Waco,Fashion accessories,67.0,1,27/11/22,11:40:00,Credit card,6.0,0.48,67.0,32.16
8371,WALM074,Weslaco,Home and lifestyle,26.0,1,06/12/23,10:57:00,Credit card,3.0,0.33,26.0,8.58
8372,WALM046,Temple,Fashion accessories,65.0,2,09/11/20,13:01:00,Credit card,5.0,0.48,130.0,62.4
8373,WALM038,Sugar Land,Home and lifestyle,76.0,3,12/11/20,9:30:00,Credit card,7.0,0.48,228.0,109.44
8374,WALM056,Rowlett,Fashion accessories,20.0,2,13/12/20,10:16:00,Credit card,4.0,0.33,40.0,13.2
8375,WALM032,Tyler,Home and lifestyle,70.0,1,14/11/23,9:23:00,Credit card,3.0,0.48,70.0,33.6
8376,WALM073,Seguin,Fashion accessories,29.0,3,18/12/21,7:15:00,Credit card,4.0,0.33,87.0,28.71
8377,WALM055,Waxahachie,Home and lifestyle,33.0,2,03/12/21,10:37:00,Credit card,6.0,0.33,66.0,21.78
8378,WALM054,Sherman,Fashion accessories,59.0,3,13/12/23,6:44:00,Credit card,3.0,0.21,177.0,37.17
8379,WALM086,Rosenberg,Home and lifestyle,39.0,1,22/11/20,7:43:00,Credit card,7.0,0.33,39.0,12.87
8380,WALM087,Waxahachie,Fashion accessories,76.0,2,16/12/20,9:12:00,Credit card,4.0,0.33,152.0,50.16
8381,WALM082,Weslaco,Home and lifestyle,51.0,3,07/11/23,11:50:00,Credit card,3.0,0.33,153.0,50.49
8382,WALM046,Temple,Fashion accessories,49.0,1,21/12/21,15:48:00,Credit card,3.0,0.48,49.0,23.52
8383,WALM009,Plano,Home and lifestyle,25.0,3,06/11/21,10:37:00,Credit card,3.0,0.48,75.0,36.0
8384,WALM087,Waxahachie,Fashion accessories,35.0,2,10/12/22,12:57:00,Credit card,6.0,0.33,70.0,23.1
8385,WALM038,Sugar Land,Home and lifestyle,66.0,1,30/11/23,11:22:00,Credit card,6.0,0.48,66.0,31.68
8386,WALM058,Port Arthur,Fashion accessories,46.0,2,20/11/22,14:16:00,Credit card,5.0,0.33,92.0,30.36
8387,WALM032,Tyler,Home and lifestyle,17.0,3,26/12/22,16:37:00,Credit card,6.0,0.48,51.0,24.48
8388,WALM075,San Marcos,Fashion accessories,54.0,1,05/12/20,10:29:00,Credit card,5.0,0.33,54.0,17.82
8389,WALM038,Sugar Land,Home and lifestyle,23.0,1,15/12/22,8:25:00,Credit card,5.0,0.48,23.0,11.04
8390,WALM082,Weslaco,Fashion accessories,61.0,3,08/11/21,16:07:00,Credit card,5.0,0.33,183.0,60.39
8391,WALM087,Waxahachie,Home and lifestyle,71.0,3,15/12/21,16:36:00,Credit card,4.0,0.33,213.0,70.29
8392,WALM073,Seguin,Fashion accessories,51.0,3,02/11/22,12:40:00,Credit card,3.0,0.33,153.0,50.49
8393,WALM046,Temple,Home and lifestyle,84.0,3,10/12/20,10:14:00,Credit card,6.0,0.48,252.0,120.96
8394,WALM069,Rockwall,Fashion accessories,69.0,2,02/11/23,15:20:00,Credit card,5.0,0.33,138.0,45.54
8395,WALM058,Port Arthur,Home and lifestyle,60.0,1,06/11/20,13:25:00,Credit card,6.0,0.33,60.0,19.8
8396,WALM087,Waxahachie,Fashion accessories,22.0,2,12/11/22,10:32:00,Credit card,5.0,0.33,44.0,14.52
8397,WALM030,Richardson,Home and lifestyle,51.0,1,24/12/23,6:34:00,Credit card,6.0,0.48,51.0,24.48
8398,WALM030,Richardson,Fashion accessories,47.0,1,05/12/23,15:35:00,Credit card,4.0,0.48,47.0,22.56
8399,WALM056,Rowlett,Home and lifestyle,18.0,2,26/12/21,16:42:00,Credit card,3.0,0.33,36.0,11.88
8400,WALM009,Plano,Fashion accessories,54.0,2,17/11/23,7:49:00,Credit card,7.0,0.48,108.0,51.84
8401,WALM074,Weslaco,Home and lifestyle,62.0,2,19/12/23,6:49:00,Credit card,6.0,0.33,124.0,40.92
8402,WALM086,Rosenberg,Fashion accessories,21.0,1,10/11/22,15:38:00,Credit card,7.0,0.33,21.0,6.93
8403,WALM025,Waco,Home and lifestyle,18.0,1,06/11/22,14:12:00,Credit card,4.0,0.48,18.0,8.64
8404,WALM050,Victoria,Fashion accessories,20.0,2,13/12/20,9:06:00,Ewallet,4.0,0.48,40.0,19.2
8405,WALM035,San Angelo,Home and lifestyle,61.0,3,07/11/23,16:35:00,Credit card,4.0,0.48,183.0,87.84
8406,WALM038,Sugar Land,Fashion accessories,37.0,3,26/11/23,8:10:00,Credit card,6.0,0.48,111.0,53.28
8407,WALM058,Port Arthur,Home and lifestyle,49.0,1,17/12/22,14:44:00,Credit card,6.0,0.33,49.0,16.17
8408,WALM055,Waxahachie,Fashion accessories,73.0,2,25/12/20,15:48:00,Credit card,3.0,0.33,146.0,48.18
8409,WALM054,Sherman,Home and lifestyle,66.0,3,15/11/22,7:21:00,Credit card,6.0,0.21,198.0,41.58
8410,WALM089,Southlake,Fashion accessories,41.0,2,29/12/20,7:37:00,Credit card,7.0,0.33,82.0,27.06
8411,WALM073,Seguin,Home and lifestyle,28.0,2,06/11/20,8:25:00,Credit card,5.0,0.33,56.0,18.48
8412,WALM075,San Marcos,Fashion accessories,72.0,1,12/12/22,12:56:00,Credit card,5.0,0.33,72.0,23.76
8413,WALM030,Richardson,Home and lifestyle,50.0,2,06/12/21,6:17:00,Credit card,4.0,0.48,100.0,48.0
8414,WALM035,San Angelo,Fashion accessories,76.0,2,25/11/23,11:19:00,Credit card,3.0,0.48,152.0,72.96
8415,WALM038,Sugar Land,Home and lifestyle,18.0,1,09/11/22,14:38:00,Credit card,4.0,0.48,18.0,8.64
8416,WALM009,Plano,Fashion accessories,39.0,1,23/11/20,16:45:00,Credit card,4.0,0.48,39.0,18.72
8417,WALM009,Plano,Home and lifestyle,42.0,2,16/11/21,6:37:00,Credit card,7.0,0.48,84.0,40.32
8418,WALM087,Waxahachie,Fashion accessories,17.0,3,14/11/23,6:53:00,Credit card,3.0,0.33,51.0,16.83
8419,WALM087,Waxahachie,Home and lifestyle,32.0,1,06/11/22,9:03:00,Credit card,5.0,0.33,32.0,10.56
8420,WALM082,Weslaco,Fashion accessories,38.0,2,02/12/23,6:42:00,Credit card,5.0,0.33,76.0,25.08
8421,WALM086,Rosenberg,Home and lifestyle,41.0,1,30/11/21,10:21:00,Credit card,6.0,0.33,41.0,13.53
8422,WALM009,Plano,Fashion accessories,29.0,1,07/11/21,14:51:00,Credit card,3.0,0.48,29.0,13.92
8423,WALM075,San Marcos,Home and lifestyle,35.0,3,16/12/21,7:47:00,Credit card,4.0,0.33,105.0,34.65
8424,WALM065,Texas City,Fashion accessories,18.0,1,17/12/22,7:15:00,Credit card,7.0,0.33,18.0,5.94
8425,WALM073,Seguin,Home and lifestyle,57.0,2,11/12/22,12:26:00,Credit card,7.0,0.33,114.0,37.62
8426,WALM056,Rowlett,Fashion accessories,70.0,2,19/11/22,12:11:00,Credit card,4.0,0.33,140.0,46.2
8427,WALM025,Waco,Home and lifestyle,52.0,1,06/11/21,13:29:00,Credit card,5.0,0.48,52.0,24.96
8428,WALM058,Port Arthur,Fashion accessories,27.0,3,17/11/20,11:06:00,Credit card,7.0,0.33,81.0,26.73
8429,WALM038,Sugar Land,Home and lifestyle,37.0,3,27/12/21,6:19:00,Credit card,3.0,0.48,111.0,53.28
8430,WALM055,Waxahachie,Fashion accessories,16.0,2,01/12/22,12:24:00,Credit card,4.0,0.33,32.0,10.56
8431,WALM054,Sherman,Home and lifestyle,35.0,1,21/11/20,10:17:00,Credit card,3.0,0.21,35.0,7.35
8432,WALM035,San Angelo,Fashion accessories,73.0,2,16/11/23,11:14:00,Credit card,3.0,0.48,146.0,70.08
8433,WALM025,Waco,Home and lifestyle,50.0,2,26/12/21,16:31:00,Credit card,4.0,0.48,100.0,48.0
8434,WALM030,Richardson,Fashion accessories,63.0,1,13/11/20,16:33:00,Credit card,4.0,0.48,63.0,30.24
8435,WALM089,Southlake,Home and lifestyle,61.0,3,01/12/20,11:56:00,Credit card,6.0,0.33,183.0,60.39
8436,WALM082,Weslaco,Fashion accessories,15.0,1,26/11/20,16:12:00,Credit card,7.0,0.33,15.0,4.95
8437,WALM082,Weslaco,Home and lifestyle,78.0,3,02/12/23,6:09:00,Credit card,6.0,0.33,234.0,77.22
8438,WALM075,San Marcos,Fashion accessories,64.0,2,20/12/21,13:24:00,Credit card,7.0,0.33,128.0,42.24
8439,WALM003,San Antonio,Home and lifestyle,19.0,3,04/12/22,10:00:00,Credit card,7.0,0.48,57.0,27.36
8440,WALM087,Waxahachie,Fashion accessories,28.0,1,16/12/22,7:53:00,Credit card,3.0,0.33,28.0,9.24
8441,WALM054,Sherman,Home and lifestyle,72.0,2,05/12/21,15:04:00,Credit card,3.0,0.21,144.0,30.24
8442,WALM074,Weslaco,Fashion accessories,50.0,2,29/12/22,11:12:00,Credit card,5.0,0.33,100.0,33.0
8443,WALM082,Weslaco,Home and lifestyle,18.0,1,16/11/22,16:07:00,Credit card,4.0,0.33,18.0,5.94
8444,WALM069,Rockwall,Fashion accessories,29.0,2,18/11/22,9:17:00,Credit card,7.0,0.33,58.0,19.14
8445,WALM029,Round Rock,Home and lifestyle,83.0,3,30/11/22,8:34:00,Credit card,6.0,0.48,249.0,119.52
8446,WALM038,Sugar Land,Fashion accessories,35.0,2,14/11/21,15:02:00,Credit card,5.0,0.48,70.0,33.6
8447,WALM056,Rowlett,Home and lifestyle,25.0,3,03/11/21,14:13:00,Credit card,3.0,0.33,75.0,24.75
8448,WALM069,Rockwall,Fashion accessories,26.0,1,17/11/20,8:29:00,Credit card,6.0,0.33,26.0,8.58
8449,WALM065,Texas City,Home and lifestyle,55.0,2,25/11/22,10:39:00,Credit card,3.0,0.33,110.0,36.3
8450,WALM046,Temple,Fashion accessories,26.0,2,03/12/23,10:51:00,Credit card,3.0,0.48,52.0,24.96
8451,WALM058,Port Arthur,Home and lifestyle,17.0,3,02/11/22,14:06:00,Credit card,5.0,0.33,51.0,16.83
8452,WALM030,Richardson,Fashion accessories,16.0,3,19/11/22,6:30:00,Credit card,4.0,0.48,48.0,23.04
8453,WALM030,Richardson,Home and lifestyle,34.0,1,12/12/23,7:50:00,Credit card,3.0,0.48,34.0,16.32
8454,WALM065,Texas City,Fashion accessories,33.0,3,03/11/20,7:08:00,Credit card,5.0,0.33,99.0,32.67
8455,WALM084,Schertz,Home and lifestyle,34.0,3,01/11/23,9:08:00,Credit card,6.0,0.33,102.0,33.66
8456,WALM025,Waco,Fashion accessories,85.0,3,10/11/22,9:49:00,Credit card,4.0,0.48,255.0,122.4
8457,WALM050,Victoria,Home and lifestyle,51.0,3,16/12/20,13:07:00,Ewallet,6.0,0.48,153.0,73.44
8458,WALM009,Plano,Fashion accessories,57.0,1,28/12/22,16:58:00,Credit card,5.0,0.48,57.0,27.36
8459,WALM086,Rosenberg,Home and lifestyle,40.0,2,21/12/23,10:30:00,Credit card,5.0,0.33,80.0,26.4
8460,WALM089,Southlake,Fashion accessories,25.0,3,22/11/22,6:05:00,Credit card,4.0,0.33,75.0,24.75
8461,WALM074,Weslaco,Home and lifestyle,35.0,2,17/12/21,6:55:00,Credit card,7.0,0.33,70.0,23.1
8462,WALM050,Victoria,Fashion accessories,16.0,3,25/12/20,16:13:00,Ewallet,7.0,0.48,48.0,23.04
8463,WALM089,Southlake,Home and lifestyle,38.0,2,10/12/23,15:59:00,Credit card,3.0,0.33,76.0,25.08
8464,WALM069,Rockwall,Fashion accessories,64.0,2,10/12/22,15:58:00,Credit card,5.0,0.33,128.0,42.24
8465,WALM050,Victoria,Home and lifestyle,66.0,2,27/12/21,14:20:00,Ewallet,6.0,0.48,132.0,63.36
8466,WALM029,Round Rock,Fashion accessories,26.0,2,23/12/20,9:44:00,Credit card,5.0,0.48,52.0,24.96
8467,WALM029,Round Rock,Home and lifestyle,38.0,2,18/11/23,15:32:00,Credit card,6.0,0.48,76.0,36.48
8468,WALM029,Round Rock,Fashion accessories,19.0,2,03/12/22,6:21:00,Credit card,7.0,0.48,38.0,18.24
8469,WALM084,Schertz,Home and lifestyle,32.0,3,01/12/20,16:48:00,Credit card,7.0,0.33,96.0,31.68
8470,WALM056,Rowlett,Fashion accessories,36.0,3,02/11/21,15:22:00,Credit card,5.0,0.33,108.0,35.64
8471,WALM089,Southlake,Home and lifestyle,15.0,1,26/12/20,13:32:00,Credit card,3.0,0.33,15.0,4.95
8472,WALM058,Port Arthur,Fashion accessories,51.0,3,23/11/21,8:53:00,Credit card,5.0,0.33,153.0,50.49
8473,WALM050,Victoria,Home and lifestyle,19.0,3,16/12/22,14:09:00,Ewallet,3.0,0.48,57.0,27.36
8474,WALM003,San Antonio,Fashion accessories,31.0,3,14/11/22,9:23:00,Credit card,3.0,0.48,93.0,44.64
8475,WALM046,Temple,Home and lifestyle,63.0,1,05/12/20,13:45:00,Credit card,6.0,0.48,63.0,30.24
8476,WALM073,Seguin,Fashion accessories,24.0,1,02/12/21,16:02:00,Credit card,5.0,0.33,24.0,7.92
8477,WALM046,Temple,Home and lifestyle,40.0,3,03/11/22,15:00:00,Credit card,7.0,0.48,120.0,57.6
8478,WALM073,Seguin,Fashion accessories,73.0,1,24/12/22,11:09:00,Credit card,7.0,0.33,73.0,24.09
8479,WALM084,Schertz,Home and lifestyle,47.0,2,11/11/22,14:34:00,Credit card,6.0,0.33,94.0,31.02
8480,WALM003,San Antonio,Fashion accessories,65.0,1,25/12/23,12:18:00,Credit card,4.0,0.48,65.0,31.2
8481,WALM009,Plano,Home and lifestyle,85.0,1,18/11/22,10:58:00,Credit card,3.0,0.48,85.0,40.8
8482,WALM046,Temple,Fashion accessories,48.0,2,15/12/20,15:23:00,Credit card,3.0,0.48,96.0,46.08
8483,WALM099,Weatherford,Home and lifestyle,56.0,1,22/12/22,11:11:00,Credit card,5.0,0.18,56.0,10.08
8484,WALM056,Rowlett,Fashion accessories,42.0,1,13/12/23,6:07:00,Credit card,5.0,0.33,42.0,13.86
8485,WALM074,Weslaco,Home and lifestyle,38.0,1,08/11/20,11:14:00,Credit card,6.0,0.33,38.0,12.54
8486,WALM054,Sherman,Fashion accessories,28.0,3,23/12/22,16:31:00,Credit card,4.0,0.21,84.0,17.64
8487,WALM032,Tyler,Home and lifestyle,63.0,1,13/12/21,14:53:00,Credit card,7.0,0.48,63.0,30.24
8488,WALM073,Seguin,Fashion accessories,33.0,3,11/12/20,13:46:00,Credit card,7.0,0.33,99.0,32.67
8489,WALM099,Weatherford,Home and lifestyle,57.0,1,08/12/23,6:36:00,Credit card,5.0,0.18,57.0,10.26
8490,WALM029,Round Rock,Fashion accessories,69.0,1,19/11/23,13:54:00,Credit card,5.0,0.48,69.0,33.12
8491,WALM074,Weslaco,Home and lifestyle,42.0,1,05/12/21,8:07:00,Credit card,3.0,0.33,42.0,13.86
8492,WALM025,Waco,Fashion accessories,69.0,2,23/11/20,7:08:00,Credit card,5.0,0.48,138.0,66.24
8493,WALM058,Port Arthur,Home and lifestyle,85.0,3,12/12/21,8:15:00,Credit card,3.0,0.33,255.0,84.15
8494,WALM050,Victoria,Fashion accessories,47.0,2,08/12/22,9:46:00,Ewallet,7.0,0.48,94.0,45.12
8495,WALM056,Rowlett,Home and lifestyle,73.0,1,13/11/20,6:19:00,Credit card,4.0,0.33,73.0,24.09
8496,WALM009,Plano,Fashion accessories,31.0,1,05/11/20,12:01:00,Credit card,5.0,0.48,31.0,14.88
8497,WALM069,Rockwall,Home and lifestyle,29.0,3,18/12/22,13:01:00,Credit card,5.0,0.33,87.0,28.71
8498,WALM055,Waxahachie,Fashion accessories,80.0,3,24/11/22,7:39:00,Credit card,4.0,0.33,240.0,79.2
8499,WALM038,Sugar Land,Home and lifestyle,31.0,3,03/12/21,7:36:00,Credit card,4.0,0.48,93.0,44.64
8500,WALM058,Port Arthur,Fashion accessories,66.0,3,05/12/23,14:10:00,Credit card,5.0,0.33,198.0,65.34
8501,WALM082,Weslaco,Home and lifestyle,57.0,2,12/12/23,9:44:00,Credit card,7.0,0.33,114.0,37.62
8502,WALM084,Schertz,Fashion accessories,23.0,1,25/12/23,16:54:00,Credit card,7.0,0.33,23.0,7.59
8503,WALM003,San Antonio,Home and lifestyle,62.0,1,18/11/20,14:55:00,Credit card,4.0,0.48,62.0,29.76
8504,WALM087,Waxahachie,Fashion accessories,46.0,1,12/12/21,15:17:00,Credit card,7.0,0.33,46.0,15.18
8505,WALM099,Weatherford,Home and lifestyle,55.0,2,21/11/21,9:16:00,Credit card,7.0,0.18,110.0,19.8
8506,WALM029,Round Rock,Fashion accessories,60.0,2,30/11/22,16:03:00,Credit card,7.0,0.48,120.0,57.6
8507,WALM038,Sugar Land,Home and lifestyle,53.0,1,27/12/20,7:05:00,Credit card,6.0,0.48,53.0,25.44
8508,WALM009,Plano,Fashion accessories,39.0,2,25/12/23,13:57:00,Credit card,6.0,0.48,78.0,37.44
8509,WALM075,San Marcos,Home and lifestyle,32.0,1,29/12/23,9:16:00,Credit card,7.0,0.33,32.0,10.56
8510,WALM050,Victoria,Fashion accessories,71.0,3,26/12/20,10:22:00,Ewallet,3.0,0.48,213.0,102.24
8511,WALM075,San Marcos,Home and lifestyle,40.0,2,29/11/23,15:26:00,Credit card,3.0,0.33,80.0,26.4
8512,WALM050,Victoria,Fashion accessories,20.0,2,27/11/20,15:51:00,Ewallet,5.0,0.48,40.0,19.2
8513,WALM086,Rosenberg,Home and lifestyle,37.0,3,16/12/20,8:00:00,Credit card,7.0,0.33,111.0,36.63
8514,WALM058,Port Arthur,Fashion accessories,81.0,2,01/12/22,10:47:00,Credit card,4.0,0.33,162.0,53.46
8515,WALM056,Rowlett,Home and lifestyle,49.0,3,15/12/21,11:51:00,Credit card,3.0,0.33,147.0,48.51
8516,WALM084,Schertz,Fashion accessories,29.0,1,25/11/22,10:46:00,Credit card,5.0,0.33,29.0,9.57
8517,WALM058,Port Arthur,Home and lifestyle,65.0,1,31/12/21,7:58:00,Credit card,5.0,0.33,65.0,21.45
8518,WALM030,Richardson,Fashion accessories,80.0,3,22/11/20,10:34:00,Credit card,5.0,0.48,240.0,115.2
8519,WALM029,Round Rock,Home and lifestyle,45.0,1,06/11/21,9:38:00,Credit card,7.0,0.48,45.0,21.6
8520,WALM058,Port Arthur,Fashion accessories,15.0,3,25/11/21,6:37:00,Credit card,4.0,0.33,45.0,14.85
8521,WALM029,Round Rock,Home and lifestyle,35.0,2,03/11/21,16:57:00,Credit card,4.0,0.48,70.0,33.6
8522,WALM082,Weslaco,Fashion accessories,25.0,3,02/12/23,9:25:00,Credit card,3.0,0.33,75.0,24.75
8523,WALM009,Plano,Home and lifestyle,51.0,2,22/12/21,9:11:00,Credit card,5.0,0.48,102.0,48.96
8524,WALM009,Plano,Fashion accessories,83.0,1,30/11/20,8:06:00,Credit card,3.0,0.48,83.0,39.84
8525,WALM082,Weslaco,Home and lifestyle,65.0,1,16/11/22,16:48:00,Credit card,7.0,0.33,65.0,21.45
8526,WALM084,Schertz,Fashion accessories,16.0,3,22/11/20,13:14:00,Credit card,6.0,0.33,48.0,15.84
8527,WALM035,San Angelo,Home and lifestyle,18.0,1,19/11/22,10:35:00,Credit card,7.0,0.48,18.0,8.64
8528,WALM086,Rosenberg,Fashion accessories,39.0,2,01/11/20,7:11:00,Credit card,4.0,0.33,78.0,25.74
8529,WALM032,Tyler,Home and lifestyle,70.0,2,15/11/21,13:58:00,Credit card,3.0,0.48,140.0,67.2
8530,WALM009,Plano,Fashion accessories,63.0,3,10/11/23,10:38:00,Credit card,6.0,0.48,189.0,90.72
8531,WALM032,Tyler,Home and lifestyle,67.0,3,01/11/22,9:31:00,Credit card,4.0,0.48,201.0,96.48
8532,WALM038,Sugar Land,Fashion accessories,35.0,3,04/12/22,9:21:00,Credit card,6.0,0.48,105.0,50.4
8533,WALM029,Round Rock,Home and lifestyle,50.0,1,18/11/22,13:42:00,Credit card,4.0,0.48,50.0,24.0
8534,WALM050,Victoria,Fashion accessories,15.0,3,10/11/20,11:22:00,Ewallet,7.0,0.48,45.0,21.6
8535,WALM058,Port Arthur,Home and lifestyle,30.0,1,06/12/21,12:49:00,Credit card,5.0,0.33,30.0,9.9
8536,WALM038,Sugar Land,Fashion accessories,29.0,3,20/12/23,16:12:00,Credit card,3.0,0.48,87.0,41.76
8537,WALM025,Waco,Home and lifestyle,60.0,3,10/12/23,9:10:00,Credit card,6.0,0.48,180.0,86.4
8538,WALM054,Sherman,Fashion accessories,29.0,1,17/12/21,9:12:00,Credit card,6.0,0.21,29.0,6.09
8539,WALM089,Southlake,Home and lifestyle,19.0,3,19/12/20,7:14:00,Credit card,5.0,0.33,57.0,18.81
8540,WALM003,San Antonio,Fashion accessories,81.0,3,14/12/21,16:20:00,Credit card,3.0,0.48,243.0,116.64
8541,WALM025,Waco,Home and lifestyle,71.0,1,29/12/23,12:26:00,Credit card,3.0,0.48,71.0,34.08
8542,WALM009,Plano,Fashion accessories,65.0,1,24/11/23,8:11:00,Credit card,5.0,0.48,65.0,31.2
8543,WALM058,Port Arthur,Home and lifestyle,66.0,3,20/12/22,14:43:00,Credit card,6.0,0.33,198.0,65.34
8544,WALM058,Port Arthur,Fashion accessories,55.0,1,27/12/20,13:39:00,Credit card,5.0,0.33,55.0,18.15
8545,WALM035,San Angelo,Home and lifestyle,80.0,2,19/12/21,10:04:00,Credit card,5.0,0.48,160.0,76.8
8546,WALM082,Weslaco,Fashion accessories,69.0,2,26/11/23,15:48:00,Credit card,4.0,0.33,138.0,45.54
8547,WALM029,Round Rock,Home and lifestyle,60.0,2,27/12/22,12:53:00,Credit card,5.0,0.48,120.0,57.6
8548,WALM074,Weslaco,Fashion accessories,46.0,1,15/11/21,6:31:00,Credit card,6.0,0.33,46.0,15.18
8549,WALM030,Richardson,Home and lifestyle,66.0,3,08/12/21,14:06:00,Credit card,7.0,0.48,198.0,95.04
8550,WALM032,Tyler,Fashion accessories,26.0,3,18/12/23,8:11:00,Credit card,5.0,0.48,78.0,37.44
8551,WALM050,Victoria,Home and lifestyle,59.0,3,28/11/20,7:21:00,Ewallet,6.0,0.48,177.0,84.96
8552,WALM074,Weslaco,Fashion accessories,23.0,3,26/11/23,15:14:00,Credit card,4.0,0.33,69.0,22.77
8553,WALM073,Seguin,Home and lifestyle,46.0,3,08/11/21,13:06:00,Credit card,7.0,0.33,138.0,45.54
8554,WALM084,Schertz,Fashion accessories,76.0,2,26/12/21,8:35:00,Credit card,5.0,0.33,152.0,50.16
8555,WALM058,Port Arthur,Home and lifestyle,29.0,2,21/12/22,10:19:00,Credit card,4.0,0.33,58.0,19.14
8556,WALM065,Texas City,Fashion accessories,64.0,2,27/11/23,11:35:00,Credit card,6.0,0.33,128.0,42.24
8557,WALM075,San Marcos,Home and lifestyle,53.0,3,10/11/23,11:34:00,Credit card,5.0,0.33,159.0,52.47
8558,WALM055,Waxahachie,Fashion accessories,36.0,3,14/11/20,10:20:00,Credit card,4.0,0.33,108.0,35.64
8559,WALM089,Southlake,Home and lifestyle,50.0,1,04/12/23,11:50:00,Credit card,5.0,0.33,50.0,16.5
8560,WALM009,Plano,Fashion accessories,71.0,2,01/11/20,11:09:00,Credit card,7.0,0.48,142.0,68.16
8561,WALM074,Weslaco,Home and lifestyle,85.0,1,30/12/23,11:39:00,Credit card,6.0,0.33,85.0,28.05
8562,WALM009,Plano,Fashion accessories,54.0,2,19/12/23,13:35:00,Credit card,5.0,0.48,108.0,51.84
8563,WALM050,Victoria,Home and lifestyle,32.0,3,25/11/21,8:01:00,Ewallet,6.0,0.48,96.0,46.08
8564,WALM084,Schertz,Fashion accessories,55.0,1,17/11/21,15:56:00,Cash,5.0,0.33,55.0,18.15
8565,WALM029,Round Rock,Home and lifestyle,43.0,3,29/11/20,12:33:00,Cash,6.0,0.48,129.0,61.92
8566,WALM046,Temple,Fashion accessories,77.0,2,11/12/20,8:08:00,Cash,5.0,0.48,154.0,73.92
8567,WALM073,Seguin,Home and lifestyle,45.0,2,30/11/21,9:24:00,Cash,6.0,0.33,90.0,29.7
8568,WALM089,Southlake,Fashion accessories,80.0,3,12/11/23,13:17:00,Cash,7.0,0.33,240.0,79.2
8569,WALM082,Weslaco,Home and lifestyle,57.0,1,07/11/20,6:38:00,Cash,6.0,0.33,57.0,18.81
8570,WALM075,San Marcos,Fashion accessories,50.0,3,20/12/22,6:22:00,Cash,5.0,0.33,150.0,49.5
8571,WALM054,Sherman,Home and lifestyle,76.0,2,18/12/22,10:43:00,Cash,5.0,0.21,152.0,31.92
8572,WALM050,Victoria,Fashion accessories,23.0,2,14/11/21,11:22:00,Ewallet,7.0,0.48,46.0,22.08
8573,WALM025,Waco,Home and lifestyle,63.0,1,29/12/23,12:53:00,Cash,5.0,0.48,63.0,30.24
8574,WALM074,Weslaco,Fashion accessories,73.0,2,18/11/21,12:17:00,Cash,4.0,0.33,146.0,48.18
8575,WALM029,Round Rock,Home and lifestyle,55.0,3,28/11/22,16:42:00,Cash,4.0,0.48,165.0,79.2
8576,WALM089,Southlake,Fashion accessories,37.0,3,05/12/20,16:03:00,Cash,7.0,0.33,111.0,36.63
8577,WALM030,Richardson,Home and lifestyle,69.0,3,01/12/21,6:35:00,Cash,5.0,0.48,207.0,99.36
8578,WALM089,Southlake,Fashion accessories,64.0,2,13/11/20,7:15:00,Cash,3.0,0.33,128.0,42.24
8579,WALM086,Rosenberg,Home and lifestyle,65.0,1,25/11/21,10:39:00,Cash,5.0,0.33,65.0,21.45
8580,WALM035,San Angelo,Fashion accessories,46.0,3,23/12/22,14:32:00,Cash,3.0,0.48,138.0,66.24
8581,WALM055,Waxahachie,Home and lifestyle,17.0,1,16/11/23,8:16:00,Cash,7.0,0.33,17.0,5.61
8582,WALM025,Waco,Fashion accessories,80.0,3,09/12/20,6:57:00,Cash,3.0,0.48,240.0,115.2
8583,WALM065,Texas City,Home and lifestyle,18.0,3,04/11/21,12:46:00,Cash,6.0,0.33,54.0,17.82
8584,WALM082,Weslaco,Fashion accessories,59.0,2,17/11/22,12:39:00,Cash,5.0,0.33,118.0,38.94
8585,WALM032,Tyler,Home and lifestyle,74.0,2,06/12/23,6:50:00,Cash,5.0,0.48,148.0,71.04
8586,WALM029,Round Rock,Fashion accessories,85.0,3,06/12/20,9:39:00,Cash,4.0,0.48,255.0,122.4
8587,WALM046,Temple,Home and lifestyle,46.0,1,09/11/23,7:22:00,Cash,6.0,0.48,46.0,22.08
8588,WALM099,Weatherford,Fashion accessories,28.0,3,19/12/21,6:08:00,Cash,6.0,0.18,84.0,15.12
8589,WALM086,Rosenberg,Home and lifestyle,37.0,3,21/11/22,13:08:00,Cash,4.0,0.33,111.0,36.63
8590,WALM084,Schertz,Fashion accessories,17.0,3,08/12/22,7:01:00,Cash,3.0,0.33,51.0,16.83
8591,WALM032,Tyler,Home and lifestyle,22.0,3,18/11/21,11:58:00,Cash,5.0,0.48,66.0,31.68
8592,WALM082,Weslaco,Fashion accessories,53.0,3,11/12/22,12:20:00,Cash,7.0,0.33,159.0,52.47
8593,WALM075,San Marcos,Home and lifestyle,43.0,3,06/12/21,9:48:00,Cash,3.0,0.33,129.0,42.57
8594,WALM032,Tyler,Fashion accessories,65.0,1,20/12/20,11:28:00,Cash,4.0,0.48,65.0,31.2
8595,WALM058,Port Arthur,Home and lifestyle,60.0,2,26/11/22,15:23:00,Cash,3.0,0.33,120.0,39.6
8596,WALM058,Port Arthur,Fashion accessories,61.0,1,14/11/20,8:58:00,Cash,4.0,0.33,61.0,20.13
8597,WALM082,Weslaco,Home and lifestyle,71.0,2,01/12/22,15:52:00,Cash,4.0,0.33,142.0,46.86
8598,WALM030,Richardson,Fashion accessories,78.0,1,09/12/22,8:14:00,Cash,3.0,0.48,78.0,37.44
8599,WALM073,Seguin,Home and lifestyle,21.0,3,18/12/20,9:01:00,Cash,7.0,0.33,63.0,20.79
8600,WALM084,Schertz,Fashion accessories,84.0,1,05/12/23,7:48:00,Cash,3.0,0.33,84.0,27.72
8601,WALM082,Weslaco,Home and lifestyle,79.0,2,30/12/22,6:21:00,Cash,5.0,0.33,158.0,52.14
8602,WALM029,Round Rock,Fashion accessories,62.0,3,12/11/23,13:25:00,Cash,3.0,0.48,186.0,89.28
8603,WALM038,Sugar Land,Home and lifestyle,48.0,2,11/12/22,10:54:00,Cash,6.0,0.48,96.0,46.08
8604,WALM003,San Antonio,Fashion accessories,38.0,3,31/12/20,6:20:00,Cash,4.0,0.48,114.0,54.72
8605,WALM099,Weatherford,Home and lifestyle,45.0,3,16/12/23,16:31:00,Cash,3.0,0.18,135.0,24.3
8606,WALM073,Seguin,Fashion accessories,56.0,1,25/11/20,10:49:00,Cash,7.0,0.33,56.0,18.48
8607,WALM099,Weatherford,Home and lifestyle,58.0,1,04/12/20,12:47:00,Cash,5.0,0.18,58.0,10.44
8608,WALM030,Richardson,Fashion accessories,69.0,2,23/11/21,14:20:00,Cash,6.0,0.48,138.0,66.24
8609,WALM073,Seguin,Home and lifestyle,34.0,3,23/11/21,11:35:00,Cash,7.0,0.33,102.0,33.66
8610,WALM029,Round Rock,Fashion accessories,65.0,1,16/11/21,12:13:00,Cash,6.0,0.48,65.0,31.2
8611,WALM069,Rockwall,Home and lifestyle,80.0,2,08/12/20,11:00:00,Cash,4.0,0.33,160.0,52.8
8612,WALM086,Rosenberg,Fashion accessories,31.0,3,26/12/21,9:25:00,Cash,3.0,0.33,93.0,30.69
8613,WALM075,San Marcos,Home and lifestyle,63.0,3,02/11/21,6:10:00,Cash,7.0,0.33,189.0,62.37
8614,WALM056,Rowlett,Fashion accessories,69.0,3,31/12/22,10:11:00,Cash,7.0,0.33,207.0,68.31
8615,WALM074,Weslaco,Home and lifestyle,83.0,1,31/12/20,8:58:00,Cash,4.0,0.33,83.0,27.39
8616,WALM038,Sugar Land,Fashion accessories,48.0,3,06/12/20,7:08:00,Cash,3.0,0.48,144.0,69.12
8617,WALM099,Weatherford,Home and lifestyle,69.0,1,20/11/22,7:37:00,Cash,7.0,0.18,69.0,12.42
8618,WALM089,Southlake,Fashion accessories,41.0,3,22/11/21,9:09:00,Cash,6.0,0.33,123.0,40.59
8619,WALM030,Richardson,Home and lifestyle,70.0,1,17/12/20,8:36:00,Cash,5.0,0.48,70.0,33.6
8620,WALM050,Victoria,Fashion accessories,68.0,3,13/12/23,11:08:00,Ewallet,6.0,0.48,204.0,97.92
8621,WALM038,Sugar Land,Home and lifestyle,38.0,2,18/11/22,11:14:00,Cash,5.0,0.48,76.0,36.48
8622,WALM032,Tyler,Fashion accessories,85.0,1,06/11/23,16:34:00,Cash,4.0,0.48,85.0,40.8
8623,WALM038,Sugar Land,Home and lifestyle,66.0,2,22/11/21,13:54:00,Cash,5.0,0.48,132.0,63.36
8624,WALM050,Victoria,Fashion accessories,18.0,1,15/12/22,15:14:00,Ewallet,7.0,0.48,18.0,8.64
8625,WALM058,Port Arthur,Home and lifestyle,57.0,2,07/11/21,6:57:00,Cash,5.0,0.33,114.0,37.62
8626,WALM032,Tyler,Fashion accessories,78.0,3,01/12/23,9:23:00,Cash,4.0,0.48,234.0,112.32
8627,WALM050,Victoria,Home and lifestyle,31.0,2,27/11/23,7:33:00,Ewallet,3.0,0.48,62.0,29.76
8628,WALM089,Southlake,Fashion accessories,40.0,3,13/11/20,16:34:00,Cash,5.0,0.33,120.0,39.6
8629,WALM029,Round Rock,Home and lifestyle,38.0,3,17/12/23,7:49:00,Cash,5.0,0.48,114.0,54.72
8630,WALM084,Schertz,Fashion accessories,56.0,3,06/11/22,11:14:00,Cash,3.0,0.33,168.0,55.44
8631,WALM089,Southlake,Home and lifestyle,25.0,2,27/11/20,10:12:00,Cash,4.0,0.33,50.0,16.5
8632,WALM055,Waxahachie,Fashion accessories,38.0,3,09/11/22,11:03:00,Cash,6.0,0.33,114.0,37.62
8633,WALM003,San Antonio,Home and lifestyle,50.0,3,17/11/23,16:50:00,Cash,5.0,0.48,150.0,72.0
8634,WALM065,Texas City,Fashion accessories,36.0,1,02/12/22,12:50:00,Cash,7.0,0.33,36.0,11.88
8635,WALM069,Rockwall,Home and lifestyle,33.0,1,26/12/23,12:19:00,Cash,3.0,0.33,33.0,10.89
8636,WALM038,Sugar Land,Fashion accessories,15.0,1,26/12/23,8:09:00,Cash,7.0,0.48,15.0,7.2
8637,WALM084,Schertz,Home and lifestyle,37.0,1,12/11/21,6:02:00,Cash,3.0,0.33,37.0,12.21
8638,WALM046,Temple,Fashion accessories,63.0,3,08/11/23,6:59:00,Cash,3.0,0.48,189.0,90.72
8639,WALM025,Waco,Home and lifestyle,81.0,1,24/11/22,9:51:00,Cash,4.0,0.48,81.0,38.88
8640,WALM074,Weslaco,Fashion accessories,40.0,3,24/11/21,13:34:00,Cash,5.0,0.33,120.0,39.6
8641,WALM056,Rowlett,Home and lifestyle,58.0,3,03/12/22,7:48:00,Cash,5.0,0.33,174.0,57.42
8642,WALM055,Waxahachie,Fashion accessories,23.0,2,07/11/21,14:36:00,Cash,4.0,0.33,46.0,15.18
8643,WALM099,Weatherford,Home and lifestyle,41.0,2,09/12/23,16:23:00,Cash,3.0,0.18,82.0,14.76
8644,WALM046,Temple,Fashion accessories,83.0,3,23/11/20,7:23:00,Cash,6.0,0.48,249.0,119.52
8645,WALM082,Weslaco,Home and lifestyle,30.0,2,19/12/23,13:38:00,Cash,5.0,0.33,60.0,19.8
8646,WALM038,Sugar Land,Fashion accessories,26.0,1,09/12/22,11:10:00,Cash,4.0,0.48,26.0,12.48
8647,WALM074,Weslaco,Home and lifestyle,83.0,3,14/12/20,6:21:00,Cash,5.0,0.33,249.0,82.17
8648,WALM035,San Angelo,Fashion accessories,30.0,2,28/11/20,15:07:00,Cash,6.0,0.48,60.0,28.8
8649,WALM065,Texas City,Home and lifestyle,80.0,1,03/12/21,12:20:00,Cash,3.0,0.33,80.0,26.4
8650,WALM086,Rosenberg,Fashion accessories,48.0,1,25/12/21,13:35:00,Cash,7.0,0.33,48.0,15.84
8651,WALM038,Sugar Land,Home and lifestyle,70.0,1,10/12/22,16:58:00,Cash,6.0,0.48,70.0,33.6
8652,WALM087,Waxahachie,Fashion accessories,29.0,1,24/11/22,11:22:00,Cash,7.0,0.33,29.0,9.57
8653,WALM050,Victoria,Home and lifestyle,39.0,3,18/11/23,10:29:00,Ewallet,3.0,0.48,117.0,56.16
8654,WALM035,San Angelo,Fashion accessories,32.0,3,05/12/21,6:38:00,Cash,6.0,0.48,96.0,46.08
8655,WALM056,Rowlett,Home and lifestyle,72.0,2,16/12/22,10:21:00,Cash,7.0,0.33,144.0,47.52
8656,WALM029,Round Rock,Fashion accessories,18.0,2,25/12/23,15:36:00,Cash,5.0,0.48,36.0,17.28
8657,WALM009,Plano,Home and lifestyle,41.0,2,11/12/20,6:07:00,Cash,4.0,0.48,82.0,39.36
8658,WALM025,Waco,Fashion accessories,36.0,3,25/12/21,16:15:00,Cash,7.0,0.48,108.0,51.84
8659,WALM099,Weatherford,Home and lifestyle,18.0,1,01/12/20,13:00:00,Cash,7.0,0.18,18.0,3.24
8660,WALM074,Weslaco,Fashion accessories,24.0,2,11/11/22,6:20:00,Cash,4.0,0.33,48.0,15.84
8661,WALM073,Seguin,Home and lifestyle,64.0,3,23/12/23,11:55:00,Cash,5.0,0.33,192.0,63.36
8662,WALM046,Temple,Fashion accessories,59.0,3,17/11/20,6:45:00,Cash,5.0,0.48,177.0,84.96
8663,WALM030,Richardson,Home and lifestyle,48.0,2,09/12/22,12:57:00,Cash,5.0,0.48,96.0,46.08
8664,WALM058,Port Arthur,Fashion accessories,53.0,2,18/12/21,9:53:00,Cash,6.0,0.33,106.0,34.98
8665,WALM087,Waxahachie,Home and lifestyle,67.0,3,19/11/20,6:05:00,Cash,3.0,0.33,201.0,66.33
8666,WALM032,Tyler,Fashion accessories,71.0,2,10/12/23,16:32:00,Cash,3.0,0.48,142.0,68.16
8667,WALM084,Schertz,Home and lifestyle,81.0,2,02/12/23,16:33:00,Cash,6.0,0.33,162.0,53.46
8668,WALM089,Southlake,Fashion accessories,72.0,1,30/11/20,8:34:00,Cash,7.0,0.33,72.0,23.76
8669,WALM038,Sugar Land,Home and lifestyle,79.0,3,15/11/21,12:36:00,Cash,6.0,0.48,237.0,113.76
8670,WALM069,Rockwall,Fashion accessories,58.0,3,11/12/23,15:45:00,Cash,3.0,0.33,174.0,57.42
8671,WALM086,Rosenberg,Home and lifestyle,35.0,2,22/12/22,14:37:00,Cash,7.0,0.33,70.0,23.1
8672,WALM084,Schertz,Fashion accessories,72.0,1,12/11/22,12:36:00,Cash,3.0,0.33,72.0,23.76
8673,WALM087,Waxahachie,Home and lifestyle,69.0,2,09/12/20,7:45:00,Cash,6.0,0.33,138.0,45.54
8674,WALM099,Weatherford,Fashion accessories,37.0,1,10/11/21,14:39:00,Cash,6.0,0.18,37.0,6.66
8675,WALM029,Round Rock,Home and lifestyle,34.0,2,22/12/20,16:47:00,Cash,7.0,0.48,68.0,32.64
8676,WALM035,San Angelo,Fashion accessories,30.0,3,29/11/20,10:14:00,Cash,5.0,0.48,90.0,43.2
8677,WALM030,Richardson,Home and lifestyle,40.0,2,13/11/23,11:12:00,Cash,5.0,0.48,80.0,38.4
8678,WALM009,Plano,Fashion accessories,39.0,2,28/11/22,11:06:00,Cash,3.0,0.48,78.0,37.44
8679,WALM074,Weslaco,Home and lifestyle,69.0,1,19/11/23,15:40:00,Cash,6.0,0.33,69.0,22.77
8680,WALM009,Plano,Fashion accessories,33.0,1,17/12/22,15:14:00,Cash,5.0,0.48,33.0,15.84
8681,WALM084,Schertz,Home and lifestyle,76.0,1,05/11/21,12:31:00,Cash,5.0,0.33,76.0,25.08
8682,WALM065,Texas City,Fashion accessories,46.0,3,18/11/23,7:53:00,Cash,3.0,0.33,138.0,45.54
8683,WALM025,Waco,Home and lifestyle,80.0,1,24/12/23,15:12:00,Cash,3.0,0.48,80.0,38.4
8684,WALM009,Plano,Fashion accessories,57.0,2,25/12/21,16:34:00,Cash,4.0,0.48,114.0,54.72
8685,WALM032,Tyler,Home and lifestyle,59.0,1,17/11/21,13:30:00,Cash,5.0,0.48,59.0,28.32
8686,WALM054,Sherman,Fashion accessories,82.0,2,30/11/23,12:43:00,Cash,6.0,0.21,164.0,34.44
8687,WALM058,Port Arthur,Home and lifestyle,18.0,2,02/11/21,11:58:00,Cash,4.0,0.33,36.0,11.88
8688,WALM065,Texas City,Fashion accessories,32.0,1,24/12/22,10:02:00,Cash,6.0,0.33,32.0,10.56
8689,WALM099,Weatherford,Home and lifestyle,34.0,3,10/12/22,12:35:00,Cash,5.0,0.18,102.0,18.36
8690,WALM082,Weslaco,Fashion accessories,59.0,2,22/11/20,6:46:00,Cash,4.0,0.33,118.0,38.94
8691,WALM084,Schertz,Home and lifestyle,20.0,1,16/12/22,10:17:00,Cash,7.0,0.33,20.0,6.6
8692,WALM030,Richardson,Fashion accessories,79.0,3,25/11/20,12:48:00,Cash,3.0,0.48,237.0,113.76
8693,WALM054,Sherman,Home and lifestyle,81.0,2,12/11/22,10:38:00,Cash,3.0,0.21,162.0,34.02
8694,WALM075,San Marcos,Fashion accessories,36.0,3,01/12/21,14:21:00,Cash,4.0,0.33,108.0,35.64
8695,WALM055,Waxahachie,Home and lifestyle,64.0,3,03/12/20,9:05:00,Cash,4.0,0.33,192.0,63.36
8696,WALM065,Texas City,Fashion accessories,21.0,2,31/12/23,14:44:00,Cash,6.0,0.33,42.0,13.86
8697,WALM069,Rockwall,Home and lifestyle,79.0,3,11/12/23,10:12:00,Cash,5.0,0.33,237.0,78.21
8698,WALM009,Plano,Fashion accessories,73.0,1,21/11/23,15:10:00,Cash,3.0,0.48,73.0,35.04
8699,WALM035,San Angelo,Home and lifestyle,46.0,3,20/12/22,7:18:00,Cash,4.0,0.48,138.0,66.24
8700,WALM029,Round Rock,Fashion accessories,59.0,1,05/11/21,11:47:00,Cash,5.0,0.48,59.0,28.32
8701,WALM089,Southlake,Home and lifestyle,54.0,3,15/11/22,10:08:00,Cash,3.0,0.33,162.0,53.46
8702,WALM030,Richardson,Fashion accessories,55.0,2,12/11/21,14:09:00,Cash,5.0,0.48,110.0,52.8
8703,WALM038,Sugar Land,Home and lifestyle,32.0,1,20/11/21,7:20:00,Cash,7.0,0.48,32.0,15.36
8704,WALM035,San Angelo,Fashion accessories,30.0,3,26/12/23,10:50:00,Cash,3.0,0.48,90.0,43.2
8705,WALM087,Waxahachie,Home and lifestyle,37.0,3,05/11/20,8:35:00,Cash,5.0,0.33,111.0,36.63
8706,WALM086,Rosenberg,Fashion accessories,28.0,2,11/11/21,14:21:00,Cash,3.0,0.33,56.0,18.48
8707,WALM086,Rosenberg,Home and lifestyle,70.0,1,17/11/23,9:54:00,Cash,6.0,0.33,70.0,23.1
8708,WALM003,San Antonio,Fashion accessories,75.0,3,04/12/23,15:39:00,Cash,5.0,0.48,225.0,108.0
8709,WALM082,Weslaco,Home and lifestyle,85.0,2,01/12/21,16:47:00,Cash,7.0,0.33,170.0,56.1
8710,WALM030,Richardson,Fashion accessories,71.0,2,12/12/23,12:38:00,Cash,4.0,0.48,142.0,68.16
8711,WALM069,Rockwall,Home and lifestyle,67.0,2,27/12/23,14:40:00,Cash,3.0,0.33,134.0,44.22
8712,WALM073,Seguin,Fashion accessories,71.0,2,20/12/20,10:35:00,Cash,3.0,0.33,142.0,46.86
8713,WALM069,Rockwall,Home and lifestyle,46.0,3,18/12/21,13:24:00,Cash,6.0,0.33,138.0,45.54
8714,WALM086,Rosenberg,Fashion accessories,30.0,2,29/12/20,6:59:00,Cash,4.0,0.33,60.0,19.8
8715,WALM084,Schertz,Home and lifestyle,62.0,3,06/12/22,10:56:00,Cash,6.0,0.33,186.0,61.38
8716,WALM038,Sugar Land,Fashion accessories,51.0,2,11/11/21,12:03:00,Cash,7.0,0.48,102.0,48.96
8717,WALM032,Tyler,Home and lifestyle,65.0,2,16/12/22,6:36:00,Cash,6.0,0.48,130.0,62.4
8718,WALM099,Weatherford,Fashion accessories,17.0,3,11/11/20,16:32:00,Cash,5.0,0.18,51.0,9.18
8719,WALM087,Waxahachie,Home and lifestyle,69.0,3,28/11/21,10:26:00,Cash,3.0,0.33,207.0,68.31
8720,WALM032,Tyler,Fashion accessories,30.0,2,18/12/21,11:12:00,Cash,3.0,0.48,60.0,28.8
8721,WALM003,San Antonio,Home and lifestyle,25.0,1,14/11/21,9:56:00,Cash,5.0,0.48,25.0,12.0
8722,WALM054,Sherman,Fashion accessories,23.0,1,01/12/22,11:38:00,Cash,6.0,0.21,23.0,4.83
8723,WALM030,Richardson,Home and lifestyle,23.0,3,25/12/23,14:53:00,Cash,6.0,0.48,69.0,33.12
8724,WALM084,Schertz,Fashion accessories,58.0,3,20/11/22,7:32:00,Cash,7.0,0.33,174.0,57.42
8725,WALM050,Victoria,Home and lifestyle,73.0,1,19/12/23,9:06:00,Ewallet,5.0,0.48,73.0,35.04
8726,WALM082,Weslaco,Fashion accessories,52.0,1,17/12/20,7:56:00,Cash,6.0,0.33,52.0,17.16
8727,WALM003,San Antonio,Home and lifestyle,54.0,2,05/11/23,10:53:00,Cash,4.0,0.48,108.0,51.84
8728,WALM084,Schertz,Fashion accessories,35.0,3,28/11/22,12:33:00,Cash,5.0,0.33,105.0,34.65
8729,WALM038,Sugar Land,Home and lifestyle,85.0,1,13/12/22,15:37:00,Cash,5.0,0.48,85.0,40.8
8730,WALM054,Sherman,Fashion accessories,75.0,2,21/12/20,10:03:00,Cash,6.0,0.21,150.0,31.5
8731,WALM029,Round Rock,Home and lifestyle,45.0,3,07/11/20,9:28:00,Cash,3.0,0.48,135.0,64.8
8732,WALM046,Temple,Fashion accessories,33.0,1,21/11/20,12:15:00,Cash,6.0,0.48,33.0,15.84
8733,WALM030,Richardson,Home and lifestyle,56.0,2,10/11/22,14:27:00,Cash,6.0,0.48,112.0,53.76
8734,WALM032,Tyler,Fashion accessories,85.0,1,03/12/21,6:23:00,Cash,7.0,0.48,85.0,40.8
8735,WALM084,Schertz,Home and lifestyle,26.0,2,06/12/20,14:13:00,Cash,7.0,0.33,52.0,17.16
8736,WALM003,San Antonio,Fashion accessories,15.0,1,27/12/22,15:33:00,Cash,4.0,0.48,15.0,7.2
8737,WALM087,Waxahachie,Home and lifestyle,34.0,3,31/12/22,14:04:00,Cash,7.0,0.33,102.0,33.66
8738,WALM030,Richardson,Fashion accessories,20.0,2,18/11/20,6:02:00,Cash,7.0,0.48,40.0,19.2
8739,WALM054,Sherman,Home and lifestyle,42.0,3,23/11/23,6:01:00,Cash,6.0,0.21,126.0,26.46
8740,WALM099,Weatherford,Fashion accessories,43.0,2,29/12/23,15:42:00,Cash,6.0,0.18,86.0,15.48
8741,WALM055,Waxahachie,Home and lifestyle,20.0,3,14/12/23,7:07:00,Cash,7.0,0.33,60.0,19.8
8742,WALM089,Southlake,Fashion accessories,83.0,1,02/11/22,15:45:00,Cash,5.0,0.33,83.0,27.39
8743,WALM069,Rockwall,Home and lifestyle,53.0,3,22/11/22,12:38:00,Cash,5.0,0.33,159.0,52.47
8744,WALM046,Temple,Fashion accessories,17.0,3,12/11/22,9:42:00,Cash,5.0,0.48,51.0,24.48
8745,WALM032,Tyler,Home and lifestyle,26.0,1,16/11/22,11:10:00,Cash,4.0,0.48,26.0,12.48
8746,WALM084,Schertz,Fashion accessories,38.0,2,25/11/21,7:50:00,Cash,6.0,0.33,76.0,25.08
8747,WALM003,San Antonio,Home and lifestyle,63.0,3,08/11/23,7:41:00,Cash,7.0,0.48,189.0,90.72
8748,WALM046,Temple,Fashion accessories,57.0,2,27/11/21,15:47:00,Cash,4.0,0.48,114.0,54.72
8749,WALM074,Weslaco,Home and lifestyle,34.0,2,08/11/23,16:25:00,Cash,5.0,0.33,68.0,22.44
8750,WALM099,Weatherford,Fashion accessories,20.0,2,29/12/21,6:52:00,Cash,6.0,0.18,40.0,7.2
8751,WALM087,Waxahachie,Home and lifestyle,62.0,1,24/11/21,8:56:00,Cash,4.0,0.33,62.0,20.46
8752,WALM065,Texas City,Fashion accessories,30.0,2,04/12/23,7:11:00,Cash,3.0,0.33,60.0,19.8
8753,WALM065,Texas City,Home and lifestyle,64.0,1,11/11/21,9:26:00,Cash,5.0,0.33,64.0,21.12
8754,WALM055,Waxahachie,Fashion accessories,34.0,2,02/12/23,7:42:00,Cash,4.0,0.33,68.0,22.44
8755,WALM038,Sugar Land,Home and lifestyle,44.0,1,01/12/20,13:40:00,Cash,3.0,0.48,44.0,21.12
8756,WALM073,Seguin,Fashion accessories,45.0,2,07/11/21,6:20:00,Cash,6.0,0.33,90.0,29.7
8757,WALM058,Port Arthur,Home and lifestyle,15.0,1,29/11/23,7:16:00,Cash,4.0,0.33,15.0,4.95
8758,WALM087,Waxahachie,Fashion accessories,42.0,3,18/11/22,12:48:00,Cash,5.0,0.33,126.0,41.58
8759,WALM025,Waco,Home and lifestyle,72.0,3,19/11/22,10:44:00,Cash,4.0,0.48,216.0,103.68
8760,WALM035,San Angelo,Fashion accessories,55.0,1,23/12/20,6:47:00,Cash,5.0,0.48,55.0,26.4
8761,WALM065,Texas City,Home and lifestyle,18.0,3,06/11/20,6:08:00,Cash,3.0,0.33,54.0,17.82
8762,WALM086,Rosenberg,Fashion accessories,51.0,2,13/11/22,11:31:00,Cash,6.0,0.33,102.0,33.66
8763,WALM075,San Marcos,Home and lifestyle,46.0,1,01/11/20,7:22:00,Cash,4.0,0.33,46.0,15.18
8764,WALM055,Waxahachie,Fashion accessories,42.0,3,30/11/23,11:35:00,Cash,3.0,0.33,126.0,41.58
8765,WALM073,Seguin,Home and lifestyle,23.0,3,01/12/23,13:50:00,Cash,3.0,0.33,69.0,22.77
8766,WALM029,Round Rock,Fashion accessories,15.0,2,14/11/22,15:18:00,Cash,6.0,0.48,30.0,14.4
8767,WALM038,Sugar Land,Home and lifestyle,27.0,3,06/12/21,14:35:00,Cash,6.0,0.48,81.0,38.88
8768,WALM054,Sherman,Fashion accessories,49.0,2,25/11/20,15:25:00,Cash,4.0,0.21,98.0,20.58
8769,WALM084,Schertz,Home and lifestyle,59.0,3,12/12/23,11:33:00,Cash,3.0,0.33,177.0,58.41
8770,WALM029,Round Rock,Fashion accessories,74.0,2,20/11/21,9:17:00,Cash,6.0,0.48,148.0,71.04
8771,WALM055,Waxahachie,Home and lifestyle,74.0,2,29/12/23,8:59:00,Cash,7.0,0.33,148.0,48.84
8772,WALM035,San Angelo,Fashion accessories,79.0,2,30/11/21,12:07:00,Cash,3.0,0.48,158.0,75.84
8773,WALM054,Sherman,Home and lifestyle,75.0,3,17/11/21,11:51:00,Cash,6.0,0.21,225.0,47.25
8774,WALM058,Port Arthur,Fashion accessories,73.0,1,08/11/21,14:25:00,Cash,6.0,0.33,73.0,24.09
8775,WALM074,Weslaco,Home and lifestyle,84.0,2,18/12/22,11:57:00,Cash,6.0,0.33,168.0,55.44
8776,WALM054,Sherman,Fashion accessories,35.0,1,28/12/21,11:07:00,Cash,6.0,0.21,35.0,7.35
8777,WALM032,Tyler,Home and lifestyle,62.0,1,01/12/20,11:27:00,Cash,4.0,0.48,62.0,29.76
8778,WALM009,Plano,Fashion accessories,45.0,2,04/12/21,11:06:00,Cash,5.0,0.48,90.0,43.2
8779,WALM074,Weslaco,Home and lifestyle,77.0,3,08/12/21,16:39:00,Cash,3.0,0.33,231.0,76.23
8780,WALM029,Round Rock,Fashion accessories,29.0,3,07/12/23,14:24:00,Cash,3.0,0.48,87.0,41.76
8781,WALM073,Seguin,Home and lifestyle,73.0,1,02/12/22,11:33:00,Cash,5.0,0.33,73.0,24.09
8782,WALM058,Port Arthur,Fashion accessories,20.0,2,21/12/21,15:09:00,Cash,3.0,0.33,40.0,13.2
8783,WALM089,Southlake,Home and lifestyle,48.0,1,17/12/23,6:43:00,Cash,7.0,0.33,48.0,15.84
8784,WALM086,Rosenberg,Fashion accessories,18.0,2,26/11/23,15:58:00,Cash,6.0,0.33,36.0,11.88
8785,WALM050,Victoria,Home and lifestyle,35.0,3,03/12/22,14:26:00,Credit card,3.0,0.48,105.0,50.4
8786,WALM084,Schertz,Fashion accessories,77.0,1,24/11/23,13:33:00,Cash,3.0,0.33,77.0,25.41
8787,WALM069,Rockwall,Home and lifestyle,83.0,1,09/11/23,7:41:00,Cash,3.0,0.33,83.0,27.39
8788,WALM003,San Antonio,Fashion accessories,84.0,2,09/11/23,16:41:00,Cash,3.0,0.48,168.0,80.64
8789,WALM058,Port Arthur,Home and lifestyle,47.0,1,23/12/22,16:57:00,Cash,4.0,0.33,47.0,15.51
8790,WALM035,San Angelo,Fashion accessories,58.0,2,07/11/22,9:12:00,Cash,4.0,0.48,116.0,55.68
8791,WALM099,Weatherford,Home and lifestyle,22.0,2,04/11/22,10:12:00,Cash,7.0,0.18,44.0,7.92
8792,WALM084,Schertz,Fashion accessories,66.0,1,05/12/20,15:33:00,Cash,7.0,0.33,66.0,21.78
8793,WALM065,Texas City,Home and lifestyle,71.0,3,24/12/22,7:23:00,Cash,4.0,0.33,213.0,70.29
8794,WALM003,San Antonio,Fashion accessories,74.0,2,14/12/23,10:14:00,Cash,6.0,0.48,148.0,71.04
8795,WALM087,Waxahachie,Home and lifestyle,84.0,3,07/12/22,9:44:00,Cash,6.0,0.33,252.0,83.16
8796,WALM073,Seguin,Fashion accessories,38.0,3,13/12/20,16:59:00,Cash,6.0,0.33,114.0,37.62
8797,WALM056,Rowlett,Home and lifestyle,84.0,1,09/12/20,8:39:00,Cash,3.0,0.33,84.0,27.72
8798,WALM074,Weslaco,Fashion accessories,21.0,1,25/12/23,12:06:00,Cash,5.0,0.33,21.0,6.93
8799,WALM030,Richardson,Home and lifestyle,48.0,1,19/11/21,11:07:00,Cash,3.0,0.48,48.0,23.04
8800,WALM087,Waxahachie,Fashion accessories,64.0,1,28/11/22,14:50:00,Cash,7.0,0.33,64.0,21.12
8801,WALM003,San Antonio,Home and lifestyle,82.0,3,14/11/23,16:17:00,Cash,7.0,0.48,246.0,118.08
8802,WALM084,Schertz,Fashion accessories,64.0,3,04/11/23,8:32:00,Cash,6.0,0.33,192.0,63.36
8803,WALM055,Waxahachie,Home and lifestyle,60.0,3,08/11/22,8:29:00,Cash,5.0,0.33,180.0,59.4
8804,WALM084,Schertz,Fashion accessories,65.0,2,15/11/23,7:31:00,Cash,4.0,0.33,130.0,42.9
8805,WALM086,Rosenberg,Home and lifestyle,83.0,1,16/12/23,10:57:00,Cash,6.0,0.33,83.0,27.39
8806,WALM003,San Antonio,Fashion accessories,71.0,3,09/11/21,13:25:00,Cash,6.0,0.48,213.0,102.24
8807,WALM065,Texas City,Home and lifestyle,24.0,1,04/11/23,16:09:00,Cash,4.0,0.33,24.0,7.92
8808,WALM003,San Antonio,Fashion accessories,42.0,2,26/12/22,11:23:00,Cash,4.0,0.48,84.0,40.32
8809,WALM089,Southlake,Home and lifestyle,28.0,3,06/11/23,6:49:00,Cash,4.0,0.33,84.0,27.72
8810,WALM056,Rowlett,Fashion accessories,28.0,2,03/11/21,9:17:00,Cash,4.0,0.33,56.0,18.48
8811,WALM003,San Antonio,Home and lifestyle,67.0,1,18/12/21,12:25:00,Cash,7.0,0.48,67.0,32.16
8812,WALM009,Plano,Fashion accessories,81.0,1,19/12/23,7:19:00,Cash,3.0,0.48,81.0,38.88
8813,WALM038,Sugar Land,Home and lifestyle,32.0,2,11/11/21,15:41:00,Cash,3.0,0.48,64.0,30.72
8814,WALM058,Port Arthur,Fashion accessories,62.0,2,07/11/21,14:43:00,Cash,4.0,0.33,124.0,40.92
8815,WALM029,Round Rock,Home and lifestyle,78.0,1,10/11/21,9:21:00,Cash,5.0,0.48,78.0,37.44
8816,WALM084,Schertz,Fashion accessories,57.0,3,27/12/21,10:04:00,Cash,4.0,0.33,171.0,56.43
8817,WALM055,Waxahachie,Home and lifestyle,34.0,1,02/12/23,8:11:00,Cash,4.0,0.33,34.0,11.22
8818,WALM086,Rosenberg,Fashion accessories,47.0,2,09/11/22,14:10:00,Cash,3.0,0.33,94.0,31.02
8819,WALM086,Rosenberg,Home and lifestyle,84.0,2,15/11/22,11:05:00,Cash,6.0,0.33,168.0,55.44
8820,WALM069,Rockwall,Fashion accessories,73.0,3,01/12/23,15:29:00,Cash,5.0,0.33,219.0,72.27
8821,WALM084,Schertz,Home and lifestyle,65.0,1,21/11/22,7:13:00,Cash,5.0,0.33,65.0,21.45
8822,WALM058,Port Arthur,Fashion accessories,61.0,2,10/11/21,10:45:00,Cash,6.0,0.33,122.0,40.26
8823,WALM075,San Marcos,Home and lifestyle,36.0,2,19/11/21,14:13:00,Cash,4.0,0.33,72.0,23.76
8824,WALM087,Waxahachie,Fashion accessories,56.0,2,06/11/20,11:10:00,Cash,3.0,0.33,112.0,36.96
8825,WALM073,Seguin,Home and lifestyle,21.0,1,20/11/21,6:40:00,Cash,5.0,0.33,21.0,6.93
8826,WALM035,San Angelo,Fashion accessories,36.0,2,01/11/20,12:17:00,Cash,6.0,0.48,72.0,34.56
8827,WALM030,Richardson,Home and lifestyle,57.0,2,20/11/22,8:30:00,Cash,4.0,0.48,114.0,54.72
8828,WALM084,Schertz,Fashion accessories,70.0,2,19/11/23,15:10:00,Cash,3.0,0.33,140.0,46.2
8829,WALM003,San Antonio,Home and lifestyle,50.0,2,24/12/22,12:28:00,Cash,7.0,0.48,100.0,48.0
8830,WALM056,Rowlett,Fashion accessories,21.0,3,10/11/22,11:48:00,Cash,3.0,0.33,63.0,20.79
8831,WALM073,Seguin,Home and lifestyle,69.0,2,07/12/23,9:58:00,Cash,7.0,0.33,138.0,45.54
8832,WALM030,Richardson,Fashion accessories,78.0,2,20/11/21,12:39:00,Cash,6.0,0.48,156.0,74.88
8833,WALM082,Weslaco,Home and lifestyle,46.0,2,18/11/23,8:46:00,Cash,7.0,0.33,92.0,30.36
8834,WALM038,Sugar Land,Fashion accessories,43.0,1,14/12/20,16:37:00,Cash,4.0,0.48,43.0,20.64
8835,WALM032,Tyler,Home and lifestyle,71.0,1,13/12/21,10:14:00,Cash,7.0,0.48,71.0,34.08
8836,WALM056,Rowlett,Fashion accessories,40.0,3,16/12/22,11:21:00,Cash,6.0,0.33,120.0,39.6
8837,WALM075,San Marcos,Home and lifestyle,52.0,2,22/12/20,16:09:00,Cash,6.0,0.33,104.0,34.32
8838,WALM087,Waxahachie,Fashion accessories,83.0,1,08/11/23,16:29:00,Cash,7.0,0.33,83.0,27.39
8839,WALM025,Waco,Home and lifestyle,37.0,3,21/11/20,15:15:00,Cash,7.0,0.48,111.0,53.28
8840,WALM065,Texas City,Fashion accessories,15.0,1,20/11/20,16:23:00,Cash,3.0,0.33,15.0,4.95
8841,WALM038,Sugar Land,Home and lifestyle,52.0,1,19/12/23,6:58:00,Cash,4.0,0.48,52.0,24.96
8842,WALM035,San Angelo,Fashion accessories,24.0,3,04/11/21,13:17:00,Cash,4.0,0.48,72.0,34.56
8843,WALM054,Sherman,Home and lifestyle,39.0,3,01/11/21,7:16:00,Cash,6.0,0.21,117.0,24.57
8844,WALM073,Seguin,Fashion accessories,77.0,2,01/11/20,14:58:00,Cash,4.0,0.33,154.0,50.82
8845,WALM030,Richardson,Home and lifestyle,69.0,3,25/12/22,12:26:00,Cash,4.0,0.48,207.0,99.36
8846,WALM055,Waxahachie,Fashion accessories,63.0,1,15/11/20,15:13:00,Cash,6.0,0.33,63.0,20.79
8847,WALM032,Tyler,Home and lifestyle,67.0,2,17/12/22,10:22:00,Cash,5.0,0.48,134.0,64.32
8848,WALM073,Seguin,Fashion accessories,17.0,3,05/11/22,15:00:00,Cash,4.0,0.33,51.0,16.83
8849,WALM035,San Angelo,Home and lifestyle,38.0,1,08/12/23,13:30:00,Cash,7.0,0.48,38.0,18.24
8850,WALM035,San Angelo,Fashion accessories,64.0,2,09/11/20,8:50:00,Cash,6.0,0.48,128.0,61.44
8851,WALM032,Tyler,Home and lifestyle,60.0,2,01/12/21,15:42:00,Cash,7.0,0.48,120.0,57.6
8852,WALM046,Temple,Fashion accessories,20.0,2,23/11/23,16:05:00,Cash,3.0,0.48,40.0,19.2
8853,WALM054,Sherman,Home and lifestyle,26.0,1,10/11/20,14:53:00,Cash,6.0,0.21,26.0,5.46
8854,WALM074,Weslaco,Fashion accessories,62.0,2,12/11/23,14:37:00,Cash,5.0,0.33,124.0,40.92
8855,WALM058,Port Arthur,Home and lifestyle,46.0,2,21/11/21,7:38:00,Cash,5.0,0.33,92.0,30.36
8856,WALM009,Plano,Fashion accessories,25.0,2,01/12/21,9:16:00,Cash,4.0,0.48,50.0,24.0
8857,WALM050,Victoria,Home and lifestyle,76.0,2,17/12/23,12:41:00,Credit card,3.0,0.48,152.0,72.96
8858,WALM089,Southlake,Fashion accessories,51.0,3,11/11/22,6:10:00,Cash,4.0,0.33,153.0,50.49
8859,WALM073,Seguin,Home and lifestyle,71.0,2,24/12/21,13:39:00,Cash,3.0,0.33,142.0,46.86
8860,WALM038,Sugar Land,Fashion accessories,51.0,2,05/12/21,10:19:00,Cash,4.0,0.48,102.0,48.96
8861,WALM009,Plano,Home and lifestyle,64.0,2,15/11/20,14:12:00,Cash,5.0,0.48,128.0,61.44
8862,WALM086,Rosenberg,Fashion accessories,58.0,2,07/09/21,13:37:00,Cash,6.0,0.33,116.0,38.28
8863,WALM069,Rockwall,Home and lifestyle,84.0,3,27/07/23,10:54:00,Cash,6.0,0.33,252.0,83.16
8864,WALM075,San Marcos,Fashion accessories,25.0,2,24/07/20,15:46:00,Cash,5.0,0.33,50.0,16.5
8865,WALM099,Weatherford,Home and lifestyle,17.0,3,13/04/23,14:30:00,Cash,5.0,0.18,51.0,9.18
8866,WALM099,Weatherford,Fashion accessories,61.0,3,26/04/22,13:25:00,Cash,5.0,0.18,183.0,32.94
8867,WALM084,Schertz,Home and lifestyle,34.0,2,07/08/22,16:55:00,Cash,4.0,0.33,68.0,22.44
8868,WALM038,Sugar Land,Fashion accessories,72.0,1,15/10/23,9:31:00,Cash,3.0,0.48,72.0,34.56
8869,WALM082,Weslaco,Home and lifestyle,64.0,3,17/06/22,7:25:00,Cash,6.0,0.33,192.0,63.36
8870,WALM073,Seguin,Fashion accessories,57.0,1,15/09/22,8:36:00,Cash,4.0,0.33,57.0,18.81
8871,WALM055,Waxahachie,Home and lifestyle,34.0,3,06/01/23,10:52:00,Cash,3.0,0.33,102.0,33.66
8872,WALM030,Richardson,Fashion accessories,24.0,1,16/03/22,11:38:00,Cash,7.0,0.48,24.0,11.52
8873,WALM086,Rosenberg,Home and lifestyle,58.0,3,01/02/22,14:34:00,Cash,6.0,0.33,174.0,57.42
8874,WALM003,San Antonio,Fashion accessories,52.0,2,08/03/20,6:47:00,Cash,6.0,0.48,104.0,49.92
8875,WALM069,Rockwall,Home and lifestyle,15.0,1,24/09/21,10:23:00,Cash,3.0,0.33,15.0,4.95
8876,WALM058,Port Arthur,Fashion accessories,61.0,3,17/12/20,16:32:00,Cash,6.0,0.33,183.0,60.39
8877,WALM084,Schertz,Home and lifestyle,41.0,1,15/07/20,9:17:00,Cash,7.0,0.33,41.0,13.53
8878,WALM099,Weatherford,Fashion accessories,48.0,2,04/04/21,13:15:00,Cash,3.0,0.18,96.0,17.28
8879,WALM050,Victoria,Home and lifestyle,36.0,3,14/06/22,13:15:00,Credit card,4.0,0.48,108.0,51.84
8880,WALM058,Port Arthur,Fashion accessories,57.0,2,15/09/21,16:11:00,Cash,6.0,0.33,114.0,37.62
8881,WALM046,Temple,Home and lifestyle,56.0,3,21/09/23,8:24:00,Cash,3.0,0.48,168.0,80.64
8882,WALM032,Tyler,Fashion accessories,54.0,3,09/03/21,11:54:00,Cash,7.0,0.48,162.0,77.76
8883,WALM082,Weslaco,Home and lifestyle,27.0,1,23/09/23,10:41:00,Cash,5.0,0.33,27.0,8.91
8884,WALM087,Waxahachie,Fashion accessories,68.0,1,17/12/23,6:18:00,Cash,3.0,0.33,68.0,22.44
8885,WALM065,Texas City,Home and lifestyle,28.0,1,27/11/20,12:53:00,Cash,3.0,0.33,28.0,9.24
8886,WALM054,Sherman,Fashion accessories,42.0,1,26/08/22,8:25:00,Cash,7.0,0.21,42.0,8.82
8887,WALM056,Rowlett,Home and lifestyle,80.0,2,09/04/22,10:26:00,Cash,7.0,0.33,160.0,52.8
8888,WALM075,San Marcos,Fashion accessories,68.0,3,27/10/22,10:38:00,Cash,6.0,0.33,204.0,67.32
8889,WALM038,Sugar Land,Home and lifestyle,37.0,2,15/02/22,7:32:00,Cash,3.0,0.48,74.0,35.52
8890,WALM069,Rockwall,Fashion accessories,82.0,1,02/04/21,9:08:00,Cash,4.0,0.33,82.0,27.06
8891,WALM032,Tyler,Home and lifestyle,53.0,2,05/01/20,16:07:00,Cash,5.0,0.48,106.0,50.88
8892,WALM029,Round Rock,Fashion accessories,48.0,1,30/04/21,10:21:00,Cash,3.0,0.48,48.0,23.04
8893,WALM050,Victoria,Home and lifestyle,63.0,3,14/12/23,11:08:00,Credit card,5.0,0.48,189.0,90.72
8894,WALM054,Sherman,Fashion accessories,17.0,3,22/08/22,8:23:00,Cash,6.0,0.21,51.0,10.71
8895,WALM038,Sugar Land,Home and lifestyle,81.0,1,02/03/22,13:29:00,Cash,6.0,0.48,81.0,38.88
8896,WALM025,Waco,Fashion accessories,42.0,2,01/08/20,15:12:00,Cash,7.0,0.48,84.0,40.32
8897,WALM089,Southlake,Home and lifestyle,53.0,2,01/10/23,7:10:00,Cash,3.0,0.33,106.0,34.98
8898,WALM035,San Angelo,Fashion accessories,81.0,1,19/05/22,10:38:00,Cash,5.0,0.48,81.0,38.88
8899,WALM099,Weatherford,Home and lifestyle,58.0,3,01/10/22,11:16:00,Cash,5.0,0.18,174.0,31.32
8900,WALM054,Sherman,Fashion accessories,83.0,3,16/11/23,9:33:00,Cash,3.0,0.21,249.0,52.29
8901,WALM009,Plano,Home and lifestyle,36.0,3,26/09/21,10:48:00,Cash,4.0,0.48,108.0,51.84
8902,WALM046,Temple,Fashion accessories,41.0,1,25/12/23,8:50:00,Cash,4.0,0.48,41.0,19.68
8903,WALM086,Rosenberg,Home and lifestyle,23.0,3,29/12/23,10:58:00,Cash,3.0,0.33,69.0,22.77
8904,WALM074,Weslaco,Fashion accessories,82.0,2,20/01/23,10:04:00,Cash,4.0,0.33,164.0,54.12
8905,WALM073,Seguin,Home and lifestyle,36.0,1,04/06/20,16:31:00,Cash,3.0,0.33,36.0,11.88
8906,WALM065,Texas City,Fashion accessories,34.0,3,11/06/23,11:20:00,Cash,4.0,0.33,102.0,33.66
8907,WALM075,San Marcos,Home and lifestyle,38.0,2,13/07/21,13:41:00,Cash,6.0,0.33,76.0,25.08
8908,WALM075,San Marcos,Fashion accessories,83.0,1,24/07/23,10:27:00,Cash,5.0,0.33,83.0,27.39
8909,WALM029,Round Rock,Home and lifestyle,52.0,1,23/06/22,9:55:00,Cash,6.0,0.48,52.0,24.96
8910,WALM069,Rockwall,Fashion accessories,35.0,3,02/11/21,9:14:00,Cash,3.0,0.33,105.0,34.65
8911,WALM029,Round Rock,Home and lifestyle,62.0,2,03/03/22,7:02:00,Cash,3.0,0.48,124.0,59.52
8912,WALM035,San Angelo,Fashion accessories,74.0,3,01/05/21,14:47:00,Cash,3.0,0.48,222.0,106.56
8913,WALM038,Sugar Land,Home and lifestyle,22.0,1,27/07/23,14:32:00,Cash,5.0,0.48,22.0,10.56
8914,WALM025,Waco,Fashion accessories,85.0,1,09/05/23,13:16:00,Cash,5.0,0.48,85.0,40.8
8915,WALM003,San Antonio,Home and lifestyle,35.0,1,02/03/20,8:47:00,Cash,5.0,0.48,35.0,16.8
8916,WALM099,Weatherford,Fashion accessories,55.0,2,11/04/20,14:06:00,Cash,4.0,0.18,110.0,19.8
8917,WALM099,Weatherford,Home and lifestyle,28.0,2,28/06/20,16:09:00,Cash,7.0,0.18,56.0,10.08
8918,WALM032,Tyler,Fashion accessories,69.0,3,18/12/21,9:57:00,Cash,6.0,0.48,207.0,99.36
8919,WALM075,San Marcos,Home and lifestyle,64.0,3,22/03/23,16:18:00,Cash,3.0,0.33,192.0,63.36
8920,WALM029,Round Rock,Fashion accessories,79.0,3,19/02/22,10:16:00,Cash,6.0,0.48,237.0,113.76
8921,WALM003,San Antonio,Home and lifestyle,60.0,2,26/06/21,9:27:00,Cash,4.0,0.48,120.0,57.6
8922,WALM046,Temple,Fashion accessories,20.0,3,07/12/23,6:28:00,Cash,6.0,0.48,60.0,28.8
8923,WALM089,Southlake,Home and lifestyle,26.0,3,21/04/21,16:56:00,Cash,5.0,0.33,78.0,25.74
8924,WALM087,Waxahachie,Fashion accessories,25.0,2,20/04/20,8:11:00,Cash,7.0,0.33,50.0,16.5
8925,WALM058,Port Arthur,Home and lifestyle,83.0,2,14/06/20,15:36:00,Cash,6.0,0.33,166.0,54.78
8926,WALM084,Schertz,Fashion accessories,20.0,3,11/01/20,10:01:00,Cash,4.0,0.33,60.0,19.8
8927,WALM065,Texas City,Home and lifestyle,78.0,1,09/02/21,9:53:00,Cash,4.0,0.33,78.0,25.74
8928,WALM050,Victoria,Fashion accessories,72.0,3,29/01/20,10:40:00,Credit card,7.0,0.48,216.0,103.68
8929,WALM084,Schertz,Home and lifestyle,78.0,3,04/12/23,13:09:00,Cash,6.0,0.33,234.0,77.22
8930,WALM058,Port Arthur,Fashion accessories,56.0,2,10/05/20,14:40:00,Cash,3.0,0.33,112.0,36.96
8931,WALM056,Rowlett,Home and lifestyle,67.0,1,30/10/23,16:44:00,Cash,3.0,0.33,67.0,22.11
8932,WALM074,Weslaco,Fashion accessories,63.0,2,20/03/20,12:17:00,Cash,4.0,0.33,126.0,41.58
8933,WALM030,Richardson,Home and lifestyle,36.0,3,09/01/23,10:33:00,Cash,3.0,0.48,108.0,51.84
8934,WALM054,Sherman,Fashion accessories,31.0,1,15/05/20,12:02:00,Cash,5.0,0.21,31.0,6.51
8935,WALM082,Weslaco,Home and lifestyle,59.0,1,23/06/23,14:41:00,Cash,5.0,0.33,59.0,19.47
8936,WALM069,Rockwall,Fashion accessories,49.0,1,11/03/20,13:53:00,Cash,7.0,0.33,49.0,16.17
8937,WALM046,Temple,Home and lifestyle,60.0,2,23/09/22,13:00:00,Cash,4.0,0.48,120.0,57.6
8938,WALM035,San Angelo,Fashion accessories,34.0,2,27/09/21,14:08:00,Cash,3.0,0.48,68.0,32.64
8939,WALM046,Temple,Home and lifestyle,77.0,2,12/07/21,12:09:00,Cash,7.0,0.48,154.0,73.92
8940,WALM035,San Angelo,Fashion accessories,43.0,1,17/05/23,14:16:00,Cash,5.0,0.48,43.0,20.64
8941,WALM086,Rosenberg,Home and lifestyle,63.0,2,22/05/23,10:57:00,Cash,3.0,0.33,126.0,41.58
8942,WALM035,San Angelo,Fashion accessories,16.0,2,13/12/23,16:13:00,Cash,6.0,0.48,32.0,15.36
8943,WALM087,Waxahachie,Home and lifestyle,68.0,3,05/10/21,14:23:00,Cash,7.0,0.33,204.0,67.32
8944,WALM089,Southlake,Fashion accessories,66.0,2,10/08/22,11:16:00,Cash,3.0,0.33,132.0,43.56
8945,WALM073,Seguin,Home and lifestyle,70.0,3,09/07/21,11:47:00,Cash,5.0,0.33,210.0,69.3
8946,WALM058,Port Arthur,Fashion accessories,43.0,3,17/09/23,7:59:00,Cash,6.0,0.33,129.0,42.57
8947,WALM074,Weslaco,Home and lifestyle,66.0,2,18/08/20,10:13:00,Cash,4.0,0.33,132.0,43.56
8948,WALM055,Waxahachie,Fashion accessories,21.0,1,03/05/20,6:20:00,Cash,6.0,0.33,21.0,6.93
8949,WALM099,Weatherford,Home and lifestyle,66.0,2,27/10/21,13:20:00,Cash,4.0,0.18,132.0,23.76
8950,WALM087,Waxahachie,Fashion accessories,64.0,1,23/02/20,12:17:00,Cash,5.0,0.33,64.0,21.12
8951,WALM032,Tyler,Home and lifestyle,45.0,2,10/11/20,7:43:00,Cash,5.0,0.48,90.0,43.2
8952,WALM075,San Marcos,Fashion accessories,82.0,3,22/10/20,12:25:00,Cash,5.0,0.33,246.0,81.18
8953,WALM046,Temple,Home and lifestyle,26.0,1,03/03/23,10:05:00,Cash,7.0,0.48,26.0,12.48
8954,WALM035,San Angelo,Fashion accessories,77.0,3,10/08/20,11:24:00,Cash,6.0,0.48,231.0,110.88
8955,WALM086,Rosenberg,Home and lifestyle,36.0,2,07/04/22,9:55:00,Cash,6.0,0.33,72.0,23.76
8956,WALM038,Sugar Land,Fashion accessories,31.0,3,29/10/20,16:36:00,Cash,5.0,0.48,93.0,44.64
8957,WALM086,Rosenberg,Home and lifestyle,39.0,1,19/07/22,12:28:00,Cash,4.0,0.33,39.0,12.87
8958,WALM003,San Antonio,Fashion accessories,29.0,1,12/09/23,11:08:00,Cash,4.0,0.48,29.0,13.92
8959,WALM030,Richardson,Home and lifestyle,56.0,3,04/09/22,11:24:00,Cash,5.0,0.48,168.0,80.64
8960,WALM075,San Marcos,Fashion accessories,77.0,3,18/09/20,13:42:00,Cash,6.0,0.33,231.0,76.23
8961,WALM056,Rowlett,Home and lifestyle,58.0,3,05/05/20,7:20:00,Cash,3.0,0.33,174.0,57.42
8962,WALM003,San Antonio,Fashion accessories,69.0,1,04/11/22,11:36:00,Cash,4.0,0.48,69.0,33.12
8963,WALM074,Weslaco,Home and lifestyle,44.0,1,20/08/21,12:25:00,Cash,7.0,0.33,44.0,14.52
8964,WALM089,Southlake,Fashion accessories,22.0,1,03/09/22,16:17:00,Cash,3.0,0.33,22.0,7.26
8965,WALM035,San Angelo,Home and lifestyle,25.0,2,10/07/23,16:19:00,Cash,5.0,0.48,50.0,24.0
8966,WALM065,Texas City,Fashion accessories,22.0,1,24/02/23,6:18:00,Cash,7.0,0.33,22.0,7.26
8967,WALM035,San Angelo,Home and lifestyle,55.0,3,14/02/21,13:45:00,Cash,4.0,0.48,165.0,79.2
8968,WALM055,Waxahachie,Fashion accessories,43.0,3,08/01/22,9:55:00,Cash,6.0,0.33,129.0,42.57
8969,WALM074,Weslaco,Home and lifestyle,76.0,1,24/07/21,8:28:00,Cash,3.0,0.33,76.0,25.08
8970,WALM065,Texas City,Fashion accessories,46.0,2,01/06/21,14:30:00,Cash,4.0,0.33,92.0,30.36
8971,WALM099,Weatherford,Home and lifestyle,63.0,3,17/05/21,7:09:00,Cash,6.0,0.18,189.0,34.02
8972,WALM073,Seguin,Fashion accessories,35.0,3,10/08/20,9:20:00,Cash,5.0,0.33,105.0,34.65
8973,WALM032,Tyler,Home and lifestyle,38.0,3,19/09/23,6:11:00,Cash,3.0,0.48,114.0,54.72
8974,WALM069,Rockwall,Fashion accessories,59.0,2,07/03/23,7:24:00,Cash,5.0,0.33,118.0,38.94
8975,WALM073,Seguin,Home and lifestyle,37.0,3,29/09/23,8:50:00,Cash,7.0,0.33,111.0,36.63
8976,WALM074,Weslaco,Fashion accessories,16.0,3,22/03/22,8:18:00,Cash,3.0,0.33,48.0,15.84
8977,WALM054,Sherman,Home and lifestyle,77.0,3,06/06/22,8:12:00,Cash,6.0,0.21,231.0,48.51
8978,WALM032,Tyler,Fashion accessories,62.0,1,12/09/22,7:43:00,Cash,7.0,0.48,62.0,29.76
8979,WALM058,Port Arthur,Home and lifestyle,67.0,3,16/08/22,6:52:00,Cash,3.0,0.33,201.0,66.33
8980,WALM055,Waxahachie,Fashion accessories,40.0,3,06/05/21,12:04:00,Cash,5.0,0.33,120.0,39.6
8981,WALM074,Weslaco,Home and lifestyle,29.0,2,11/12/21,7:34:00,Cash,4.0,0.33,58.0,19.14
8982,WALM099,Weatherford,Fashion accessories,84.0,3,19/04/23,13:55:00,Cash,5.0,0.18,252.0,45.36
8983,WALM086,Rosenberg,Home and lifestyle,64.0,3,03/07/21,12:27:00,Cash,4.0,0.33,192.0,63.36
8984,WALM087,Waxahachie,Fashion accessories,55.0,1,14/08/23,15:30:00,Cash,7.0,0.33,55.0,18.15
8985,WALM089,Southlake,Home and lifestyle,24.0,2,12/02/20,14:20:00,Cash,4.0,0.33,48.0,15.84
8986,WALM056,Rowlett,Fashion accessories,15.0,2,12/11/21,13:18:00,Cash,6.0,0.33,30.0,9.9
8987,WALM032,Tyler,Home and lifestyle,32.0,2,16/04/23,12:25:00,Cash,5.0,0.48,64.0,30.72
8988,WALM065,Texas City,Fashion accessories,23.0,1,24/07/20,6:22:00,Cash,5.0,0.33,23.0,7.59
8989,WALM054,Sherman,Home and lifestyle,43.0,1,17/11/22,13:50:00,Cash,6.0,0.21,43.0,9.03
8990,WALM038,Sugar Land,Fashion accessories,27.0,3,08/10/20,15:39:00,Cash,5.0,0.48,81.0,38.88
8991,WALM074,Weslaco,Home and lifestyle,17.0,2,14/10/21,9:24:00,Cash,5.0,0.33,34.0,11.22
8992,WALM074,Weslaco,Fashion accessories,69.0,2,12/03/20,12:06:00,Cash,3.0,0.33,138.0,45.54
8993,WALM029,Round Rock,Home and lifestyle,30.0,3,11/01/20,16:42:00,Cash,7.0,0.48,90.0,43.2
8994,WALM030,Richardson,Fashion accessories,68.0,3,15/10/23,15:56:00,Cash,4.0,0.48,204.0,97.92
8995,WALM099,Weatherford,Home and lifestyle,79.0,2,19/02/21,16:50:00,Cash,3.0,0.18,158.0,28.44
8996,WALM030,Richardson,Fashion accessories,76.0,2,03/03/23,16:57:00,Cash,3.0,0.48,152.0,72.96
8997,WALM074,Weslaco,Home and lifestyle,39.0,3,16/03/23,15:02:00,Cash,5.0,0.33,117.0,38.61
8998,WALM054,Sherman,Fashion accessories,28.0,1,26/10/21,11:11:00,Cash,6.0,0.21,28.0,5.88
8999,WALM074,Weslaco,Home and lifestyle,55.0,3,26/09/23,16:03:00,Cash,6.0,0.33,165.0,54.45
9000,WALM065,Texas City,Fashion accessories,55.0,2,20/04/22,14:10:00,Cash,5.0,0.33,110.0,36.3
9001,WALM035,San Angelo,Home and lifestyle,58.0,2,29/11/23,9:39:00,Cash,7.0,0.48,116.0,55.68
9002,WALM058,Port Arthur,Fashion accessories,75.0,2,20/09/20,12:53:00,Cash,3.0,0.33,150.0,49.5
9003,WALM074,Weslaco,Home and lifestyle,52.0,1,09/08/22,16:35:00,Cash,5.0,0.33,52.0,17.16
9004,WALM074,Weslaco,Fashion accessories,58.0,1,11/05/21,9:41:00,Cash,4.0,0.33,58.0,19.14
9005,WALM029,Round Rock,Home and lifestyle,75.0,3,02/03/21,9:40:00,Cash,6.0,0.48,225.0,108.0
9006,WALM029,Round Rock,Fashion accessories,81.0,1,19/06/21,10:36:00,Cash,3.0,0.48,81.0,38.88
9007,WALM056,Rowlett,Home and lifestyle,35.0,2,21/04/20,16:48:00,Cash,4.0,0.33,70.0,23.1
9008,WALM032,Tyler,Fashion accessories,17.0,3,05/11/20,7:54:00,Cash,6.0,0.48,51.0,24.48
9009,WALM089,Southlake,Home and lifestyle,24.0,1,06/02/20,8:00:00,Cash,4.0,0.33,24.0,7.92
9010,WALM075,San Marcos,Fashion accessories,69.0,3,27/10/23,11:48:00,Cash,7.0,0.33,207.0,68.31
9011,WALM069,Rockwall,Home and lifestyle,39.0,3,10/04/22,13:02:00,Cash,4.0,0.33,117.0,38.61
9012,WALM099,Weatherford,Fashion accessories,65.0,1,15/10/21,6:08:00,Cash,5.0,0.18,65.0,11.7
9013,WALM025,Waco,Home and lifestyle,31.0,3,07/12/23,10:15:00,Cash,7.0,0.48,93.0,44.64
9014,WALM074,Weslaco,Fashion accessories,20.0,3,11/12/20,11:14:00,Cash,3.0,0.33,60.0,19.8
9015,WALM084,Schertz,Home and lifestyle,61.0,1,15/09/20,11:32:00,Cash,7.0,0.33,61.0,20.13
9016,WALM089,Southlake,Fashion accessories,26.0,2,03/11/23,15:56:00,Cash,7.0,0.33,52.0,17.16
9017,WALM050,Victoria,Home and lifestyle,23.0,3,30/08/21,13:27:00,Credit card,4.0,0.48,69.0,33.12
9018,WALM050,Victoria,Fashion accessories,58.0,1,17/06/22,14:50:00,Credit card,4.0,0.48,58.0,27.84
9019,WALM087,Waxahachie,Home and lifestyle,20.0,3,09/10/21,10:50:00,Cash,7.0,0.33,60.0,19.8
9020,WALM056,Rowlett,Fashion accessories,64.0,2,16/07/22,7:42:00,Cash,3.0,0.33,128.0,42.24
9021,WALM086,Rosenberg,Home and lifestyle,25.0,1,28/03/21,6:29:00,Cash,5.0,0.33,25.0,8.25
9022,WALM035,San Angelo,Fashion accessories,67.0,2,30/10/22,15:29:00,Cash,6.0,0.48,134.0,64.32
9023,WALM056,Rowlett,Home and lifestyle,38.0,3,15/02/22,13:36:00,Cash,4.0,0.33,114.0,37.62
9024,WALM030,Richardson,Fashion accessories,54.0,3,14/08/21,15:32:00,Cash,4.0,0.48,162.0,77.76
9025,WALM035,San Angelo,Home and lifestyle,67.0,2,21/10/23,11:23:00,Cash,5.0,0.48,134.0,64.32
9026,WALM054,Sherman,Fashion accessories,53.0,3,22/05/23,9:14:00,Cash,5.0,0.21,159.0,33.39
9027,WALM050,Victoria,Home and lifestyle,45.0,2,26/12/21,16:43:00,Credit card,5.0,0.48,90.0,43.2
9028,WALM058,Port Arthur,Fashion accessories,19.0,1,29/07/20,13:14:00,Cash,6.0,0.33,19.0,6.27
9029,WALM046,Temple,Home and lifestyle,60.0,1,03/11/21,13:06:00,Cash,6.0,0.48,60.0,28.8
9030,WALM075,San Marcos,Fashion accessories,60.0,2,10/02/21,10:21:00,Cash,5.0,0.33,120.0,39.6
9031,WALM055,Waxahachie,Home and lifestyle,46.0,1,13/10/21,9:18:00,Cash,6.0,0.33,46.0,15.18
9032,WALM074,Weslaco,Fashion accessories,57.0,2,22/07/20,13:35:00,Cash,6.0,0.33,114.0,37.62
9033,WALM030,Richardson,Home and lifestyle,66.0,3,11/06/22,7:27:00,Cash,5.0,0.48,198.0,95.04
9034,WALM009,Plano,Fashion accessories,53.0,1,28/06/23,7:41:00,Cash,7.0,0.48,53.0,25.44
9035,WALM032,Tyler,Home and lifestyle,39.0,3,13/07/22,8:53:00,Cash,5.0,0.48,117.0,56.16
9036,WALM074,Weslaco,Fashion accessories,78.0,2,11/09/20,8:27:00,Cash,6.0,0.33,156.0,51.48
9037,WALM073,Seguin,Home and lifestyle,79.0,3,02/06/22,7:15:00,Cash,3.0,0.33,237.0,78.21
9038,WALM089,Southlake,Fashion accessories,39.0,2,13/03/22,11:54:00,Cash,5.0,0.33,78.0,25.74
9039,WALM087,Waxahachie,Home and lifestyle,66.0,2,04/03/23,6:58:00,Cash,5.0,0.33,132.0,43.56
9040,WALM009,Plano,Fashion accessories,36.0,3,10/04/23,14:17:00,Cash,6.0,0.48,108.0,51.84
9041,WALM065,Texas City,Home and lifestyle,50.0,2,22/06/20,10:29:00,Cash,7.0,0.33,100.0,33.0
9042,WALM055,Waxahachie,Fashion accessories,58.0,2,07/04/23,14:29:00,Cash,5.0,0.33,116.0,38.28
9043,WALM025,Waco,Home and lifestyle,78.0,2,22/09/20,9:29:00,Cash,5.0,0.48,156.0,74.88
9044,WALM065,Texas City,Fashion accessories,84.0,3,13/05/22,9:09:00,Cash,5.0,0.33,252.0,83.16
9045,WALM058,Port Arthur,Home and lifestyle,30.0,3,01/10/21,14:48:00,Cash,7.0,0.33,90.0,29.7
9046,WALM035,San Angelo,Fashion accessories,84.0,1,14/07/20,9:51:00,Cash,5.0,0.48,84.0,40.32
9047,WALM082,Weslaco,Home and lifestyle,24.0,2,26/03/20,8:29:00,Cash,5.0,0.33,48.0,15.84
9048,WALM073,Seguin,Fashion accessories,68.0,1,09/08/22,8:59:00,Cash,3.0,0.33,68.0,22.44
9049,WALM058,Port Arthur,Home and lifestyle,61.0,2,08/11/23,8:08:00,Cash,4.0,0.33,122.0,40.26
9050,WALM038,Sugar Land,Fashion accessories,74.0,2,30/10/22,16:53:00,Cash,4.0,0.48,148.0,71.04
9051,WALM084,Schertz,Home and lifestyle,83.0,3,25/10/22,7:06:00,Cash,6.0,0.33,249.0,82.17
9052,WALM058,Port Arthur,Fashion accessories,28.0,3,07/07/21,6:25:00,Cash,5.0,0.33,84.0,27.72
9053,WALM046,Temple,Home and lifestyle,31.0,2,22/06/21,16:49:00,Cash,5.0,0.48,62.0,29.76
9054,WALM099,Weatherford,Fashion accessories,52.0,1,12/05/21,9:30:00,Cash,4.0,0.18,52.0,9.36
9055,WALM089,Southlake,Home and lifestyle,25.0,1,11/04/22,12:08:00,Cash,6.0,0.33,25.0,8.25
9056,WALM065,Texas City,Fashion accessories,70.0,1,28/12/21,16:35:00,Cash,3.0,0.33,70.0,23.1
9057,WALM069,Rockwall,Home and lifestyle,77.0,1,28/02/20,10:06:00,Cash,3.0,0.33,77.0,25.41
9058,WALM084,Schertz,Fashion accessories,19.0,3,29/10/21,8:26:00,Cash,6.0,0.33,57.0,18.81
9059,WALM056,Rowlett,Home and lifestyle,50.0,3,03/11/23,14:25:00,Cash,4.0,0.33,150.0,49.5
9060,WALM075,San Marcos,Fashion accessories,68.0,3,16/12/21,7:43:00,Cash,7.0,0.33,204.0,67.32
9061,WALM038,Sugar Land,Home and lifestyle,48.0,1,13/06/21,11:07:00,Cash,7.0,0.48,48.0,23.04
9062,WALM075,San Marcos,Fashion accessories,25.0,2,30/11/22,15:24:00,Cash,5.0,0.33,50.0,16.5
9063,WALM035,San Angelo,Home and lifestyle,62.0,3,22/09/22,14:21:00,Cash,3.0,0.48,186.0,89.28
9064,WALM046,Temple,Fashion accessories,81.0,2,30/08/20,15:34:00,Cash,5.0,0.48,162.0,77.76
9065,WALM025,Waco,Home and lifestyle,28.0,3,05/11/22,10:56:00,Cash,5.0,0.48,84.0,40.32
9066,WALM065,Texas City,Fashion accessories,15.0,1,04/11/20,7:43:00,Cash,6.0,0.33,15.0,4.95
9067,WALM032,Tyler,Home and lifestyle,70.0,2,19/09/21,12:43:00,Cash,4.0,0.48,140.0,67.2
9068,WALM055,Waxahachie,Fashion accessories,50.0,3,04/10/22,15:33:00,Cash,5.0,0.33,150.0,49.5
9069,WALM025,Waco,Home and lifestyle,47.0,2,16/02/22,7:13:00,Cash,7.0,0.48,94.0,45.12
9070,WALM029,Round Rock,Fashion accessories,28.0,1,30/07/21,6:58:00,Cash,7.0,0.48,28.0,13.44
9071,WALM030,Richardson,Home and lifestyle,54.0,2,14/08/22,10:00:00,Cash,7.0,0.48,108.0,51.84
9072,WALM025,Waco,Fashion accessories,68.0,3,09/08/20,12:51:00,Cash,4.0,0.48,204.0,97.92
9073,WALM058,Port Arthur,Home and lifestyle,83.0,2,01/03/22,16:17:00,Cash,5.0,0.33,166.0,54.78
9074,WALM074,Weslaco,Fashion accessories,51.0,3,26/05/20,16:27:00,Cash,3.0,0.33,153.0,50.49
9075,WALM050,Victoria,Home and lifestyle,57.0,3,27/07/21,12:56:00,Credit card,4.0,0.48,171.0,82.08
9076,WALM065,Texas City,Fashion accessories,36.0,1,31/08/21,15:16:00,Cash,5.0,0.33,36.0,11.88
9077,WALM099,Weatherford,Home and lifestyle,71.0,1,28/08/20,13:01:00,Cash,5.0,0.18,71.0,12.78
9078,WALM089,Southlake,Fashion accessories,56.0,1,30/10/22,11:42:00,Cash,4.0,0.33,56.0,18.48
9079,WALM058,Port Arthur,Home and lifestyle,67.0,1,20/05/23,11:18:00,Cash,6.0,0.33,67.0,22.11
9080,WALM069,Rockwall,Fashion accessories,15.0,3,14/04/23,11:33:00,Cash,4.0,0.33,45.0,14.85
9081,WALM056,Rowlett,Home and lifestyle,32.0,2,11/01/21,9:24:00,Cash,4.0,0.33,64.0,21.12
9082,WALM050,Victoria,Fashion accessories,81.0,1,05/01/23,13:54:00,Credit card,4.0,0.48,81.0,38.88
9083,WALM035,San Angelo,Home and lifestyle,17.0,2,19/05/21,7:58:00,Cash,6.0,0.48,34.0,16.32
9084,WALM099,Weatherford,Fashion accessories,85.0,3,26/06/20,8:09:00,Cash,5.0,0.18,255.0,45.9
9085,WALM050,Victoria,Home and lifestyle,21.0,1,07/06/20,14:07:00,Credit card,6.0,0.48,21.0,10.08
9086,WALM087,Waxahachie,Fashion accessories,22.0,3,12/05/22,7:58:00,Cash,6.0,0.33,66.0,21.78
9087,WALM089,Southlake,Home and lifestyle,77.0,1,14/09/23,12:31:00,Cash,3.0,0.33,77.0,25.41
9088,WALM003,San Antonio,Fashion accessories,49.0,2,25/12/21,6:39:00,Cash,3.0,0.48,98.0,47.04
9089,WALM073,Seguin,Home and lifestyle,16.0,3,18/02/22,12:42:00,Cash,4.0,0.33,48.0,15.84
9090,WALM046,Temple,Fashion accessories,54.0,3,20/10/20,11:11:00,Cash,7.0,0.48,162.0,77.76
9091,WALM003,San Antonio,Home and lifestyle,49.0,2,15/07/20,12:15:00,Cash,3.0,0.48,98.0,47.04
9092,WALM084,Schertz,Fashion accessories,50.0,3,06/05/20,6:37:00,Cash,7.0,0.33,150.0,49.5
9093,WALM074,Weslaco,Home and lifestyle,79.0,3,15/12/23,9:27:00,Cash,3.0,0.33,237.0,78.21
9094,WALM065,Texas City,Fashion accessories,82.0,3,26/07/21,15:40:00,Cash,4.0,0.33,246.0,81.18
9095,WALM038,Sugar Land,Home and lifestyle,30.0,1,22/03/23,13:52:00,Cash,7.0,0.48,30.0,14.4
9096,WALM089,Southlake,Fashion accessories,35.0,3,27/08/22,13:11:00,Cash,7.0,0.33,105.0,34.65
9097,WALM038,Sugar Land,Home and lifestyle,57.0,1,17/07/21,6:18:00,Cash,4.0,0.48,57.0,27.36
9098,WALM054,Sherman,Fashion accessories,20.0,2,28/12/21,14:56:00,Cash,4.0,0.21,40.0,8.4
9099,WALM025,Waco,Home and lifestyle,36.0,2,28/01/22,10:12:00,Cash,5.0,0.48,72.0,34.56
9100,WALM054,Sherman,Fashion accessories,58.0,2,19/09/21,10:35:00,Cash,3.0,0.21,116.0,24.36
9101,WALM029,Round Rock,Home and lifestyle,36.0,1,29/05/23,9:25:00,Cash,3.0,0.48,36.0,17.28
9102,WALM075,San Marcos,Fashion accessories,23.0,2,17/07/22,7:34:00,Cash,7.0,0.33,46.0,15.18
9103,WALM065,Texas City,Home and lifestyle,31.0,1,22/08/20,7:51:00,Cash,7.0,0.33,31.0,10.23
9104,WALM050,Victoria,Fashion accessories,73.0,1,31/10/23,6:43:00,Credit card,7.0,0.48,73.0,35.04
9105,WALM082,Weslaco,Home and lifestyle,75.0,3,08/09/21,8:25:00,Cash,3.0,0.33,225.0,74.25
9106,WALM089,Southlake,Fashion accessories,83.0,2,16/11/20,8:39:00,Cash,7.0,0.33,166.0,54.78
9107,WALM046,Temple,Home and lifestyle,30.0,3,28/05/22,8:06:00,Cash,3.0,0.48,90.0,43.2
9108,WALM087,Waxahachie,Fashion accessories,78.0,1,10/01/22,10:32:00,Cash,4.0,0.33,78.0,25.74
9109,WALM054,Sherman,Home and lifestyle,28.0,1,15/06/20,8:28:00,Cash,6.0,0.21,28.0,5.88
9110,WALM075,San Marcos,Fashion accessories,19.0,1,10/10/21,13:38:00,Cash,6.0,0.33,19.0,6.27
9111,WALM050,Victoria,Home and lifestyle,48.0,3,18/09/22,7:26:00,Credit card,4.0,0.48,144.0,69.12
9112,WALM054,Sherman,Fashion accessories,57.0,1,14/12/20,9:26:00,Cash,3.0,0.33,57.0,18.81
9113,WALM025,Waco,Home and lifestyle,60.0,2,01/07/22,11:00:00,Cash,7.0,0.48,120.0,57.6
9114,WALM099,Weatherford,Fashion accessories,19.0,2,26/01/20,12:17:00,Cash,3.0,0.18,38.0,6.84
9115,WALM074,Weslaco,Home and lifestyle,81.0,2,29/07/23,12:20:00,Cash,7.0,0.33,162.0,53.46
9116,WALM087,Waxahachie,Fashion accessories,69.0,2,23/04/23,7:11:00,Cash,7.0,0.33,138.0,45.54
9117,WALM050,Victoria,Home and lifestyle,33.0,2,12/05/22,11:14:00,Credit card,6.0,0.48,66.0,31.68
9118,WALM003,San Antonio,Fashion accessories,73.0,1,08/02/22,13:44:00,Cash,7.0,0.48,73.0,35.04
9119,WALM087,Waxahachie,Home and lifestyle,28.0,2,21/05/22,13:09:00,Cash,5.0,0.33,56.0,18.48
9120,WALM046,Temple,Fashion accessories,19.0,2,18/12/22,8:50:00,Cash,4.0,0.48,38.0,18.24
9121,WALM084,Schertz,Home and lifestyle,46.0,1,22/01/22,14:57:00,Cash,4.0,0.33,46.0,15.18
9122,WALM056,Rowlett,Fashion accessories,20.0,3,18/09/22,14:39:00,Cash,6.0,0.33,60.0,19.8
9123,WALM082,Weslaco,Home and lifestyle,78.0,2,14/02/22,14:59:00,Cash,6.0,0.33,156.0,51.48
9124,WALM074,Weslaco,Fashion accessories,31.0,1,06/12/21,13:40:00,Cash,4.0,0.33,31.0,10.23
9125,WALM056,Rowlett,Home and lifestyle,62.0,3,02/05/23,15:26:00,Cash,4.0,0.33,186.0,61.38
9126,WALM038,Sugar Land,Fashion accessories,18.0,2,30/07/20,13:44:00,Cash,5.0,0.48,36.0,17.28
9127,WALM038,Sugar Land,Home and lifestyle,29.0,2,22/07/20,13:15:00,Cash,6.0,0.48,58.0,27.84
9128,WALM009,Plano,Fashion accessories,44.0,1,21/09/23,7:45:00,Cash,5.0,0.48,44.0,21.12
9129,WALM025,Waco,Home and lifestyle,33.0,2,19/03/22,8:30:00,Cash,5.0,0.48,66.0,31.68
9130,WALM025,Waco,Fashion accessories,34.0,1,08/02/22,11:09:00,Cash,5.0,0.48,34.0,16.32
9131,WALM074,Weslaco,Home and lifestyle,75.0,1,13/06/20,9:55:00,Cash,7.0,0.33,75.0,24.75
9132,WALM046,Temple,Fashion accessories,79.0,2,08/05/20,12:05:00,Cash,7.0,0.48,158.0,75.84
9133,WALM084,Schertz,Home and lifestyle,73.0,3,01/08/21,14:43:00,Cash,7.0,0.33,219.0,72.27
9134,WALM082,Weslaco,Fashion accessories,73.0,1,13/08/22,8:33:00,Cash,7.0,0.33,73.0,24.09
9135,WALM075,San Marcos,Home and lifestyle,44.0,2,30/05/22,14:25:00,Cash,5.0,0.33,88.0,29.04
9136,WALM038,Sugar Land,Fashion accessories,73.0,2,06/12/20,15:33:00,Cash,4.0,0.48,146.0,70.08
9137,WALM074,Weslaco,Home and lifestyle,40.0,1,26/12/23,7:08:00,Cash,6.0,0.33,40.0,13.2
9138,WALM030,Richardson,Fashion accessories,72.0,3,03/10/22,6:16:00,Cash,3.0,0.48,216.0,103.68
9139,WALM055,Waxahachie,Home and lifestyle,63.0,2,11/01/23,7:39:00,Cash,4.0,0.33,126.0,41.58
9140,WALM046,Temple,Fashion accessories,35.0,3,29/03/21,16:17:00,Cash,6.0,0.48,105.0,50.4
9141,WALM046,Temple,Home and lifestyle,30.0,2,16/11/22,6:46:00,Cash,5.0,0.48,60.0,28.8
9142,WALM038,Sugar Land,Fashion accessories,22.0,2,30/01/22,6:46:00,Cash,7.0,0.48,44.0,21.12
9143,WALM074,Weslaco,Home and lifestyle,17.0,2,03/07/21,8:18:00,Cash,6.0,0.33,34.0,11.22
9144,WALM099,Weatherford,Fashion accessories,69.0,3,13/03/22,7:48:00,Cash,5.0,0.18,207.0,37.26
9145,WALM082,Weslaco,Home and lifestyle,63.0,1,13/04/23,10:50:00,Cash,3.0,0.33,63.0,20.79
9146,WALM082,Weslaco,Fashion accessories,38.0,3,10/11/23,9:41:00,Cash,3.0,0.33,114.0,37.62
9147,WALM054,Sherman,Home and lifestyle,40.0,1,26/01/20,15:08:00,Cash,4.0,0.21,40.0,8.4
9148,WALM032,Tyler,Fashion accessories,37.0,2,20/11/21,13:46:00,Cash,7.0,0.48,74.0,35.52
9149,WALM089,Southlake,Home and lifestyle,66.0,1,02/10/21,6:31:00,Cash,7.0,0.33,66.0,21.78
9150,WALM082,Weslaco,Fashion accessories,83.0,3,01/10/21,13:38:00,Cash,3.0,0.33,249.0,82.17
9151,WALM025,Waco,Home and lifestyle,60.0,2,08/06/21,12:32:00,Cash,7.0,0.48,120.0,57.6
9152,WALM055,Waxahachie,Fashion accessories,84.0,3,20/10/21,15:30:00,Cash,5.0,0.33,252.0,83.16
9153,WALM089,Southlake,Home and lifestyle,16.0,2,07/02/21,6:49:00,Cash,6.0,0.33,32.0,10.56
9154,WALM087,Waxahachie,Fashion accessories,84.0,3,20/11/22,9:06:00,Cash,5.0,0.33,252.0,83.16
9155,WALM038,Sugar Land,Home and lifestyle,70.0,2,30/01/20,13:35:00,Cash,5.0,0.48,140.0,67.2
9156,WALM029,Round Rock,Fashion accessories,40.0,1,05/03/21,11:39:00,Cash,3.0,0.48,40.0,19.2
9157,WALM056,Rowlett,Home and lifestyle,27.0,1,29/06/21,8:14:00,Cash,5.0,0.33,27.0,8.91
9158,WALM086,Rosenberg,Fashion accessories,73.0,3,25/03/20,13:49:00,Cash,3.0,0.33,219.0,72.27
9159,WALM073,Seguin,Home and lifestyle,35.0,3,03/10/23,16:19:00,Cash,4.0,0.33,105.0,34.65
9160,WALM054,Sherman,Fashion accessories,52.0,2,13/11/20,6:18:00,Cash,5.0,0.33,104.0,34.32
9161,WALM050,Victoria,Home and lifestyle,19.0,2,30/08/23,9:39:00,Credit card,6.0,0.48,38.0,18.24
9162,WALM075,San Marcos,Fashion accessories,38.0,3,19/01/21,16:45:00,Cash,7.0,0.33,114.0,37.62
9163,WALM069,Rockwall,Home and lifestyle,69.0,2,03/04/21,13:12:00,Cash,7.0,0.33,138.0,45.54
9164,WALM075,San Marcos,Fashion accessories,57.0,2,11/06/22,16:36:00,Cash,6.0,0.33,114.0,37.62
9165,WALM089,Southlake,Home and lifestyle,80.0,2,01/10/21,10:20:00,Cash,7.0,0.33,160.0,52.8
9166,WALM029,Round Rock,Fashion accessories,41.0,3,24/06/23,14:22:00,Cash,7.0,0.48,123.0,59.04
9167,WALM089,Southlake,Home and lifestyle,16.0,3,11/12/22,12:02:00,Cash,7.0,0.33,48.0,15.84
9168,WALM050,Victoria,Fashion accessories,60.0,1,17/07/23,15:13:00,Credit card,6.0,0.48,60.0,28.8
9169,WALM075,San Marcos,Home and lifestyle,26.0,1,19/07/21,9:14:00,Cash,7.0,0.33,26.0,8.58
9170,WALM082,Weslaco,Fashion accessories,22.0,3,20/08/20,13:33:00,Cash,7.0,0.33,66.0,21.78
9171,WALM009,Plano,Home and lifestyle,79.0,2,07/02/23,11:37:00,Cash,4.0,0.48,158.0,75.84
9172,WALM056,Rowlett,Fashion accessories,43.0,3,04/02/23,10:57:00,Cash,4.0,0.33,129.0,42.57
9173,WALM075,San Marcos,Home and lifestyle,44.0,1,20/11/23,12:23:00,Cash,5.0,0.33,44.0,14.52
9174,WALM058,Port Arthur,Fashion accessories,36.0,2,29/09/22,11:48:00,Cash,4.0,0.33,72.0,23.76
9175,WALM032,Tyler,Home and lifestyle,60.0,2,15/02/23,7:57:00,Cash,5.0,0.48,120.0,57.6
9176,WALM003,San Antonio,Fashion accessories,83.0,2,11/11/23,13:26:00,Cash,4.0,0.48,166.0,79.68
9177,WALM029,Round Rock,Home and lifestyle,81.0,2,22/12/21,14:54:00,Cash,4.0,0.48,162.0,77.76
9178,WALM055,Waxahachie,Fashion accessories,25.0,3,21/04/23,13:40:00,Cash,5.0,0.33,75.0,24.75
9179,WALM058,Port Arthur,Home and lifestyle,67.0,1,22/07/23,16:51:00,Cash,7.0,0.33,67.0,22.11
9180,WALM025,Waco,Fashion accessories,56.0,1,27/06/20,16:40:00,Cash,5.0,0.48,56.0,26.88
9181,WALM056,Rowlett,Home and lifestyle,43.0,2,27/05/21,13:56:00,Cash,3.0,0.33,86.0,28.38
9182,WALM046,Temple,Fashion accessories,23.0,3,31/10/23,15:39:00,Cash,7.0,0.48,69.0,33.12
9183,WALM038,Sugar Land,Home and lifestyle,50.0,1,04/01/20,8:16:00,Cash,7.0,0.48,50.0,24.0
9184,WALM086,Rosenberg,Fashion accessories,60.0,3,03/01/23,7:23:00,Cash,7.0,0.33,180.0,59.4
9185,WALM025,Waco,Home and lifestyle,28.0,1,07/11/21,11:44:00,Cash,3.0,0.48,28.0,13.44
9186,WALM087,Waxahachie,Fashion accessories,27.0,2,20/12/21,10:34:00,Cash,4.0,0.33,54.0,17.82
9187,WALM099,Weatherford,Home and lifestyle,48.0,3,18/10/21,13:43:00,Cash,6.0,0.18,144.0,25.92
9188,WALM029,Round Rock,Fashion accessories,54.0,3,09/02/21,11:42:00,Cash,6.0,0.48,162.0,77.76
9189,WALM058,Port Arthur,Home and lifestyle,37.0,1,12/05/21,9:00:00,Cash,3.0,0.33,37.0,12.21
9190,WALM089,Southlake,Fashion accessories,33.0,2,23/04/20,9:34:00,Cash,4.0,0.33,66.0,21.78
9191,WALM099,Weatherford,Home and lifestyle,74.0,2,29/01/23,7:51:00,Cash,7.0,0.18,148.0,26.64
9192,WALM038,Sugar Land,Fashion accessories,34.0,2,08/09/23,8:33:00,Cash,3.0,0.48,68.0,32.64
9193,WALM038,Sugar Land,Home and lifestyle,63.0,2,04/04/20,6:30:00,Cash,4.0,0.48,126.0,60.48
9194,WALM054,Sherman,Fashion accessories,39.0,3,19/04/20,7:21:00,Cash,7.0,0.33,117.0,38.61
9195,WALM046,Temple,Home and lifestyle,57.0,1,28/08/21,7:59:00,Cash,6.0,0.48,57.0,27.36
9196,WALM025,Waco,Fashion accessories,51.0,2,19/02/20,14:02:00,Cash,4.0,0.48,102.0,48.96
9197,WALM082,Weslaco,Home and lifestyle,40.0,2,02/03/21,14:40:00,Cash,4.0,0.33,80.0,26.4
9198,WALM087,Waxahachie,Fashion accessories,30.0,1,01/11/22,11:11:00,Cash,5.0,0.33,30.0,9.9
9199,WALM087,Waxahachie,Home and lifestyle,39.0,1,05/08/23,16:43:00,Cash,7.0,0.33,39.0,12.87
9200,WALM069,Rockwall,Fashion accessories,68.0,2,18/11/21,6:24:00,Cash,5.0,0.33,136.0,44.88
9201,WALM084,Schertz,Home and lifestyle,51.0,3,07/12/20,6:53:00,Cash,7.0,0.33,153.0,50.49
9202,WALM030,Richardson,Fashion accessories,19.0,2,14/01/22,16:32:00,Cash,6.0,0.48,38.0,18.24
9203,WALM035,San Angelo,Home and lifestyle,83.0,2,28/12/21,14:41:00,Cash,3.0,0.48,166.0,79.68
9204,WALM009,Plano,Fashion accessories,44.0,2,20/06/20,14:15:00,Cash,6.0,0.48,88.0,42.24
9205,WALM009,Plano,Home and lifestyle,46.0,3,01/11/20,10:00:00,Cash,5.0,0.48,138.0,66.24
9206,WALM035,San Angelo,Fashion accessories,45.0,3,18/01/21,14:29:00,Cash,5.0,0.48,135.0,64.8
9207,WALM054,Sherman,Home and lifestyle,76.0,2,27/03/22,13:00:00,Cash,3.0,0.21,152.0,31.92
9208,WALM009,Plano,Fashion accessories,61.0,2,16/05/21,11:44:00,Cash,4.0,0.48,122.0,58.56
9209,WALM050,Victoria,Home and lifestyle,35.0,3,17/01/22,6:56:00,Credit card,4.0,0.48,105.0,50.4
9210,WALM075,San Marcos,Fashion accessories,52.0,3,05/04/20,10:16:00,Cash,3.0,0.33,156.0,51.48
9211,WALM055,Waxahachie,Home and lifestyle,46.0,2,20/06/22,10:43:00,Cash,4.0,0.33,92.0,30.36
9212,WALM030,Richardson,Fashion accessories,36.0,2,07/03/20,7:25:00,Cash,3.0,0.48,72.0,34.56
9213,WALM046,Temple,Home and lifestyle,78.0,3,18/03/21,9:23:00,Cash,6.0,0.48,234.0,112.32
9214,WALM087,Waxahachie,Fashion accessories,23.0,3,16/02/22,13:35:00,Cash,4.0,0.33,69.0,22.77
9215,WALM009,Plano,Home and lifestyle,74.0,3,05/11/23,16:03:00,Cash,4.0,0.48,222.0,106.56
9216,WALM058,Port Arthur,Fashion accessories,71.0,1,05/02/22,7:43:00,Cash,6.0,0.33,71.0,23.43
9217,WALM055,Waxahachie,Home and lifestyle,45.0,3,28/11/20,13:02:00,Cash,5.0,0.33,135.0,44.55
9218,WALM003,San Antonio,Fashion accessories,79.0,2,28/06/21,13:16:00,Cash,3.0,0.48,158.0,75.84
9219,WALM075,San Marcos,Home and lifestyle,60.0,1,11/01/21,11:16:00,Cash,7.0,0.33,60.0,19.8
9220,WALM046,Temple,Fashion accessories,58.0,2,07/05/21,9:18:00,Cash,3.0,0.48,116.0,55.68
9221,WALM065,Texas City,Home and lifestyle,27.0,1,01/08/23,13:56:00,Cash,4.0,0.33,27.0,8.91
9222,WALM086,Rosenberg,Fashion accessories,69.0,1,21/12/20,10:19:00,Cash,5.0,0.33,69.0,22.77
9223,WALM046,Temple,Home and lifestyle,55.0,1,11/11/23,8:09:00,Cash,4.0,0.48,55.0,26.4
9224,WALM058,Port Arthur,Fashion accessories,79.0,2,03/05/21,9:56:00,Cash,6.0,0.33,158.0,52.14
9225,WALM035,San Angelo,Home and lifestyle,52.0,2,20/11/21,7:55:00,Cash,6.0,0.48,104.0,49.92
9226,WALM056,Rowlett,Fashion accessories,56.0,1,13/08/21,15:25:00,Cash,4.0,0.33,56.0,18.48
9227,WALM087,Waxahachie,Home and lifestyle,35.0,1,14/08/20,16:42:00,Cash,6.0,0.33,35.0,11.55
9228,WALM030,Richardson,Fashion accessories,23.0,3,30/11/22,13:40:00,Cash,7.0,0.48,69.0,33.12
9229,WALM082,Weslaco,Home and lifestyle,23.0,2,18/07/21,9:11:00,Cash,7.0,0.33,46.0,15.18
9230,WALM038,Sugar Land,Fashion accessories,38.0,1,27/04/21,15:15:00,Cash,7.0,0.48,38.0,18.24
9231,WALM029,Round Rock,Home and lifestyle,37.0,2,12/01/21,14:17:00,Cash,5.0,0.48,74.0,35.52
9232,WALM074,Weslaco,Fashion accessories,79.0,3,22/05/22,13:23:00,Cash,6.0,0.33,237.0,78.21
9233,WALM054,Sherman,Home and lifestyle,71.0,1,03/08/23,13:38:00,Cash,7.0,0.21,71.0,14.91
9234,WALM054,Sherman,Fashion accessories,59.0,1,29/08/22,10:21:00,Cash,4.0,0.33,59.0,19.47
9235,WALM084,Schertz,Home and lifestyle,21.0,1,14/10/20,14:29:00,Cash,5.0,0.33,21.0,6.93
9236,WALM058,Port Arthur,Fashion accessories,68.0,3,16/09/23,8:49:00,Cash,7.0,0.33,204.0,67.32
9237,WALM099,Weatherford,Home and lifestyle,41.0,2,16/12/22,10:07:00,Cash,4.0,0.18,82.0,14.76
9238,WALM038,Sugar Land,Fashion accessories,71.0,3,21/08/23,8:23:00,Cash,7.0,0.48,213.0,102.24
9239,WALM050,Victoria,Home and lifestyle,84.0,1,20/04/20,8:43:00,Credit card,5.0,0.48,84.0,40.32
9240,WALM099,Weatherford,Fashion accessories,26.0,2,28/08/23,16:43:00,Cash,3.0,0.18,52.0,9.36
9241,WALM099,Weatherford,Home and lifestyle,70.0,2,21/06/23,14:03:00,Cash,4.0,0.18,140.0,25.2
9242,WALM089,Southlake,Fashion accessories,79.0,3,17/07/23,9:32:00,Cash,7.0,0.33,237.0,78.21
9243,WALM086,Rosenberg,Home and lifestyle,31.0,3,19/09/22,6:46:00,Cash,7.0,0.33,93.0,30.69
9244,WALM046,Temple,Fashion accessories,54.0,1,24/05/21,9:19:00,Cash,4.0,0.48,54.0,25.92
9245,WALM035,San Angelo,Home and lifestyle,76.0,1,19/05/22,7:39:00,Cash,6.0,0.48,76.0,36.48
9246,WALM046,Temple,Fashion accessories,63.0,1,27/05/20,13:33:00,Cash,5.0,0.48,63.0,30.24
9247,WALM032,Tyler,Home and lifestyle,60.0,1,01/12/22,11:19:00,Cash,7.0,0.48,60.0,28.8
9248,WALM055,Waxahachie,Fashion accessories,30.0,2,23/11/21,16:10:00,Cash,3.0,0.33,60.0,19.8
9249,WALM099,Weatherford,Home and lifestyle,28.0,2,01/10/20,8:05:00,Cash,5.0,0.18,56.0,10.08
9250,WALM054,Sherman,Fashion accessories,50.0,3,29/08/20,11:45:00,Cash,5.0,0.33,150.0,49.5
9251,WALM082,Weslaco,Home and lifestyle,37.0,3,14/09/21,8:32:00,Cash,3.0,0.33,111.0,36.63
9252,WALM086,Rosenberg,Fashion accessories,41.0,3,01/05/23,6:26:00,Cash,7.0,0.33,123.0,40.59
9253,WALM065,Texas City,Home and lifestyle,79.0,3,07/05/20,11:06:00,Cash,4.0,0.33,237.0,78.21
9254,WALM087,Waxahachie,Fashion accessories,25.0,3,05/04/22,13:29:00,Cash,5.0,0.33,75.0,24.75
9255,WALM050,Victoria,Home and lifestyle,85.0,3,08/12/23,15:11:00,Credit card,7.0,0.48,255.0,122.4
9256,WALM087,Waxahachie,Fashion accessories,29.0,3,04/06/20,14:02:00,Cash,4.0,0.33,87.0,28.71
9257,WALM054,Sherman,Home and lifestyle,36.0,3,15/06/23,7:35:00,Cash,3.0,0.21,108.0,22.68
9258,WALM082,Weslaco,Fashion accessories,42.0,1,15/08/23,14:20:00,Cash,7.0,0.33,42.0,13.86
9259,WALM087,Waxahachie,Home and lifestyle,44.0,2,30/10/22,13:54:00,Cash,6.0,0.33,88.0,29.04
9260,WALM025,Waco,Fashion accessories,69.0,3,13/02/21,10:23:00,Cash,6.0,0.48,207.0,99.36
9261,WALM030,Richardson,Home and lifestyle,67.0,2,11/12/20,11:12:00,Cash,3.0,0.48,134.0,64.32
9262,WALM069,Rockwall,Fashion accessories,60.0,1,24/09/23,13:56:00,Cash,5.0,0.33,60.0,19.8
9263,WALM055,Waxahachie,Home and lifestyle,32.0,2,17/11/20,14:46:00,Cash,7.0,0.33,64.0,21.12
9264,WALM032,Tyler,Fashion accessories,71.0,1,09/06/20,11:25:00,Cash,6.0,0.48,71.0,34.08
9265,WALM056,Rowlett,Home and lifestyle,34.0,2,15/04/23,7:58:00,Cash,4.0,0.33,68.0,22.44
9266,WALM075,San Marcos,Fashion accessories,28.0,2,05/08/22,12:14:00,Cash,5.0,0.33,56.0,18.48
9267,WALM082,Weslaco,Home and lifestyle,75.0,2,04/10/20,7:25:00,Cash,7.0,0.33,150.0,49.5
9268,WALM074,Weslaco,Fashion accessories,70.0,2,07/04/21,15:49:00,Cash,7.0,0.33,140.0,46.2
9269,WALM050,Victoria,Home and lifestyle,79.0,3,07/05/23,16:29:00,Credit card,6.0,0.48,237.0,113.76
9270,WALM050,Victoria,Fashion accessories,80.0,1,26/08/22,12:35:00,Credit card,4.0,0.48,80.0,38.4
9271,WALM082,Weslaco,Home and lifestyle,20.0,3,05/07/20,10:19:00,Cash,4.0,0.33,60.0,19.8
9272,WALM030,Richardson,Fashion accessories,28.0,1,17/09/23,12:15:00,Cash,4.0,0.48,28.0,13.44
9273,WALM075,San Marcos,Home and lifestyle,66.0,1,16/01/21,9:22:00,Cash,4.0,0.33,66.0,21.78
9274,WALM032,Tyler,Fashion accessories,33.0,2,30/04/23,8:00:00,Cash,7.0,0.48,66.0,31.68
9275,WALM054,Sherman,Home and lifestyle,65.0,1,28/01/23,15:11:00,Cash,5.0,0.21,65.0,13.65
9276,WALM082,Weslaco,Fashion accessories,43.0,1,04/07/23,12:55:00,Cash,7.0,0.33,43.0,14.19
9277,WALM035,San Angelo,Home and lifestyle,37.0,2,27/12/20,12:57:00,Cash,5.0,0.48,74.0,35.52
9278,WALM025,Waco,Fashion accessories,84.0,2,21/09/20,16:34:00,Cash,7.0,0.48,168.0,80.64
9279,WALM084,Schertz,Home and lifestyle,66.0,1,03/04/23,10:56:00,Cash,7.0,0.33,66.0,21.78
9280,WALM003,San Antonio,Fashion accessories,18.0,3,28/07/20,15:22:00,Cash,7.0,0.48,54.0,25.92
9281,WALM075,San Marcos,Home and lifestyle,71.0,3,20/06/23,11:57:00,Cash,4.0,0.33,213.0,70.29
9282,WALM025,Waco,Fashion accessories,57.0,1,26/11/23,8:10:00,Cash,7.0,0.48,57.0,27.36
9283,WALM046,Temple,Home and lifestyle,55.0,1,23/08/23,14:45:00,Cash,3.0,0.48,55.0,26.4
9284,WALM009,Plano,Fashion accessories,24.0,3,20/09/21,8:19:00,Cash,7.0,0.48,72.0,34.56
9285,WALM082,Weslaco,Home and lifestyle,22.0,3,17/08/22,14:56:00,Cash,3.0,0.33,66.0,21.78
9286,WALM046,Temple,Fashion accessories,75.0,2,24/07/22,16:26:00,Cash,6.0,0.48,150.0,72.0
9287,WALM073,Seguin,Home and lifestyle,45.0,1,04/06/20,8:18:00,Cash,5.0,0.33,45.0,14.85
9288,WALM069,Rockwall,Fashion accessories,29.0,3,31/07/20,15:05:00,Cash,5.0,0.33,87.0,28.71
9289,WALM073,Seguin,Home and lifestyle,19.0,1,26/06/23,10:26:00,Cash,7.0,0.33,19.0,6.27
9290,WALM054,Sherman,Fashion accessories,34.0,3,27/11/22,16:38:00,Cash,6.0,0.33,102.0,33.66
9291,WALM025,Waco,Home and lifestyle,63.0,1,09/10/22,14:41:00,Cash,3.0,0.48,63.0,30.24
9292,WALM035,San Angelo,Fashion accessories,64.0,3,23/06/23,11:01:00,Cash,4.0,0.48,192.0,92.16
9293,WALM086,Rosenberg,Home and lifestyle,56.0,3,01/03/21,13:19:00,Cash,7.0,0.33,168.0,55.44
9294,WALM009,Plano,Fashion accessories,54.0,1,07/06/23,10:21:00,Cash,6.0,0.48,54.0,25.92
9295,WALM089,Southlake,Home and lifestyle,85.0,3,11/01/21,12:16:00,Cash,3.0,0.33,255.0,84.15
9296,WALM025,Waco,Fashion accessories,29.0,2,03/11/21,16:33:00,Cash,6.0,0.48,58.0,27.84
9297,WALM074,Weslaco,Home and lifestyle,24.0,3,05/11/23,7:33:00,Cash,6.0,0.33,72.0,23.76
9298,WALM089,Southlake,Fashion accessories,18.0,1,02/07/22,16:08:00,Cash,4.0,0.33,18.0,5.94
9299,WALM035,San Angelo,Home and lifestyle,37.0,3,26/11/20,13:21:00,Cash,4.0,0.48,111.0,53.28
9300,WALM075,San Marcos,Fashion accessories,68.0,1,12/02/21,11:56:00,Cash,3.0,0.33,68.0,22.44
9301,WALM084,Schertz,Home and lifestyle,41.0,2,13/04/21,14:09:00,Cash,4.0,0.33,82.0,27.06
9302,WALM075,San Marcos,Fashion accessories,59.0,3,04/11/22,15:39:00,Cash,6.0,0.33,177.0,58.41
9303,WALM035,San Angelo,Home and lifestyle,73.0,1,05/10/23,16:30:00,Cash,4.0,0.48,73.0,35.04
9304,WALM075,San Marcos,Fashion accessories,74.0,2,02/05/23,8:48:00,Cash,4.0,0.33,148.0,48.84
9305,WALM032,Tyler,Home and lifestyle,78.0,3,24/01/20,11:34:00,Cash,7.0,0.48,234.0,112.32
9306,WALM099,Weatherford,Fashion accessories,55.0,3,10/05/22,10:43:00,Cash,5.0,0.18,165.0,29.7
9307,WALM082,Weslaco,Home and lifestyle,45.0,3,22/02/21,13:06:00,Cash,5.0,0.33,135.0,44.55
9308,WALM056,Rowlett,Fashion accessories,65.0,3,15/12/23,7:36:00,Cash,5.0,0.33,195.0,64.35
9309,WALM099,Weatherford,Home and lifestyle,19.0,2,19/09/23,14:56:00,Cash,7.0,0.18,38.0,6.84
9310,WALM058,Port Arthur,Fashion accessories,54.0,3,10/09/22,7:30:00,Cash,3.0,0.33,162.0,53.46
9311,WALM074,Weslaco,Home and lifestyle,74.0,1,23/02/20,13:30:00,Cash,4.0,0.33,74.0,24.42
9312,WALM074,Weslaco,Fashion accessories,44.0,3,22/10/22,9:06:00,Cash,3.0,0.33,132.0,43.56
9313,WALM069,Rockwall,Home and lifestyle,21.0,3,18/01/23,9:11:00,Cash,4.0,0.33,63.0,20.79
9314,WALM029,Round Rock,Fashion accessories,38.0,1,09/07/20,10:33:00,Cash,6.0,0.48,38.0,18.24
9315,WALM075,San Marcos,Home and lifestyle,82.0,3,09/02/21,9:15:00,Cash,5.0,0.33,246.0,81.18
9316,WALM029,Round Rock,Fashion accessories,74.0,1,26/10/23,12:34:00,Cash,4.0,0.48,74.0,35.52
9317,WALM029,Round Rock,Home and lifestyle,21.0,2,17/06/22,9:32:00,Cash,5.0,0.48,42.0,20.16
9318,WALM069,Rockwall,Fashion accessories,76.0,1,23/12/23,10:13:00,Cash,3.0,0.33,76.0,25.08
9319,WALM069,Rockwall,Home and lifestyle,16.0,1,03/07/23,12:50:00,Cash,3.0,0.33,16.0,5.28
9320,WALM025,Waco,Fashion accessories,76.0,3,20/08/23,6:30:00,Cash,7.0,0.48,228.0,109.44
9321,WALM025,Waco,Home and lifestyle,53.0,1,02/07/22,12:06:00,Cash,6.0,0.48,53.0,25.44
9322,WALM075,San Marcos,Fashion accessories,81.0,1,27/11/21,11:27:00,Cash,6.0,0.33,81.0,26.73
9323,WALM055,Waxahachie,Home and lifestyle,47.0,2,22/09/21,11:30:00,Cash,5.0,0.33,94.0,31.02
9324,WALM082,Weslaco,Fashion accessories,75.0,1,15/04/22,10:33:00,Cash,3.0,0.33,75.0,24.75
9325,WALM086,Rosenberg,Home and lifestyle,15.0,3,10/05/21,16:45:00,Cash,6.0,0.33,45.0,14.85
9326,WALM055,Waxahachie,Fashion accessories,58.0,2,20/09/23,6:59:00,Cash,7.0,0.33,116.0,38.28
9327,WALM003,San Antonio,Home and lifestyle,71.0,2,24/01/21,11:57:00,Cash,5.0,0.48,142.0,68.16
9328,WALM025,Waco,Fashion accessories,62.0,1,03/11/21,10:00:00,Cash,7.0,0.48,62.0,29.76
9329,WALM056,Rowlett,Home and lifestyle,57.0,1,23/09/20,7:20:00,Cash,3.0,0.33,57.0,18.81
9330,WALM046,Temple,Fashion accessories,59.0,3,02/07/21,10:12:00,Cash,4.0,0.48,177.0,84.96
9331,WALM082,Weslaco,Home and lifestyle,17.0,3,13/12/22,12:18:00,Cash,4.0,0.33,51.0,16.83
9332,WALM099,Weatherford,Fashion accessories,56.0,1,18/07/23,11:00:00,Cash,7.0,0.18,56.0,10.08
9333,WALM054,Sherman,Home and lifestyle,68.0,3,22/05/20,7:34:00,Cash,7.0,0.21,204.0,42.84
9334,WALM056,Rowlett,Fashion accessories,61.0,3,09/04/21,8:56:00,Cash,5.0,0.33,183.0,60.39
9335,WALM029,Round Rock,Home and lifestyle,24.0,3,02/05/23,7:06:00,Cash,4.0,0.48,72.0,34.56
9336,WALM009,Plano,Fashion accessories,72.0,2,10/08/23,9:51:00,Cash,4.0,0.48,144.0,69.12
9337,WALM089,Southlake,Home and lifestyle,36.0,1,27/06/21,11:54:00,Cash,5.0,0.33,36.0,11.88
9338,WALM029,Round Rock,Fashion accessories,19.0,1,02/10/20,14:18:00,Cash,6.0,0.48,19.0,9.12
9339,WALM074,Weslaco,Home and lifestyle,50.0,1,23/03/21,6:34:00,Cash,7.0,0.33,50.0,16.5
9340,WALM069,Rockwall,Fashion accessories,83.0,2,24/05/20,11:08:00,Cash,3.0,0.33,166.0,54.78
9341,WALM086,Rosenberg,Home and lifestyle,84.0,2,27/01/20,12:23:00,Cash,3.0,0.33,168.0,55.44
9342,WALM082,Weslaco,Fashion accessories,80.0,1,07/05/21,10:29:00,Cash,7.0,0.33,80.0,26.4
9343,WALM086,Rosenberg,Home and lifestyle,19.0,2,26/04/21,9:14:00,Cash,7.0,0.33,38.0,12.54
9344,WALM073,Seguin,Fashion accessories,69.0,1,08/09/22,13:23:00,Cash,7.0,0.33,69.0,22.77
9345,WALM054,Sherman,Home and lifestyle,63.0,2,30/03/22,10:28:00,Cash,3.0,0.21,126.0,26.46
9346,WALM050,Victoria,Fashion accessories,72.0,2,16/04/20,10:49:00,Credit card,6.0,0.48,144.0,69.12
9347,WALM009,Plano,Home and lifestyle,34.0,2,13/02/23,16:10:00,Cash,6.0,0.48,68.0,32.64
9348,WALM038,Sugar Land,Fashion accessories,32.0,3,24/05/20,7:49:00,Cash,7.0,0.48,96.0,46.08
9349,WALM058,Port Arthur,Home and lifestyle,40.0,2,31/12/20,11:16:00,Cash,4.0,0.33,80.0,26.4
9350,WALM035,San Angelo,Fashion accessories,60.0,2,11/11/20,7:13:00,Cash,3.0,0.48,120.0,57.6
9351,WALM087,Waxahachie,Home and lifestyle,19.0,3,24/04/20,11:23:00,Cash,7.0,0.33,57.0,18.81
9352,WALM032,Tyler,Fashion accessories,70.0,1,22/06/22,14:54:00,Cash,3.0,0.48,70.0,33.6
9353,WALM030,Richardson,Home and lifestyle,47.0,3,24/01/23,15:24:00,Cash,3.0,0.48,141.0,67.68
9354,WALM030,Richardson,Fashion accessories,61.0,2,27/04/20,15:32:00,Cash,3.0,0.48,122.0,58.56
9355,WALM035,San Angelo,Home and lifestyle,31.0,2,15/09/23,16:28:00,Cash,5.0,0.48,62.0,29.76
9356,WALM054,Sherman,Fashion accessories,50.0,1,12/10/21,13:12:00,Cash,5.0,0.33,50.0,16.5
9357,WALM029,Round Rock,Home and lifestyle,82.0,3,24/07/21,13:37:00,Cash,7.0,0.48,246.0,118.08
9358,WALM099,Weatherford,Fashion accessories,47.0,3,07/11/22,13:03:00,Cash,6.0,0.18,141.0,25.38
9359,WALM055,Waxahachie,Home and lifestyle,63.0,2,20/12/20,13:00:00,Cash,3.0,0.33,126.0,41.58
9360,WALM009,Plano,Fashion accessories,82.0,3,19/07/23,7:08:00,Cash,4.0,0.48,246.0,118.08
9361,WALM075,San Marcos,Home and lifestyle,77.0,3,17/10/21,11:33:00,Cash,4.0,0.33,231.0,76.23
9362,WALM009,Plano,Fashion accessories,83.0,3,14/10/23,11:42:00,Cash,5.0,0.48,249.0,119.52
9363,WALM050,Victoria,Home and lifestyle,60.0,2,29/03/20,15:06:00,Credit card,7.0,0.48,120.0,57.6
9364,WALM084,Schertz,Fashion accessories,46.0,1,26/12/22,14:18:00,Cash,6.0,0.33,46.0,15.18
9365,WALM054,Sherman,Home and lifestyle,56.0,3,22/09/20,9:11:00,Cash,7.0,0.21,168.0,35.28
9366,WALM065,Texas City,Fashion accessories,67.0,3,13/06/23,7:29:00,Cash,6.0,0.33,201.0,66.33
9367,WALM038,Sugar Land,Home and lifestyle,66.0,2,05/05/23,8:05:00,Cash,4.0,0.48,132.0,63.36
9368,WALM038,Sugar Land,Fashion accessories,15.0,3,14/05/22,14:43:00,Cash,6.0,0.48,45.0,21.6
9369,WALM086,Rosenberg,Home and lifestyle,68.0,1,17/11/20,9:09:00,Cash,5.0,0.33,68.0,22.44
9370,WALM029,Round Rock,Fashion accessories,53.0,1,01/01/23,12:46:00,Cash,6.0,0.48,53.0,25.44
9371,WALM082,Weslaco,Home and lifestyle,84.0,1,21/05/20,9:39:00,Cash,7.0,0.33,84.0,27.72
9372,WALM086,Rosenberg,Fashion accessories,29.0,1,14/11/23,7:57:00,Cash,3.0,0.33,29.0,9.57
9373,WALM099,Weatherford,Home and lifestyle,79.0,3,07/09/23,15:16:00,Cash,6.0,0.18,237.0,42.66
9374,WALM056,Rowlett,Fashion accessories,41.0,3,25/08/23,7:05:00,Cash,4.0,0.33,123.0,40.59
9375,WALM073,Seguin,Home and lifestyle,40.0,2,21/04/23,6:46:00,Cash,4.0,0.33,80.0,26.4
9376,WALM086,Rosenberg,Fashion accessories,17.0,3,27/07/21,11:30:00,Cash,3.0,0.33,51.0,16.83
9377,WALM089,Southlake,Home and lifestyle,76.0,1,05/01/20,14:13:00,Cash,5.0,0.33,76.0,25.08
9378,WALM056,Rowlett,Fashion accessories,30.0,1,22/09/23,6:09:00,Cash,5.0,0.33,30.0,9.9
9379,WALM054,Sherman,Home and lifestyle,46.0,1,30/04/22,14:42:00,Cash,5.0,0.21,46.0,9.66
9380,WALM087,Waxahachie,Fashion accessories,23.0,1,15/12/21,11:49:00,Cash,7.0,0.33,23.0,7.59
9381,WALM073,Seguin,Home and lifestyle,63.0,2,07/10/23,6:44:00,Cash,7.0,0.33,126.0,41.58
9382,WALM029,Round Rock,Fashion accessories,71.0,3,28/01/23,14:10:00,Cash,5.0,0.48,213.0,102.24
9383,WALM065,Texas City,Home and lifestyle,83.0,2,12/08/22,9:06:00,Cash,6.0,0.33,166.0,54.78
9384,WALM058,Port Arthur,Fashion accessories,52.0,2,16/04/22,12:11:00,Cash,3.0,0.33,104.0,34.32
9385,WALM089,Southlake,Home and lifestyle,56.0,3,22/01/22,7:05:00,Cash,3.0,0.33,168.0,55.44
9386,WALM055,Waxahachie,Fashion accessories,59.0,2,02/02/22,6:50:00,Cash,4.0,0.33,118.0,38.94
9387,WALM046,Temple,Home and lifestyle,62.0,3,22/12/20,6:37:00,Cash,4.0,0.48,186.0,89.28
9388,WALM003,San Antonio,Fashion accessories,72.0,3,07/04/20,14:21:00,Cash,6.0,0.48,216.0,103.68
9389,WALM032,Tyler,Home and lifestyle,27.0,1,07/02/22,8:35:00,Cash,7.0,0.48,27.0,12.96
9390,WALM099,Weatherford,Fashion accessories,83.0,3,13/11/22,14:55:00,Cash,6.0,0.18,249.0,44.82
9391,WALM084,Schertz,Home and lifestyle,29.0,3,01/10/21,7:26:00,Cash,7.0,0.33,87.0,28.71
9392,WALM075,San Marcos,Fashion accessories,28.0,2,30/11/21,9:46:00,Cash,4.0,0.33,56.0,18.48
9393,WALM050,Victoria,Home and lifestyle,62.0,3,26/08/20,12:37:00,Credit card,5.0,0.48,186.0,89.28
9394,WALM046,Temple,Fashion accessories,29.0,1,08/12/22,14:33:00,Cash,4.0,0.48,29.0,13.92
9395,WALM084,Schertz,Home and lifestyle,28.0,1,29/04/22,7:44:00,Cash,4.0,0.33,28.0,9.24
9396,WALM003,San Antonio,Fashion accessories,59.0,3,26/09/23,11:01:00,Cash,5.0,0.48,177.0,84.96
9397,WALM084,Schertz,Home and lifestyle,17.0,1,09/04/20,16:36:00,Cash,6.0,0.33,17.0,5.61
9398,WALM065,Texas City,Fashion accessories,66.0,3,22/01/23,15:27:00,Cash,4.0,0.33,198.0,65.34
9399,WALM084,Schertz,Home and lifestyle,80.0,1,20/06/21,16:38:00,Cash,4.0,0.33,80.0,26.4
9400,WALM032,Tyler,Fashion accessories,33.0,3,30/03/23,15:38:00,Cash,5.0,0.48,99.0,47.52
9401,WALM075,San Marcos,Home and lifestyle,62.0,3,12/07/23,13:29:00,Cash,5.0,0.33,186.0,61.38
9402,WALM029,Round Rock,Fashion accessories,55.0,2,30/04/22,10:56:00,Cash,7.0,0.48,110.0,52.8
9403,WALM087,Waxahachie,Home and lifestyle,59.0,1,07/12/23,9:08:00,Cash,5.0,0.33,59.0,19.47
9404,WALM086,Rosenberg,Fashion accessories,16.0,1,03/02/21,16:44:00,Cash,3.0,0.33,16.0,5.28
9405,WALM099,Weatherford,Home and lifestyle,58.0,1,03/09/21,11:45:00,Cash,7.0,0.18,58.0,10.44
9406,WALM084,Schertz,Fashion accessories,67.0,2,29/06/23,9:53:00,Cash,6.0,0.33,134.0,44.22
9407,WALM065,Texas City,Home and lifestyle,38.0,3,12/04/23,16:27:00,Cash,3.0,0.33,114.0,37.62
9408,WALM065,Texas City,Fashion accessories,20.0,3,08/01/20,15:39:00,Cash,6.0,0.33,60.0,19.8
9409,WALM074,Weslaco,Home and lifestyle,29.0,2,28/06/22,11:51:00,Cash,7.0,0.33,58.0,19.14
9410,WALM058,Port Arthur,Fashion accessories,55.0,1,09/09/23,10:14:00,Cash,3.0,0.33,55.0,18.15
9411,WALM009,Plano,Home and lifestyle,33.0,2,27/05/20,15:23:00,Cash,5.0,0.48,66.0,31.68
9412,WALM003,San Antonio,Fashion accessories,52.0,3,20/12/20,6:58:00,Cash,5.0,0.48,156.0,74.88
9413,WALM065,Texas City,Home and lifestyle,37.0,3,21/02/22,11:07:00,Cash,3.0,0.33,111.0,36.63
9414,WALM003,San Antonio,Fashion accessories,39.0,2,16/07/20,8:15:00,Cash,4.0,0.48,78.0,37.44
9415,WALM086,Rosenberg,Home and lifestyle,22.0,1,20/03/22,16:45:00,Cash,6.0,0.33,22.0,7.26
9416,WALM074,Weslaco,Fashion accessories,54.0,1,16/02/20,16:33:00,Cash,4.0,0.33,54.0,17.82
9417,WALM029,Round Rock,Home and lifestyle,50.0,3,27/09/21,12:59:00,Cash,7.0,0.48,150.0,72.0
9418,WALM054,Sherman,Fashion accessories,62.0,2,10/05/20,11:03:00,Cash,7.0,0.33,124.0,40.92
9419,WALM065,Texas City,Home and lifestyle,37.0,1,27/05/22,11:53:00,Cash,4.0,0.33,37.0,12.21
9420,WALM030,Richardson,Fashion accessories,70.0,2,06/04/21,13:27:00,Cash,6.0,0.48,140.0,67.2
9421,WALM050,Victoria,Home and lifestyle,62.0,2,06/04/20,11:01:00,Credit card,7.0,0.48,124.0,59.52
9422,WALM054,Sherman,Fashion accessories,44.0,2,09/10/22,12:39:00,Cash,7.0,0.33,88.0,29.04
9423,WALM073,Seguin,Home and lifestyle,30.0,2,29/01/20,13:02:00,Cash,7.0,0.33,60.0,19.8
9424,WALM038,Sugar Land,Fashion accessories,66.0,1,08/12/20,6:58:00,Cash,4.0,0.48,66.0,31.68
9425,WALM009,Plano,Home and lifestyle,16.0,1,05/05/20,8:50:00,Cash,7.0,0.48,16.0,7.68
9426,WALM099,Weatherford,Fashion accessories,84.0,2,05/04/20,6:36:00,Cash,5.0,0.18,168.0,30.24
9427,WALM054,Sherman,Home and lifestyle,25.0,3,29/09/23,9:24:00,Cash,6.0,0.21,75.0,15.75
9428,WALM050,Victoria,Fashion accessories,39.0,2,28/05/20,13:56:00,Credit card,5.0,0.48,78.0,37.44
9429,WALM032,Tyler,Home and lifestyle,44.0,1,20/06/22,7:37:00,Cash,7.0,0.48,44.0,21.12
9430,WALM086,Rosenberg,Fashion accessories,48.0,3,19/01/21,16:37:00,Cash,4.0,0.33,144.0,47.52
9431,WALM038,Sugar Land,Home and lifestyle,57.0,2,11/08/22,8:51:00,Cash,3.0,0.48,114.0,54.72
9432,WALM087,Waxahachie,Fashion accessories,16.0,2,14/11/23,16:41:00,Cash,4.0,0.33,32.0,10.56
9433,WALM056,Rowlett,Home and lifestyle,50.0,3,17/01/21,8:20:00,Cash,5.0,0.33,150.0,49.5
9434,WALM035,San Angelo,Fashion accessories,85.0,3,01/04/23,14:32:00,Cash,5.0,0.48,255.0,122.4
9435,WALM099,Weatherford,Home and lifestyle,53.0,2,24/08/21,7:12:00,Cash,5.0,0.18,106.0,19.08
9436,WALM055,Waxahachie,Fashion accessories,75.0,3,11/03/21,15:59:00,Cash,7.0,0.33,225.0,74.25
9437,WALM087,Waxahachie,Home and lifestyle,69.0,2,19/02/20,16:33:00,Cash,5.0,0.33,138.0,45.54
9438,WALM086,Rosenberg,Fashion accessories,34.0,3,09/04/22,9:26:00,Cash,4.0,0.33,102.0,33.66
9439,WALM075,San Marcos,Home and lifestyle,56.0,2,04/10/21,7:21:00,Cash,7.0,0.33,112.0,36.96
9440,WALM086,Rosenberg,Fashion accessories,54.0,3,19/07/22,6:54:00,Cash,5.0,0.33,162.0,53.46
9441,WALM065,Texas City,Home and lifestyle,37.0,2,03/08/23,15:02:00,Cash,4.0,0.33,74.0,24.42
9442,WALM058,Port Arthur,Fashion accessories,55.0,2,24/02/22,15:37:00,Cash,5.0,0.33,110.0,36.3
9443,WALM089,Southlake,Home and lifestyle,20.0,1,22/05/21,15:16:00,Cash,4.0,0.33,20.0,6.6
9444,WALM055,Waxahachie,Fashion accessories,44.0,1,01/10/21,13:03:00,Cash,3.0,0.33,44.0,14.52
9445,WALM065,Texas City,Home and lifestyle,68.0,2,28/07/23,13:06:00,Cash,7.0,0.33,136.0,44.88
9446,WALM082,Weslaco,Fashion accessories,71.0,3,06/10/21,9:06:00,Cash,3.0,0.33,213.0,70.29
9447,WALM029,Round Rock,Home and lifestyle,52.0,1,29/06/23,9:48:00,Cash,4.0,0.48,52.0,24.96
9448,WALM086,Rosenberg,Fashion accessories,77.0,3,13/09/20,12:54:00,Cash,7.0,0.33,231.0,76.23
9449,WALM058,Port Arthur,Home and lifestyle,52.0,2,28/04/23,16:27:00,Cash,3.0,0.33,104.0,34.32
9450,WALM054,Sherman,Fashion accessories,28.0,3,11/08/21,16:53:00,Cash,7.0,0.33,84.0,27.72
9451,WALM054,Sherman,Home and lifestyle,51.0,2,08/04/20,7:14:00,Cash,6.0,0.21,102.0,21.42
9452,WALM030,Richardson,Fashion accessories,82.0,2,15/07/22,8:25:00,Cash,5.0,0.48,164.0,78.72
9453,WALM069,Rockwall,Home and lifestyle,62.0,3,23/04/22,6:03:00,Cash,3.0,0.33,186.0,61.38
9454,WALM089,Southlake,Fashion accessories,15.0,3,24/10/21,16:06:00,Cash,6.0,0.33,45.0,14.85
9455,WALM065,Texas City,Home and lifestyle,69.0,3,24/12/20,16:02:00,Cash,3.0,0.33,207.0,68.31
9456,WALM003,San Antonio,Fashion accessories,64.0,1,27/11/20,15:50:00,Cash,6.0,0.48,64.0,30.72
9457,WALM009,Plano,Home and lifestyle,20.0,2,09/05/23,14:21:00,Cash,7.0,0.48,40.0,19.2
9458,WALM086,Rosenberg,Fashion accessories,47.0,1,29/03/22,12:42:00,Cash,4.0,0.33,47.0,15.51
9459,WALM038,Sugar Land,Home and lifestyle,33.0,1,25/06/23,14:42:00,Cash,5.0,0.48,33.0,15.84
9460,WALM086,Rosenberg,Fashion accessories,72.0,1,08/08/23,7:28:00,Cash,5.0,0.33,72.0,23.76
9461,WALM069,Rockwall,Home and lifestyle,73.0,3,11/01/21,9:44:00,Cash,4.0,0.33,219.0,72.27
9462,WALM056,Rowlett,Fashion accessories,22.0,1,03/02/21,6:39:00,Cash,7.0,0.33,22.0,7.26
9463,WALM032,Tyler,Home and lifestyle,18.0,1,11/01/20,13:49:00,Cash,3.0,0.48,18.0,8.64
9464,WALM099,Weatherford,Fashion accessories,30.0,1,23/12/21,16:18:00,Cash,6.0,0.18,30.0,5.4
9465,WALM099,Weatherford,Home and lifestyle,36.0,2,06/01/21,13:22:00,Cash,3.0,0.18,72.0,12.96
9466,WALM086,Rosenberg,Fashion accessories,82.0,3,02/08/22,9:31:00,Cash,6.0,0.33,246.0,81.18
9467,WALM038,Sugar Land,Home and lifestyle,40.0,3,26/03/23,13:30:00,Cash,6.0,0.48,120.0,57.6
9468,WALM075,San Marcos,Fashion accessories,81.0,2,02/01/23,9:39:00,Cash,5.0,0.33,162.0,53.46
9469,WALM050,Victoria,Home and lifestyle,26.0,1,03/01/21,13:52:00,Credit card,5.0,0.48,26.0,12.48
9470,WALM073,Seguin,Fashion accessories,49.0,3,11/07/21,8:44:00,Cash,7.0,0.33,147.0,48.51
9471,WALM087,Waxahachie,Home and lifestyle,53.0,3,07/08/22,9:20:00,Cash,7.0,0.33,159.0,52.47
9472,WALM069,Rockwall,Fashion accessories,28.0,2,15/03/21,16:27:00,Cash,7.0,0.33,56.0,18.48
9473,WALM029,Round Rock,Home and lifestyle,64.0,2,19/03/22,11:17:00,Cash,6.0,0.48,128.0,61.44
9474,WALM075,San Marcos,Fashion accessories,24.0,3,30/08/22,12:44:00,Cash,3.0,0.33,72.0,23.76
9475,WALM084,Schertz,Home and lifestyle,71.0,3,21/02/20,9:13:00,Cash,5.0,0.33,213.0,70.29
9476,WALM082,Weslaco,Fashion accessories,34.0,2,29/03/21,8:08:00,Cash,4.0,0.33,68.0,22.44
9477,WALM038,Sugar Land,Home and lifestyle,50.0,1,19/09/23,15:17:00,Cash,5.0,0.48,50.0,24.0
9478,WALM035,San Angelo,Fashion accessories,38.0,2,07/12/22,10:15:00,Cash,6.0,0.48,76.0,36.48
9479,WALM038,Sugar Land,Home and lifestyle,59.0,1,16/10/23,13:00:00,Cash,7.0,0.48,59.0,28.32
9480,WALM099,Weatherford,Fashion accessories,37.0,1,19/04/20,9:20:00,Cash,3.0,0.18,37.0,6.66
9481,WALM084,Schertz,Home and lifestyle,28.0,2,09/09/23,11:48:00,Cash,7.0,0.33,56.0,18.48
9482,WALM086,Rosenberg,Fashion accessories,16.0,2,30/06/23,6:22:00,Cash,6.0,0.33,32.0,10.56
9483,WALM074,Weslaco,Home and lifestyle,50.0,1,26/05/22,11:52:00,Cash,5.0,0.33,50.0,16.5
9484,WALM056,Rowlett,Fashion accessories,39.0,1,29/09/22,11:40:00,Cash,4.0,0.33,39.0,12.87
9485,WALM087,Waxahachie,Home and lifestyle,67.0,2,10/04/21,15:13:00,Cash,5.0,0.33,134.0,44.22
9486,WALM099,Weatherford,Fashion accessories,16.0,1,22/02/22,16:41:00,Cash,7.0,0.18,16.0,2.88
9487,WALM035,San Angelo,Home and lifestyle,21.0,3,31/08/20,6:20:00,Cash,6.0,0.48,63.0,30.24
9488,WALM058,Port Arthur,Fashion accessories,22.0,3,03/09/23,11:26:00,Cash,7.0,0.33,66.0,21.78
9489,WALM082,Weslaco,Home and lifestyle,80.0,2,06/03/21,10:22:00,Cash,3.0,0.33,160.0,52.8
9490,WALM084,Schertz,Fashion accessories,61.0,3,30/08/21,13:49:00,Cash,3.0,0.33,183.0,60.39
9491,WALM009,Plano,Home and lifestyle,23.0,1,21/03/23,12:02:00,Cash,7.0,0.48,23.0,11.04
9492,WALM069,Rockwall,Fashion accessories,71.0,3,19/08/21,11:46:00,Cash,7.0,0.33,213.0,70.29
9493,WALM032,Tyler,Home and lifestyle,82.0,3,02/11/21,15:24:00,Cash,3.0,0.48,246.0,118.08
9494,WALM046,Temple,Fashion accessories,45.0,3,15/05/20,7:28:00,Cash,3.0,0.48,135.0,64.8
9495,WALM089,Southlake,Home and lifestyle,80.0,1,04/01/21,13:04:00,Cash,7.0,0.33,80.0,26.4
9496,WALM099,Weatherford,Fashion accessories,67.0,2,08/01/22,9:18:00,Cash,7.0,0.18,134.0,24.12
9497,WALM087,Waxahachie,Home and lifestyle,60.0,1,04/01/22,13:53:00,Cash,4.0,0.33,60.0,19.8
9498,WALM065,Texas City,Fashion accessories,20.0,3,05/04/20,7:46:00,Cash,7.0,0.33,60.0,19.8
9499,WALM074,Weslaco,Home and lifestyle,22.0,2,11/03/22,9:27:00,Cash,7.0,0.33,44.0,14.52
9500,WALM003,San Antonio,Fashion accessories,77.0,3,17/02/22,7:38:00,Cash,4.0,0.48,231.0,110.88
9501,WALM084,Schertz,Home and lifestyle,37.0,3,15/04/20,15:48:00,Cash,3.0,0.33,111.0,36.63
9502,WALM032,Tyler,Fashion accessories,56.0,3,30/06/23,9:18:00,Cash,4.0,0.48,168.0,80.64
9503,WALM082,Weslaco,Home and lifestyle,33.0,1,17/03/23,13:08:00,Cash,6.0,0.33,33.0,10.89
9504,WALM084,Schertz,Fashion accessories,48.0,1,20/09/23,12:45:00,Cash,4.0,0.33,48.0,15.84
9505,WALM029,Round Rock,Home and lifestyle,44.0,1,11/05/23,16:16:00,Cash,5.0,0.48,44.0,21.12
9506,WALM003,San Antonio,Fashion accessories,19.0,1,27/06/20,9:54:00,Cash,6.0,0.48,19.0,9.12
9507,WALM099,Weatherford,Home and lifestyle,39.0,1,14/10/20,13:44:00,Cash,7.0,0.18,39.0,7.02
9508,WALM058,Port Arthur,Fashion accessories,33.0,3,26/06/21,12:04:00,Cash,4.0,0.33,99.0,32.67
9509,WALM082,Weslaco,Home and lifestyle,39.0,1,21/04/23,13:43:00,Cash,4.0,0.33,39.0,12.87
9510,WALM009,Plano,Fashion accessories,83.0,3,02/08/22,13:03:00,Cash,7.0,0.48,249.0,119.52
9511,WALM086,Rosenberg,Home and lifestyle,32.0,2,13/01/20,16:48:00,Cash,5.0,0.33,64.0,21.12
9512,WALM058,Port Arthur,Fashion accessories,15.0,1,13/05/21,7:26:00,Cash,3.0,0.33,15.0,4.95
9513,WALM075,San Marcos,Home and lifestyle,51.0,2,13/07/21,6:14:00,Cash,5.0,0.33,102.0,33.66
9514,WALM084,Schertz,Fashion accessories,51.0,2,04/03/20,6:36:00,Cash,5.0,0.33,102.0,33.66
9515,WALM089,Southlake,Home and lifestyle,68.0,2,18/01/21,11:53:00,Cash,6.0,0.33,136.0,44.88
9516,WALM025,Waco,Fashion accessories,45.0,1,04/10/21,12:38:00,Cash,7.0,0.48,45.0,21.6
9517,WALM003,San Antonio,Home and lifestyle,52.0,2,27/02/20,15:06:00,Cash,6.0,0.48,104.0,49.92
9518,WALM065,Texas City,Fashion accessories,78.0,1,30/01/22,13:10:00,Cash,4.0,0.33,78.0,25.74
9519,WALM054,Sherman,Home and lifestyle,83.0,2,01/05/20,12:04:00,Cash,6.0,0.21,166.0,34.86
9520,WALM054,Sherman,Fashion accessories,15.0,1,14/05/21,10:51:00,Cash,7.0,0.33,15.0,4.95
9521,WALM099,Weatherford,Home and lifestyle,81.0,3,05/01/23,8:42:00,Cash,6.0,0.18,243.0,43.74
9522,WALM089,Southlake,Fashion accessories,55.0,2,13/03/22,8:10:00,Cash,3.0,0.33,110.0,36.3
9523,WALM082,Weslaco,Home and lifestyle,30.0,1,16/07/22,8:25:00,Cash,4.0,0.33,30.0,9.9
9524,WALM046,Temple,Fashion accessories,82.0,1,11/05/20,7:25:00,Cash,4.0,0.48,82.0,39.36
9525,WALM025,Waco,Home and lifestyle,79.0,1,06/02/20,10:08:00,Cash,3.0,0.48,79.0,37.92
9526,WALM032,Tyler,Fashion accessories,43.0,2,13/12/22,13:20:00,Cash,4.0,0.48,86.0,41.28
9527,WALM074,Weslaco,Home and lifestyle,45.0,2,06/11/22,11:43:00,Cash,7.0,0.33,90.0,29.7
9528,WALM038,Sugar Land,Fashion accessories,48.0,3,26/05/23,11:34:00,Cash,7.0,0.48,144.0,69.12
9529,WALM030,Richardson,Home and lifestyle,30.0,3,31/03/21,6:52:00,Cash,4.0,0.48,90.0,43.2
9530,WALM003,San Antonio,Fashion accessories,85.0,1,12/09/23,10:07:00,Cash,7.0,0.48,85.0,40.8
9531,WALM029,Round Rock,Home and lifestyle,56.0,2,02/08/20,12:04:00,Cash,3.0,0.48,112.0,53.76
9532,WALM009,Plano,Fashion accessories,78.0,3,25/11/21,15:41:00,Cash,6.0,0.48,234.0,112.32
9533,WALM082,Weslaco,Home and lifestyle,64.0,3,12/11/23,10:58:00,Cash,6.0,0.33,192.0,63.36
9534,WALM003,San Antonio,Fashion accessories,64.0,2,12/05/21,14:49:00,Cash,6.0,0.48,128.0,61.44
9535,WALM087,Waxahachie,Home and lifestyle,54.0,2,29/11/22,16:42:00,Cash,5.0,0.33,108.0,35.64
9536,WALM099,Weatherford,Fashion accessories,15.0,1,03/07/23,6:48:00,Cash,4.0,0.18,15.0,2.7
9537,WALM050,Victoria,Home and lifestyle,17.0,3,03/01/23,13:11:00,Credit card,5.0,0.48,51.0,24.48
9538,WALM089,Southlake,Fashion accessories,33.0,3,24/06/22,6:43:00,Cash,6.0,0.33,99.0,32.67
9539,WALM046,Temple,Home and lifestyle,83.0,3,03/07/21,15:40:00,Cash,3.0,0.48,249.0,119.52
9540,WALM050,Victoria,Fashion accessories,43.0,1,02/09/20,9:45:00,Credit card,6.0,0.48,43.0,20.64
9541,WALM099,Weatherford,Home and lifestyle,58.0,3,21/09/20,6:37:00,Cash,7.0,0.18,174.0,31.32
9542,WALM025,Waco,Fashion accessories,74.0,2,15/05/21,11:57:00,Cash,6.0,0.48,148.0,71.04
9543,WALM009,Plano,Home and lifestyle,45.0,3,30/03/21,9:13:00,Cash,7.0,0.48,135.0,64.8
9544,WALM089,Southlake,Fashion accessories,50.0,2,05/05/21,9:10:00,Cash,3.0,0.33,100.0,33.0
9545,WALM087,Waxahachie,Home and lifestyle,84.0,3,09/11/23,7:56:00,Cash,4.0,0.33,252.0,83.16
9546,WALM003,San Antonio,Fashion accessories,69.0,2,27/01/21,8:08:00,Cash,7.0,0.48,138.0,66.24
9547,WALM065,Texas City,Home and lifestyle,80.0,2,02/03/20,11:20:00,Cash,4.0,0.33,160.0,52.8
9548,WALM030,Richardson,Fashion accessories,30.0,2,08/11/22,9:23:00,Cash,4.0,0.48,60.0,28.8
9549,WALM084,Schertz,Home and lifestyle,70.0,2,31/07/21,7:21:00,Cash,6.0,0.33,140.0,46.2
9550,WALM009,Plano,Fashion accessories,45.0,2,10/02/22,9:14:00,Cash,7.0,0.48,90.0,43.2
9551,WALM054,Sherman,Home and lifestyle,42.0,3,13/02/20,16:51:00,Cash,7.0,0.21,126.0,26.46
9552,WALM003,San Antonio,Fashion accessories,32.0,3,08/02/22,8:34:00,Cash,6.0,0.48,96.0,46.08
9553,WALM099,Weatherford,Home and lifestyle,29.0,2,23/05/20,15:05:00,Cash,3.0,0.18,58.0,10.44
9554,WALM035,San Angelo,Fashion accessories,56.0,3,16/09/21,6:36:00,Cash,3.0,0.48,168.0,80.64
9555,WALM056,Rowlett,Home and lifestyle,46.0,3,11/06/21,7:32:00,Cash,4.0,0.33,138.0,45.54
9556,WALM099,Weatherford,Fashion accessories,31.0,1,22/05/22,16:05:00,Cash,3.0,0.18,31.0,5.58
9557,WALM074,Weslaco,Home and lifestyle,32.0,2,17/11/21,7:55:00,Cash,5.0,0.33,64.0,21.12
9558,WALM032,Tyler,Fashion accessories,49.0,1,29/07/23,7:01:00,Cash,7.0,0.48,49.0,23.52
9559,WALM058,Port Arthur,Home and lifestyle,72.0,3,24/06/23,13:29:00,Cash,3.0,0.33,216.0,71.28
9560,WALM054,Sherman,Fashion accessories,53.0,1,22/10/22,11:17:00,Cash,4.0,0.33,53.0,17.49
9561,WALM025,Waco,Home and lifestyle,46.0,1,01/06/23,15:50:00,Cash,6.0,0.48,46.0,22.08
9562,WALM089,Southlake,Fashion accessories,24.0,3,07/10/21,12:34:00,Cash,7.0,0.33,72.0,23.76
9563,WALM030,Richardson,Home and lifestyle,19.0,3,25/04/23,9:27:00,Cash,6.0,0.48,57.0,27.36
9564,WALM038,Sugar Land,Fashion accessories,73.0,2,20/09/20,8:41:00,Cash,3.0,0.48,146.0,70.08
9565,WALM099,Weatherford,Home and lifestyle,76.0,1,12/09/20,13:15:00,Cash,6.0,0.18,76.0,13.68
9566,WALM009,Plano,Fashion accessories,34.0,1,20/08/20,12:51:00,Cash,3.0,0.48,34.0,16.32
9567,WALM073,Seguin,Home and lifestyle,26.0,3,27/07/21,17:00:00,Cash,7.0,0.33,78.0,25.74
9568,WALM058,Port Arthur,Fashion accessories,39.0,2,28/02/21,13:03:00,Cash,5.0,0.33,78.0,25.74
9569,WALM073,Seguin,Home and lifestyle,42.0,2,25/02/21,8:07:00,Cash,6.0,0.33,84.0,27.72
9570,WALM058,Port Arthur,Fashion accessories,36.0,1,18/07/20,10:38:00,Cash,3.0,0.33,36.0,11.88
9571,WALM056,Rowlett,Home and lifestyle,72.0,1,08/04/20,16:02:00,Cash,5.0,0.33,72.0,23.76
9572,WALM055,Waxahachie,Fashion accessories,33.0,1,13/03/21,13:08:00,Cash,5.0,0.33,33.0,10.89
9573,WALM035,San Angelo,Home and lifestyle,47.0,2,27/02/20,9:17:00,Cash,4.0,0.48,94.0,45.12
9574,WALM087,Waxahachie,Fashion accessories,29.0,2,23/04/22,15:42:00,Cash,6.0,0.33,58.0,19.14
9575,WALM069,Rockwall,Home and lifestyle,62.0,3,18/08/22,15:32:00,Cash,4.0,0.33,186.0,61.38
9576,WALM065,Texas City,Fashion accessories,50.0,3,08/02/22,6:05:00,Cash,7.0,0.33,150.0,49.5
9577,WALM073,Seguin,Home and lifestyle,18.0,1,21/06/23,15:28:00,Cash,6.0,0.33,18.0,5.94
9578,WALM046,Temple,Fashion accessories,78.0,3,28/10/21,9:11:00,Cash,3.0,0.48,234.0,112.32
9579,WALM074,Weslaco,Home and lifestyle,85.0,2,08/07/20,8:05:00,Cash,5.0,0.33,170.0,56.1
9580,WALM099,Weatherford,Fashion accessories,63.0,3,07/05/20,15:22:00,Cash,4.0,0.18,189.0,34.02
9581,WALM073,Seguin,Home and lifestyle,66.0,3,19/07/22,16:03:00,Cash,3.0,0.33,198.0,65.34
9582,WALM056,Rowlett,Fashion accessories,54.0,1,19/02/20,8:54:00,Cash,5.0,0.33,54.0,17.82
9583,WALM065,Texas City,Home and lifestyle,32.0,1,24/12/20,11:37:00,Cash,5.0,0.33,32.0,10.56
9584,WALM056,Rowlett,Fashion accessories,59.0,3,03/03/21,12:22:00,Cash,5.0,0.33,177.0,58.41
9585,WALM025,Waco,Home and lifestyle,40.0,3,30/04/20,6:37:00,Cash,6.0,0.48,120.0,57.6
9586,WALM074,Weslaco,Fashion accessories,83.0,1,23/05/22,14:15:00,Cash,7.0,0.33,83.0,27.39
9587,WALM003,San Antonio,Home and lifestyle,24.0,2,18/09/23,11:29:00,Cash,7.0,0.48,48.0,23.04
9588,WALM086,Rosenberg,Fashion accessories,19.0,1,16/04/20,8:51:00,Cash,4.0,0.33,19.0,6.27
9589,WALM055,Waxahachie,Home and lifestyle,17.0,3,27/01/23,6:24:00,Cash,6.0,0.33,51.0,16.83
9590,WALM069,Rockwall,Fashion accessories,16.0,2,23/05/22,8:35:00,Cash,6.0,0.33,32.0,10.56
9591,WALM032,Tyler,Home and lifestyle,84.0,3,01/05/21,10:48:00,Cash,3.0,0.48,252.0,120.96
9592,WALM073,Seguin,Fashion accessories,56.0,2,30/07/20,7:19:00,Cash,7.0,0.33,112.0,36.96
9593,WALM030,Richardson,Home and lifestyle,47.0,2,13/09/20,12:34:00,Cash,7.0,0.48,94.0,45.12
9594,WALM025,Waco,Fashion accessories,67.0,3,03/07/21,11:47:00,Cash,5.0,0.48,201.0,96.48
9595,WALM025,Waco,Home and lifestyle,37.0,2,08/07/21,6:22:00,Cash,4.0,0.48,74.0,35.52
9596,WALM082,Weslaco,Fashion accessories,47.0,2,27/02/20,13:56:00,Cash,5.0,0.33,94.0,31.02
9597,WALM082,Weslaco,Home and lifestyle,75.0,3,02/02/21,6:29:00,Cash,4.0,0.33,225.0,74.25
9598,WALM009,Plano,Fashion accessories,69.0,2,13/11/23,14:11:00,Cash,6.0,0.48,138.0,66.24
9599,WALM009,Plano,Home and lifestyle,17.0,3,20/03/20,13:40:00,Cash,6.0,0.48,51.0,24.48
9600,WALM075,San Marcos,Fashion accessories,26.0,1,12/04/23,10:40:00,Cash,5.0,0.33,26.0,8.58
9601,WALM065,Texas City,Home and lifestyle,30.0,2,27/11/23,11:40:00,Cash,3.0,0.33,60.0,19.8
9602,WALM055,Waxahachie,Fashion accessories,23.0,1,24/06/20,11:36:00,Cash,7.0,0.33,23.0,7.59
9603,WALM029,Round Rock,Home and lifestyle,54.0,2,19/11/22,14:54:00,Cash,6.0,0.48,108.0,51.84
9604,WALM087,Waxahachie,Fashion accessories,16.0,1,14/09/22,9:57:00,Cash,7.0,0.33,16.0,5.28
9605,WALM035,San Angelo,Home and lifestyle,23.0,2,18/02/23,8:15:00,Cash,7.0,0.48,46.0,22.08
9606,WALM075,San Marcos,Fashion accessories,82.0,3,18/09/21,14:31:00,Cash,7.0,0.33,246.0,81.18
9607,WALM025,Waco,Home and lifestyle,80.0,1,18/10/22,13:04:00,Cash,5.0,0.48,80.0,38.4
9608,WALM009,Plano,Fashion accessories,31.0,3,24/12/23,9:28:00,Cash,4.0,0.48,93.0,44.64
9609,WALM003,San Antonio,Home and lifestyle,62.0,2,18/08/23,6:53:00,Cash,5.0,0.48,124.0,59.52
9610,WALM056,Rowlett,Fashion accessories,76.0,1,21/07/21,13:04:00,Cash,3.0,0.33,76.0,25.08
9611,WALM089,Southlake,Home and lifestyle,71.0,2,21/03/21,13:37:00,Cash,4.0,0.33,142.0,46.86
9612,WALM084,Schertz,Fashion accessories,49.0,3,27/12/20,16:24:00,Cash,7.0,0.33,147.0,48.51
9613,WALM054,Sherman,Home and lifestyle,46.0,2,07/08/22,10:46:00,Cash,5.0,0.21,92.0,19.32
9614,WALM075,San Marcos,Fashion accessories,39.0,3,07/03/21,10:13:00,Cash,4.0,0.33,117.0,38.61
9615,WALM025,Waco,Home and lifestyle,51.0,1,13/01/21,10:22:00,Cash,3.0,0.48,51.0,24.48
9616,WALM003,San Antonio,Fashion accessories,37.0,1,28/12/20,6:28:00,Cash,7.0,0.48,37.0,17.76
9617,WALM003,San Antonio,Home and lifestyle,78.0,2,22/03/21,11:26:00,Cash,3.0,0.48,156.0,74.88
9618,WALM056,Rowlett,Fashion accessories,43.0,1,28/03/23,12:40:00,Cash,6.0,0.33,43.0,14.19
9619,WALM074,Weslaco,Home and lifestyle,84.0,1,29/02/20,11:01:00,Cash,7.0,0.33,84.0,27.72
9620,WALM069,Rockwall,Fashion accessories,26.0,2,04/11/22,14:10:00,Cash,6.0,0.33,52.0,17.16
9621,WALM073,Seguin,Home and lifestyle,39.0,1,31/08/22,14:57:00,Cash,3.0,0.33,39.0,12.87
9622,WALM075,San Marcos,Fashion accessories,36.0,1,16/10/20,13:21:00,Cash,3.0,0.33,36.0,11.88
9623,WALM009,Plano,Home and lifestyle,53.0,3,06/04/21,7:39:00,Cash,5.0,0.48,159.0,76.32
9624,WALM050,Victoria,Fashion accessories,79.0,2,27/08/20,8:23:00,Credit card,3.0,0.48,158.0,75.84
9625,WALM075,San Marcos,Home and lifestyle,70.0,1,30/03/20,15:05:00,Cash,4.0,0.33,70.0,23.1
9626,WALM065,Texas City,Fashion accessories,30.0,1,13/02/21,8:51:00,Cash,3.0,0.33,30.0,9.9
9627,WALM089,Southlake,Home and lifestyle,61.0,3,19/05/20,9:02:00,Cash,4.0,0.33,183.0,60.39
9628,WALM030,Richardson,Fashion accessories,74.0,3,22/03/23,12:54:00,Cash,7.0,0.48,222.0,106.56
9629,WALM056,Rowlett,Home and lifestyle,49.0,1,28/11/22,16:53:00,Cash,4.0,0.33,49.0,16.17
9630,WALM003,San Antonio,Fashion accessories,80.0,2,16/03/20,12:15:00,Cash,7.0,0.48,160.0,76.8
9631,WALM074,Weslaco,Home and lifestyle,42.0,3,19/11/23,8:42:00,Cash,7.0,0.33,126.0,41.58
9632,WALM084,Schertz,Fashion accessories,69.0,2,15/04/22,9:59:00,Cash,4.0,0.33,138.0,45.54
9633,WALM009,Plano,Home and lifestyle,36.0,3,06/01/21,14:26:00,Cash,3.0,0.48,108.0,51.84
9634,WALM065,Texas City,Fashion accessories,45.0,3,20/01/21,10:14:00,Cash,6.0,0.33,135.0,44.55
9635,WALM050,Victoria,Home and lifestyle,27.0,2,30/08/22,7:02:00,Credit card,6.0,0.48,54.0,25.92
9636,WALM075,San Marcos,Fashion accessories,77.0,2,17/09/20,14:03:00,Cash,3.0,0.33,154.0,50.82
9637,WALM003,San Antonio,Home and lifestyle,78.0,3,29/07/22,11:04:00,Cash,5.0,0.48,234.0,112.32
9638,WALM032,Tyler,Fashion accessories,42.0,1,16/12/22,9:19:00,Cash,4.0,0.48,42.0,20.16
9639,WALM084,Schertz,Home and lifestyle,42.0,1,21/10/22,10:23:00,Cash,3.0,0.33,42.0,13.86
9640,WALM029,Round Rock,Fashion accessories,57.0,1,01/07/20,6:37:00,Cash,7.0,0.48,57.0,27.36
9641,WALM035,San Angelo,Home and lifestyle,17.0,1,17/11/20,12:49:00,Cash,6.0,0.48,17.0,8.16
9642,WALM074,Weslaco,Fashion accessories,67.0,2,01/07/23,6:50:00,Cash,3.0,0.33,134.0,44.22
9643,WALM084,Schertz,Home and lifestyle,22.0,3,16/04/20,12:32:00,Cash,5.0,0.33,66.0,21.78
9644,WALM046,Temple,Fashion accessories,28.0,2,12/01/21,10:57:00,Cash,3.0,0.48,56.0,26.88
9645,WALM029,Round Rock,Home and lifestyle,28.0,3,30/08/20,7:53:00,Cash,4.0,0.48,84.0,40.32
9646,WALM046,Temple,Fashion accessories,29.0,3,25/01/23,16:22:00,Cash,7.0,0.48,87.0,41.76
9647,WALM032,Tyler,Home and lifestyle,30.0,3,07/12/20,9:16:00,Cash,6.0,0.48,90.0,43.2
9648,WALM099,Weatherford,Fashion accessories,55.0,3,25/01/23,16:54:00,Cash,7.0,0.18,165.0,29.7
9649,WALM009,Plano,Home and lifestyle,63.0,2,26/08/21,14:39:00,Cash,4.0,0.48,126.0,60.48
9650,WALM056,Rowlett,Fashion accessories,32.0,1,22/11/23,8:41:00,Cash,5.0,0.33,32.0,10.56
9651,WALM084,Schertz,Home and lifestyle,84.0,1,11/02/20,13:04:00,Cash,5.0,0.33,84.0,27.72
9652,WALM069,Rockwall,Fashion accessories,15.0,1,22/06/20,13:08:00,Cash,4.0,0.33,15.0,4.95
9653,WALM099,Weatherford,Home and lifestyle,85.0,2,12/07/22,7:11:00,Cash,5.0,0.18,170.0,30.6
9654,WALM032,Tyler,Fashion accessories,25.0,3,04/05/20,16:10:00,Cash,6.0,0.48,75.0,36.0
9655,WALM050,Victoria,Home and lifestyle,52.0,2,28/02/21,12:56:00,Credit card,7.0,0.48,104.0,49.92
9656,WALM065,Texas City,Fashion accessories,56.0,1,19/06/20,10:09:00,Cash,5.0,0.33,56.0,18.48
9657,WALM030,Richardson,Home and lifestyle,33.0,1,04/09/20,15:19:00,Cash,5.0,0.48,33.0,15.84
9658,WALM009,Plano,Fashion accessories,60.0,2,17/07/20,7:37:00,Cash,6.0,0.48,120.0,57.6
9659,WALM087,Waxahachie,Home and lifestyle,47.0,1,22/05/20,15:01:00,Cash,7.0,0.33,47.0,15.51
9660,WALM038,Sugar Land,Fashion accessories,62.0,1,19/12/20,15:06:00,Cash,6.0,0.48,62.0,29.76
9661,WALM055,Waxahachie,Home and lifestyle,55.0,2,31/05/20,12:12:00,Cash,4.0,0.33,110.0,36.3
9662,WALM035,San Angelo,Fashion accessories,27.0,3,12/10/22,13:12:00,Cash,6.0,0.48,81.0,38.88
9663,WALM029,Round Rock,Home and lifestyle,64.0,3,23/04/23,12:39:00,Cash,6.0,0.48,192.0,92.16
9664,WALM055,Waxahachie,Fashion accessories,47.0,3,19/12/22,14:08:00,Cash,7.0,0.33,141.0,46.53
9665,WALM056,Rowlett,Home and lifestyle,66.0,2,11/02/21,15:59:00,Cash,7.0,0.33,132.0,43.56
9666,WALM073,Seguin,Fashion accessories,50.0,3,16/05/20,11:49:00,Cash,6.0,0.33,150.0,49.5
9667,WALM058,Port Arthur,Home and lifestyle,76.0,3,26/11/23,10:05:00,Cash,6.0,0.33,228.0,75.24
9668,WALM074,Weslaco,Fashion accessories,15.0,1,11/09/23,13:24:00,Cash,3.0,0.33,15.0,4.95
9669,WALM032,Tyler,Home and lifestyle,59.0,3,15/09/22,8:08:00,Cash,5.0,0.48,177.0,84.96
9670,WALM055,Waxahachie,Fashion accessories,76.0,2,13/11/23,9:11:00,Cash,4.0,0.33,152.0,50.16
9671,WALM054,Sherman,Home and lifestyle,44.0,1,29/10/20,11:55:00,Cash,7.0,0.21,44.0,9.24
9672,WALM073,Seguin,Fashion accessories,65.0,1,24/04/20,14:04:00,Cash,6.0,0.33,65.0,21.45
9673,WALM099,Weatherford,Home and lifestyle,36.0,2,25/12/22,13:01:00,Cash,7.0,0.18,72.0,12.96
9674,WALM054,Sherman,Fashion accessories,21.0,1,25/03/20,15:29:00,Cash,4.0,0.33,21.0,6.93
9675,WALM025,Waco,Home and lifestyle,36.0,1,25/02/22,9:55:00,Cash,4.0,0.48,36.0,17.28
9676,WALM038,Sugar Land,Fashion accessories,18.0,3,15/05/21,7:21:00,Cash,5.0,0.48,54.0,25.92
9677,WALM099,Weatherford,Home and lifestyle,36.0,2,04/03/21,7:47:00,Cash,7.0,0.18,72.0,12.96
9678,WALM046,Temple,Fashion accessories,42.0,1,02/03/22,12:37:00,Cash,3.0,0.48,42.0,20.16
9679,WALM054,Sherman,Home and lifestyle,18.0,1,15/07/21,15:59:00,Cash,5.0,0.21,18.0,3.78
9680,WALM089,Southlake,Fashion accessories,32.0,2,11/01/21,11:56:00,Cash,5.0,0.33,64.0,21.12
9681,WALM089,Southlake,Home and lifestyle,43.0,3,15/03/22,8:01:00,Cash,6.0,0.33,129.0,42.57
9682,WALM086,Rosenberg,Fashion accessories,38.0,1,04/01/20,12:44:00,Cash,6.0,0.33,38.0,12.54
9683,WALM058,Port Arthur,Home and lifestyle,43.0,2,24/09/21,13:09:00,Cash,5.0,0.33,86.0,28.38
9684,WALM056,Rowlett,Fashion accessories,72.0,1,13/06/20,9:58:00,Cash,5.0,0.33,72.0,23.76
9685,WALM055,Waxahachie,Home and lifestyle,49.0,3,05/03/23,11:09:00,Cash,5.0,0.33,147.0,48.51
9686,WALM058,Port Arthur,Fashion accessories,36.0,1,26/03/20,7:59:00,Cash,6.0,0.33,36.0,11.88
9687,WALM046,Temple,Home and lifestyle,16.0,3,26/01/22,10:58:00,Cash,6.0,0.48,48.0,23.04
9688,WALM003,San Antonio,Fashion accessories,45.0,1,09/02/21,14:30:00,Cash,7.0,0.48,45.0,21.6
9689,WALM038,Sugar Land,Home and lifestyle,80.0,1,16/01/21,13:21:00,Cash,5.0,0.48,80.0,38.4
9690,WALM074,Weslaco,Fashion accessories,56.0,3,01/03/23,16:22:00,Cash,3.0,0.33,168.0,55.44
9691,WALM087,Waxahachie,Home and lifestyle,60.0,3,30/11/21,16:55:00,Cash,6.0,0.33,180.0,59.4
9692,WALM082,Weslaco,Fashion accessories,55.0,3,14/12/23,10:54:00,Cash,7.0,0.33,165.0,54.45
9693,WALM029,Round Rock,Home and lifestyle,61.0,2,30/07/21,8:37:00,Cash,4.0,0.48,122.0,58.56
9694,WALM069,Rockwall,Fashion accessories,66.0,3,02/10/23,8:24:00,Cash,3.0,0.33,198.0,65.34
9695,WALM056,Rowlett,Home and lifestyle,75.0,3,14/11/20,10:31:00,Cash,7.0,0.33,225.0,74.25
9696,WALM089,Southlake,Fashion accessories,80.0,2,04/07/23,16:01:00,Cash,5.0,0.33,160.0,52.8
9697,WALM065,Texas City,Home and lifestyle,71.0,1,23/05/23,16:15:00,Cash,7.0,0.33,71.0,23.43
9698,WALM032,Tyler,Fashion accessories,53.0,1,23/08/20,12:36:00,Cash,7.0,0.48,53.0,25.44
9699,WALM082,Weslaco,Home and lifestyle,50.0,2,16/12/21,7:53:00,Cash,6.0,0.33,100.0,33.0
9700,WALM073,Seguin,Fashion accessories,51.0,2,03/09/20,12:45:00,Cash,4.0,0.33,102.0,33.66
9701,WALM074,Weslaco,Home and lifestyle,81.0,2,10/07/21,11:43:00,Cash,3.0,0.33,162.0,53.46
9702,WALM087,Waxahachie,Fashion accessories,39.0,3,11/11/20,15:58:00,Cash,6.0,0.33,117.0,38.61
9703,WALM099,Weatherford,Home and lifestyle,17.0,2,05/08/20,8:37:00,Cash,6.0,0.18,34.0,6.12
9704,WALM032,Tyler,Fashion accessories,44.0,2,31/12/21,12:08:00,Cash,7.0,0.48,88.0,42.24
9705,WALM054,Sherman,Home and lifestyle,75.0,1,21/10/23,10:09:00,Cash,3.0,0.21,75.0,15.75
9706,WALM074,Weslaco,Fashion accessories,66.0,2,19/10/20,13:50:00,Cash,3.0,0.33,132.0,43.56
9707,WALM038,Sugar Land,Home and lifestyle,45.0,3,01/08/21,13:32:00,Cash,7.0,0.48,135.0,64.8
9708,WALM025,Waco,Fashion accessories,22.0,1,14/12/23,11:29:00,Cash,4.0,0.48,22.0,10.56
9709,WALM089,Southlake,Home and lifestyle,54.0,1,23/05/22,15:56:00,Cash,7.0,0.33,54.0,17.82
9710,WALM069,Rockwall,Fashion accessories,28.0,1,17/03/23,7:25:00,Cash,5.0,0.33,28.0,9.24
9711,WALM035,San Angelo,Home and lifestyle,66.0,3,06/11/23,9:07:00,Cash,5.0,0.48,198.0,95.04
9712,WALM050,Victoria,Fashion accessories,67.0,1,15/01/23,8:39:00,Credit card,7.0,0.48,67.0,32.16
9713,WALM046,Temple,Home and lifestyle,47.0,3,27/02/20,12:11:00,Cash,3.0,0.48,141.0,67.68
9714,WALM050,Victoria,Fashion accessories,26.0,2,30/01/22,9:36:00,Credit card,4.0,0.48,52.0,24.96
9715,WALM074,Weslaco,Home and lifestyle,19.0,1,13/01/21,14:07:00,Cash,5.0,0.33,19.0,6.27
9716,WALM065,Texas City,Fashion accessories,63.0,1,18/01/23,15:00:00,Cash,6.0,0.33,63.0,20.79
9717,WALM089,Southlake,Home and lifestyle,68.0,3,26/08/23,7:12:00,Cash,6.0,0.33,204.0,67.32
9718,WALM038,Sugar Land,Fashion accessories,68.0,2,04/12/23,14:13:00,Cash,7.0,0.48,136.0,65.28
9719,WALM029,Round Rock,Home and lifestyle,32.0,3,25/08/21,15:00:00,Cash,7.0,0.48,96.0,46.08
9720,WALM099,Weatherford,Fashion accessories,23.0,3,09/11/22,10:52:00,Cash,5.0,0.18,69.0,12.42
9721,WALM069,Rockwall,Home and lifestyle,28.0,3,24/11/23,11:10:00,Cash,4.0,0.33,84.0,27.72
9722,WALM056,Rowlett,Fashion accessories,68.0,1,19/06/23,9:46:00,Cash,6.0,0.33,68.0,22.44
9723,WALM025,Waco,Home and lifestyle,38.0,1,19/12/20,6:20:00,Cash,6.0,0.48,38.0,18.24
9724,WALM082,Weslaco,Fashion accessories,37.0,3,19/06/20,10:38:00,Cash,5.0,0.33,111.0,36.63
9725,WALM086,Rosenberg,Home and lifestyle,79.0,2,03/11/21,14:06:00,Cash,4.0,0.33,158.0,52.14
9726,WALM075,San Marcos,Fashion accessories,29.0,3,16/09/20,6:07:00,Cash,4.0,0.33,87.0,28.71
9727,WALM046,Temple,Home and lifestyle,61.0,3,06/09/22,10:33:00,Cash,5.0,0.48,183.0,87.84
9728,WALM058,Port Arthur,Fashion accessories,49.0,2,30/05/23,16:17:00,Cash,7.0,0.33,98.0,32.34
9729,WALM025,Waco,Home and lifestyle,53.0,1,24/11/22,14:06:00,Cash,4.0,0.48,53.0,25.44
9730,WALM025,Waco,Fashion accessories,40.0,3,30/08/22,6:35:00,Cash,3.0,0.48,120.0,57.6
9731,WALM025,Waco,Home and lifestyle,41.0,1,24/05/20,14:28:00,Cash,7.0,0.48,41.0,19.68
9732,WALM089,Southlake,Fashion accessories,29.0,1,06/11/20,8:18:00,Cash,5.0,0.33,29.0,9.57
9733,WALM058,Port Arthur,Home and lifestyle,62.0,3,23/12/21,10:04:00,Cash,4.0,0.33,186.0,61.38
9734,WALM099,Weatherford,Fashion accessories,46.0,2,06/04/20,10:29:00,Cash,5.0,0.18,92.0,16.56
9735,WALM084,Schertz,Home and lifestyle,55.0,1,13/06/23,9:07:00,Cash,5.0,0.33,55.0,18.15
9736,WALM009,Plano,Fashion accessories,67.0,2,19/02/20,12:11:00,Cash,4.0,0.48,134.0,64.32
9737,WALM003,San Antonio,Home and lifestyle,42.0,1,25/01/20,8:54:00,Cash,7.0,0.48,42.0,20.16
9738,WALM054,Sherman,Fashion accessories,42.0,1,04/02/22,12:21:00,Cash,7.0,0.33,42.0,13.86
9739,WALM084,Schertz,Home and lifestyle,63.0,1,11/04/20,11:56:00,Cash,7.0,0.33,63.0,20.79
9740,WALM069,Rockwall,Fashion accessories,81.0,3,21/12/20,13:42:00,Cash,7.0,0.33,243.0,80.19
9741,WALM056,Rowlett,Home and lifestyle,29.0,1,09/10/20,9:53:00,Cash,5.0,0.33,29.0,9.57
9742,WALM069,Rockwall,Fashion accessories,75.0,3,11/07/22,6:20:00,Cash,3.0,0.33,225.0,74.25
9743,WALM069,Rockwall,Home and lifestyle,43.0,3,18/02/20,10:51:00,Cash,4.0,0.33,129.0,42.57
9744,WALM084,Schertz,Fashion accessories,78.0,2,19/09/21,14:32:00,Cash,5.0,0.33,156.0,51.48
9745,WALM087,Waxahachie,Home and lifestyle,24.0,3,14/03/22,12:15:00,Cash,3.0,0.33,72.0,23.76
9746,WALM069,Rockwall,Fashion accessories,24.0,3,19/07/23,7:32:00,Cash,5.0,0.33,72.0,23.76
9747,WALM050,Victoria,Home and lifestyle,19.0,1,17/08/23,10:04:00,Credit card,4.0,0.48,19.0,9.12
9748,WALM055,Waxahachie,Fashion accessories,50.0,2,24/03/20,9:34:00,Cash,5.0,0.33,100.0,33.0
9749,WALM087,Waxahachie,Home and lifestyle,26.0,1,01/10/22,14:04:00,Cash,6.0,0.33,26.0,8.58
9750,WALM089,Southlake,Fashion accessories,68.0,1,26/07/20,16:30:00,Cash,3.0,0.33,68.0,22.44
9751,WALM075,San Marcos,Home and lifestyle,19.0,2,09/09/22,12:04:00,Cash,7.0,0.33,38.0,12.54
9752,WALM056,Rowlett,Fashion accessories,73.0,2,11/02/22,16:57:00,Cash,6.0,0.33,146.0,48.18
9753,WALM003,San Antonio,Home and lifestyle,48.0,1,04/02/20,12:07:00,Cash,5.0,0.48,48.0,23.04
9754,WALM054,Sherman,Fashion accessories,33.0,3,14/02/20,10:54:00,Cash,6.0,0.33,99.0,32.67
9755,WALM056,Rowlett,Home and lifestyle,36.0,1,18/06/23,10:59:00,Cash,5.0,0.33,36.0,11.88
9756,WALM074,Weslaco,Fashion accessories,35.0,2,23/03/23,11:08:00,Cash,3.0,0.33,70.0,23.1
9757,WALM084,Schertz,Home and lifestyle,46.0,2,19/02/21,10:46:00,Cash,6.0,0.33,92.0,30.36
9758,WALM038,Sugar Land,Fashion accessories,52.0,3,05/03/20,13:03:00,Cash,6.0,0.48,156.0,74.88
9759,WALM089,Southlake,Home and lifestyle,33.0,1,27/11/23,8:47:00,Cash,7.0,0.33,33.0,10.89
9760,WALM099,Weatherford,Fashion accessories,34.0,2,25/12/23,15:08:00,Cash,5.0,0.18,68.0,12.24
9761,WALM074,Weslaco,Home and lifestyle,39.0,2,17/10/22,16:27:00,Cash,4.0,0.33,78.0,25.74
9762,WALM058,Port Arthur,Fashion accessories,66.0,1,16/11/21,8:32:00,Cash,6.0,0.33,66.0,21.78
9763,WALM009,Plano,Home and lifestyle,17.0,1,24/04/22,11:11:00,Cash,4.0,0.48,17.0,8.16
9764,WALM055,Waxahachie,Fashion accessories,48.0,2,29/03/23,6:36:00,Cash,6.0,0.33,96.0,31.68
9765,WALM084,Schertz,Home and lifestyle,34.0,3,18/09/22,8:19:00,Cash,3.0,0.33,102.0,33.66
9766,WALM054,Sherman,Fashion accessories,46.0,2,08/02/20,11:18:00,Cash,4.0,0.33,92.0,30.36
9767,WALM009,Plano,Home and lifestyle,72.0,3,05/11/22,11:25:00,Cash,7.0,0.48,216.0,103.68
9768,WALM075,San Marcos,Fashion accessories,40.0,2,08/06/20,14:42:00,Cash,3.0,0.33,80.0,26.4
9769,WALM087,Waxahachie,Home and lifestyle,44.0,2,10/06/20,16:19:00,Cash,4.0,0.33,88.0,29.04
9770,WALM099,Weatherford,Fashion accessories,39.0,1,27/10/21,12:32:00,Cash,5.0,0.18,39.0,7.02
9771,WALM054,Sherman,Home and lifestyle,64.0,1,02/12/23,10:16:00,Cash,7.0,0.21,64.0,13.44
9772,WALM073,Seguin,Fashion accessories,82.0,3,11/07/21,11:12:00,Cash,6.0,0.33,246.0,81.18
9773,WALM029,Round Rock,Home and lifestyle,61.0,3,08/12/22,13:12:00,Cash,6.0,0.48,183.0,87.84
9774,WALM089,Southlake,Fashion accessories,68.0,3,01/07/21,14:04:00,Cash,5.0,0.33,204.0,67.32
9775,WALM029,Round Rock,Home and lifestyle,61.0,3,24/11/20,11:06:00,Cash,3.0,0.48,183.0,87.84
9776,WALM055,Waxahachie,Fashion accessories,29.0,2,12/04/21,14:28:00,Cash,4.0,0.33,58.0,19.14
9777,WALM035,San Angelo,Home and lifestyle,74.0,1,10/04/22,10:03:00,Cash,4.0,0.48,74.0,35.52
9778,WALM099,Weatherford,Fashion accessories,19.0,3,30/06/20,12:05:00,Cash,5.0,0.18,57.0,10.26
9779,WALM069,Rockwall,Home and lifestyle,78.0,2,18/02/23,6:55:00,Cash,5.0,0.33,156.0,51.48
9780,WALM029,Round Rock,Fashion accessories,71.0,1,24/06/21,7:39:00,Cash,5.0,0.48,71.0,34.08
9781,WALM050,Victoria,Home and lifestyle,62.0,3,24/08/21,6:45:00,Credit card,5.0,0.48,186.0,89.28
9782,WALM056,Rowlett,Fashion accessories,66.0,1,16/05/20,16:36:00,Cash,7.0,0.33,66.0,21.78
9783,WALM087,Waxahachie,Home and lifestyle,25.0,3,13/10/23,10:05:00,Cash,7.0,0.33,75.0,24.75
9784,WALM029,Round Rock,Fashion accessories,16.0,1,19/07/21,12:44:00,Cash,6.0,0.48,16.0,7.68
9785,WALM065,Texas City,Home and lifestyle,77.0,3,11/08/21,13:26:00,Cash,4.0,0.33,231.0,76.23
9786,WALM050,Victoria,Fashion accessories,24.0,1,18/03/21,10:57:00,Credit card,4.0,0.48,24.0,11.52
9787,WALM086,Rosenberg,Home and lifestyle,56.0,3,15/06/21,7:17:00,Cash,3.0,0.33,168.0,55.44
9788,WALM065,Texas City,Fashion accessories,52.0,3,21/09/23,13:50:00,Cash,4.0,0.33,156.0,51.48
9789,WALM087,Waxahachie,Home and lifestyle,56.0,2,10/03/22,8:42:00,Cash,3.0,0.33,112.0,36.96
9790,WALM055,Waxahachie,Fashion accessories,70.0,1,17/08/22,7:43:00,Cash,6.0,0.33,70.0,23.1
9791,WALM086,Rosenberg,Home and lifestyle,15.0,2,21/07/21,8:11:00,Cash,5.0,0.33,30.0,9.9
9792,WALM073,Seguin,Fashion accessories,48.0,3,31/03/23,15:44:00,Cash,5.0,0.33,144.0,47.52
9793,WALM035,San Angelo,Home and lifestyle,56.0,1,27/03/22,7:03:00,Cash,7.0,0.48,56.0,26.88
9794,WALM089,Southlake,Fashion accessories,39.0,1,10/01/22,10:52:00,Cash,4.0,0.33,39.0,12.87
9795,WALM087,Waxahachie,Home and lifestyle,67.0,1,06/02/22,13:55:00,Cash,3.0,0.33,67.0,22.11
9796,WALM082,Weslaco,Fashion accessories,76.0,1,03/10/22,15:48:00,Cash,7.0,0.33,76.0,25.08
9797,WALM003,San Antonio,Home and lifestyle,85.0,3,07/08/20,8:06:00,Cash,5.0,0.48,255.0,122.4
9798,WALM073,Seguin,Fashion accessories,41.0,1,10/03/22,8:53:00,Cash,6.0,0.33,41.0,13.53
9799,WALM055,Waxahachie,Home and lifestyle,76.0,3,03/12/22,8:28:00,Cash,5.0,0.33,228.0,75.24
9800,WALM084,Schertz,Fashion accessories,21.0,3,13/07/21,7:48:00,Cash,6.0,0.33,63.0,20.79
9801,WALM055,Waxahachie,Home and lifestyle,24.0,2,27/01/22,13:08:00,Cash,3.0,0.33,48.0,15.84
9802,WALM074,Weslaco,Fashion accessories,26.0,3,10/08/23,16:24:00,Cash,3.0,0.33,78.0,25.74
9803,WALM029,Round Rock,Home and lifestyle,34.0,1,14/07/22,9:11:00,Cash,4.0,0.48,34.0,16.32
9804,WALM025,Waco,Fashion accessories,45.0,1,20/01/20,6:45:00,Cash,5.0,0.48,45.0,21.6
9805,WALM087,Waxahachie,Home and lifestyle,31.0,3,31/12/23,10:38:00,Cash,6.0,0.33,93.0,30.69
9806,WALM025,Waco,Fashion accessories,52.0,1,01/03/23,13:34:00,Cash,6.0,0.48,52.0,24.96
9807,WALM056,Rowlett,Home and lifestyle,33.0,2,07/01/21,15:40:00,Cash,6.0,0.33,66.0,21.78
9808,WALM089,Southlake,Fashion accessories,47.0,2,31/10/22,9:23:00,Cash,4.0,0.33,94.0,31.02
9809,WALM069,Rockwall,Home and lifestyle,68.0,1,26/04/21,7:22:00,Cash,3.0,0.33,68.0,22.44
9810,WALM074,Weslaco,Fashion accessories,30.0,3,24/01/21,16:49:00,Cash,4.0,0.33,90.0,29.7
9811,WALM009,Plano,Home and lifestyle,84.0,3,05/08/20,8:39:00,Cash,4.0,0.48,252.0,120.96
9812,WALM075,San Marcos,Fashion accessories,78.0,1,10/10/20,10:15:00,Cash,7.0,0.33,78.0,25.74
9813,WALM035,San Angelo,Home and lifestyle,85.0,2,11/03/23,14:04:00,Cash,7.0,0.48,170.0,81.6
9814,WALM035,San Angelo,Fashion accessories,71.0,3,01/10/23,11:32:00,Cash,6.0,0.48,213.0,102.24
9815,WALM074,Weslaco,Home and lifestyle,31.0,1,27/02/21,13:11:00,Cash,4.0,0.33,31.0,10.23
9816,WALM073,Seguin,Fashion accessories,17.0,2,30/11/22,7:38:00,Cash,5.0,0.33,34.0,11.22
9817,WALM069,Rockwall,Home and lifestyle,27.0,2,23/03/21,9:20:00,Cash,6.0,0.33,54.0,17.82
9818,WALM055,Waxahachie,Fashion accessories,78.0,3,15/05/20,15:36:00,Cash,3.0,0.33,234.0,77.22
9819,WALM089,Southlake,Home and lifestyle,34.0,2,25/03/23,7:03:00,Cash,7.0,0.33,68.0,22.44
9820,WALM009,Plano,Fashion accessories,22.0,1,14/01/22,11:21:00,Cash,6.0,0.48,22.0,10.56
9821,WALM069,Rockwall,Home and lifestyle,26.0,3,17/02/22,9:29:00,Cash,3.0,0.33,78.0,25.74
9822,WALM075,San Marcos,Fashion accessories,36.0,3,28/08/23,16:36:00,Cash,5.0,0.33,108.0,35.64
9823,WALM032,Tyler,Home and lifestyle,65.0,3,19/03/23,14:56:00,Cash,3.0,0.48,195.0,93.6
9824,WALM075,San Marcos,Fashion accessories,24.0,1,13/07/20,11:33:00,Cash,3.0,0.33,24.0,7.92
9825,WALM029,Round Rock,Home and lifestyle,54.0,1,13/10/20,15:17:00,Cash,7.0,0.48,54.0,25.92
9826,WALM029,Round Rock,Fashion accessories,58.0,3,24/01/20,10:33:00,Cash,5.0,0.48,174.0,83.52
9827,WALM055,Waxahachie,Home and lifestyle,56.0,2,21/08/21,11:53:00,Cash,5.0,0.33,112.0,36.96
9828,WALM086,Rosenberg,Fashion accessories,54.0,2,06/12/21,10:51:00,Cash,4.0,0.33,108.0,35.64
9829,WALM055,Waxahachie,Home and lifestyle,83.0,1,03/04/23,9:15:00,Cash,7.0,0.33,83.0,27.39
9830,WALM046,Temple,Fashion accessories,35.0,2,24/12/20,7:58:00,Cash,4.0,0.48,70.0,33.6
9831,WALM086,Rosenberg,Home and lifestyle,69.0,1,15/01/22,10:13:00,Cash,4.0,0.33,69.0,22.77
9832,WALM065,Texas City,Fashion accessories,82.0,1,10/12/21,16:47:00,Cash,4.0,0.33,82.0,27.06
9833,WALM025,Waco,Home and lifestyle,68.0,2,04/06/22,11:25:00,Cash,5.0,0.48,136.0,65.28
9834,WALM073,Seguin,Fashion accessories,63.0,1,23/12/22,12:52:00,Cash,5.0,0.33,63.0,20.79
9835,WALM069,Rockwall,Home and lifestyle,35.0,3,11/09/22,16:27:00,Cash,4.0,0.33,105.0,34.65
9836,WALM029,Round Rock,Fashion accessories,18.0,3,06/08/22,15:07:00,Cash,5.0,0.48,54.0,25.92
9837,WALM058,Port Arthur,Home and lifestyle,80.0,1,21/03/21,13:34:00,Cash,7.0,0.33,80.0,26.4
9838,WALM035,San Angelo,Fashion accessories,59.0,1,21/10/21,8:30:00,Cash,5.0,0.48,59.0,28.32
9839,WALM054,Sherman,Home and lifestyle,45.0,3,04/01/21,16:36:00,Cash,3.0,0.21,135.0,28.35
9840,WALM030,Richardson,Fashion accessories,69.0,3,25/01/22,7:17:00,Cash,3.0,0.48,207.0,99.36
9841,WALM082,Weslaco,Home and lifestyle,78.0,3,24/03/21,12:20:00,Cash,6.0,0.33,234.0,77.22
9842,WALM075,San Marcos,Fashion accessories,74.0,2,07/08/22,14:32:00,Cash,7.0,0.33,148.0,48.84
9843,WALM056,Rowlett,Home and lifestyle,33.0,1,08/07/21,12:21:00,Cash,5.0,0.33,33.0,10.89
9844,WALM056,Rowlett,Fashion accessories,34.0,2,10/04/22,6:46:00,Cash,7.0,0.33,68.0,22.44
9845,WALM050,Victoria,Home and lifestyle,60.0,3,23/10/22,12:35:00,Credit card,7.0,0.48,180.0,86.4
9846,WALM058,Port Arthur,Fashion accessories,48.0,1,28/07/23,8:06:00,Cash,4.0,0.33,48.0,15.84
9847,WALM065,Texas City,Home and lifestyle,78.0,1,16/09/20,16:25:00,Cash,5.0,0.33,78.0,25.74
9848,WALM035,San Angelo,Fashion accessories,33.0,1,04/04/22,16:09:00,Cash,4.0,0.48,33.0,15.84
9849,WALM065,Texas City,Home and lifestyle,38.0,3,13/03/20,10:17:00,Cash,5.0,0.33,114.0,37.62
9850,WALM038,Sugar Land,Fashion accessories,54.0,3,18/05/23,13:15:00,Cash,5.0,0.48,162.0,77.76
9851,WALM009,Plano,Home and lifestyle,52.0,2,04/01/22,10:33:00,Cash,3.0,0.48,104.0,49.92
9852,WALM056,Rowlett,Fashion accessories,25.0,3,10/07/22,11:12:00,Cash,5.0,0.33,75.0,24.75
9853,WALM058,Port Arthur,Home and lifestyle,44.0,1,24/11/22,15:42:00,Cash,7.0,0.33,44.0,14.52
9854,WALM038,Sugar Land,Fashion accessories,70.0,1,09/10/23,14:34:00,Cash,6.0,0.48,70.0,33.6
9855,WALM046,Temple,Home and lifestyle,18.0,3,28/05/22,9:51:00,Cash,6.0,0.48,54.0,25.92
9856,WALM046,Temple,Fashion accessories,81.0,1,15/11/22,7:59:00,Cash,5.0,0.48,81.0,38.88
9857,WALM074,Weslaco,Home and lifestyle,29.0,1,07/11/23,10:33:00,Cash,7.0,0.33,29.0,9.57
9858,WALM029,Round Rock,Fashion accessories,18.0,1,03/10/21,8:08:00,Cash,7.0,0.48,18.0,8.64
9859,WALM029,Round Rock,Home and lifestyle,28.0,3,03/12/21,11:03:00,Cash,3.0,0.48,84.0,40.32
9860,WALM069,Rockwall,Fashion accessories,73.0,3,21/07/22,14:00:00,Cash,4.0,0.33,219.0,72.27
9861,WALM073,Seguin,Home and lifestyle,31.0,3,09/08/21,15:20:00,Cash,4.0,0.33,93.0,30.69
9862,WALM073,Seguin,Fashion accessories,83.0,2,12/06/20,8:33:00,Cash,7.0,0.33,166.0,54.78
9863,WALM038,Sugar Land,Home and lifestyle,63.0,1,07/10/20,12:25:00,Cash,3.0,0.48,63.0,30.24
9864,WALM009,Plano,Fashion accessories,75.0,1,27/03/22,16:33:00,Cash,5.0,0.48,75.0,36.0
9865,WALM029,Round Rock,Home and lifestyle,23.0,1,15/01/20,17:00:00,Cash,3.0,0.48,23.0,11.04
9866,WALM074,Weslaco,Fashion accessories,72.0,3,30/11/20,9:36:00,Cash,3.0,0.33,216.0,71.28
9867,WALM046,Temple,Home and lifestyle,31.0,3,09/02/22,9:25:00,Cash,6.0,0.48,93.0,44.64
9868,WALM055,Waxahachie,Fashion accessories,36.0,1,06/06/21,7:42:00,Cash,7.0,0.33,36.0,11.88
9869,WALM073,Seguin,Home and lifestyle,57.0,1,22/03/22,15:19:00,Cash,7.0,0.33,57.0,18.81
9870,WALM089,Southlake,Fashion accessories,32.0,1,14/05/20,11:14:00,Cash,4.0,0.33,32.0,10.56
9871,WALM025,Waco,Home and lifestyle,29.0,1,22/07/22,8:27:00,Cash,3.0,0.48,29.0,13.92
9872,WALM056,Rowlett,Fashion accessories,47.0,2,14/03/20,8:29:00,Cash,3.0,0.33,94.0,31.02
9873,WALM029,Round Rock,Home and lifestyle,43.0,2,14/11/23,16:08:00,Cash,6.0,0.48,86.0,41.28
9874,WALM075,San Marcos,Fashion accessories,50.0,1,20/09/20,9:58:00,Cash,5.0,0.33,50.0,16.5
9875,WALM087,Waxahachie,Home and lifestyle,41.0,2,18/02/20,13:39:00,Cash,3.0,0.33,82.0,27.06
9876,WALM055,Waxahachie,Fashion accessories,48.0,2,01/08/23,10:52:00,Cash,3.0,0.33,96.0,31.68
9877,WALM025,Waco,Home and lifestyle,20.0,1,24/02/22,6:12:00,Cash,4.0,0.48,20.0,9.6
9878,WALM069,Rockwall,Fashion accessories,35.0,1,08/05/20,6:40:00,Cash,6.0,0.33,35.0,11.55
9879,WALM003,San Antonio,Home and lifestyle,29.0,1,10/01/22,13:14:00,Cash,4.0,0.48,29.0,13.92
9880,WALM086,Rosenberg,Fashion accessories,28.0,2,11/10/22,9:34:00,Cash,5.0,0.33,56.0,18.48
9881,WALM099,Weatherford,Home and lifestyle,45.0,2,29/04/23,9:27:00,Cash,4.0,0.18,90.0,16.2
9882,WALM082,Weslaco,Fashion accessories,73.0,1,25/05/23,8:03:00,Cash,5.0,0.33,73.0,24.09
9883,WALM069,Rockwall,Home and lifestyle,81.0,2,05/09/21,12:23:00,Cash,5.0,0.33,162.0,53.46
9884,WALM084,Schertz,Fashion accessories,56.0,2,27/11/20,14:13:00,Cash,6.0,0.33,112.0,36.96
9885,WALM065,Texas City,Home and lifestyle,15.0,1,29/12/23,15:06:00,Cash,7.0,0.33,15.0,4.95
9886,WALM025,Waco,Fashion accessories,67.0,2,18/01/23,6:58:00,Cash,3.0,0.48,134.0,64.32
9887,WALM032,Tyler,Home and lifestyle,75.0,3,08/02/22,12:28:00,Cash,6.0,0.48,225.0,108.0
9888,WALM029,Round Rock,Fashion accessories,29.0,1,03/05/22,13:59:00,Cash,5.0,0.48,29.0,13.92
9889,WALM065,Texas City,Home and lifestyle,84.0,1,25/12/22,6:46:00,Cash,5.0,0.33,84.0,27.72
9890,WALM038,Sugar Land,Fashion accessories,73.0,1,28/07/22,11:12:00,Cash,4.0,0.48,73.0,35.04
9891,WALM099,Weatherford,Home and lifestyle,47.0,2,01/10/22,12:49:00,Cash,5.0,0.18,94.0,16.92
9892,WALM069,Rockwall,Fashion accessories,47.0,1,10/06/21,16:10:00,Cash,3.0,0.33,47.0,15.51
9893,WALM029,Round Rock,Home and lifestyle,57.0,1,11/12/22,6:07:00,Cash,5.0,0.48,57.0,27.36
9894,WALM073,Seguin,Fashion accessories,35.0,3,01/10/23,8:42:00,Cash,5.0,0.33,105.0,34.65
9895,WALM054,Sherman,Home and lifestyle,84.0,3,18/06/21,6:59:00,Cash,4.0,0.21,252.0,52.92
9896,WALM075,San Marcos,Fashion accessories,22.0,3,05/01/20,15:57:00,Cash,3.0,0.33,66.0,21.78
9897,WALM025,Waco,Home and lifestyle,70.0,1,23/08/22,11:28:00,Cash,3.0,0.48,70.0,33.6
9898,WALM056,Rowlett,Fashion accessories,79.0,2,23/12/20,12:50:00,Cash,6.0,0.33,158.0,52.14
9899,WALM032,Tyler,Home and lifestyle,62.0,2,07/04/21,14:14:00,Cash,4.0,0.48,124.0,59.52
9900,WALM074,Weslaco,Fashion accessories,26.0,3,24/10/20,15:14:00,Cash,6.0,0.33,78.0,25.74
9901,WALM069,Rockwall,Home and lifestyle,43.0,3,14/04/22,10:01:00,Cash,7.0,0.33,129.0,42.57
9902,WALM082,Weslaco,Fashion accessories,44.0,2,18/12/23,9:39:00,Cash,5.0,0.33,88.0,29.04
9903,WALM030,Richardson,Home and lifestyle,43.0,2,27/08/20,9:10:00,Cash,3.0,0.48,86.0,41.28
9904,WALM038,Sugar Land,Fashion accessories,71.0,3,28/08/20,13:00:00,Cash,5.0,0.48,213.0,102.24
9905,WALM032,Tyler,Home and lifestyle,35.0,3,11/12/22,8:54:00,Cash,6.0,0.48,105.0,50.4
9906,WALM035,San Angelo,Fashion accessories,73.0,2,07/09/21,14:12:00,Cash,7.0,0.48,146.0,70.08
9907,WALM089,Southlake,Home and lifestyle,63.0,3,10/10/20,7:05:00,Cash,3.0,0.33,189.0,62.37
9908,WALM038,Sugar Land,Fashion accessories,39.0,2,28/02/22,6:50:00,Cash,4.0,0.48,78.0,37.44
9909,WALM099,Weatherford,Home and lifestyle,82.0,2,18/11/22,12:34:00,Cash,3.0,0.18,164.0,29.52
9910,WALM089,Southlake,Fashion accessories,31.0,3,01/05/23,15:38:00,Cash,4.0,0.33,93.0,30.69
9911,WALM029,Round Rock,Home and lifestyle,44.0,1,24/02/21,15:07:00,Cash,6.0,0.48,44.0,21.12
9912,WALM054,Sherman,Fashion accessories,27.0,2,20/06/20,13:19:00,Cash,4.0,0.33,54.0,17.82
9913,WALM082,Weslaco,Home and lifestyle,47.0,2,19/07/21,16:51:00,Cash,7.0,0.33,94.0,31.02
9914,WALM058,Port Arthur,Fashion accessories,29.0,1,12/03/20,12:13:00,Cash,7.0,0.33,29.0,9.57
9915,WALM056,Rowlett,Home and lifestyle,52.0,3,04/01/22,15:24:00,Cash,6.0,0.33,156.0,51.48
9916,WALM035,San Angelo,Fashion accessories,28.0,2,03/03/22,11:55:00,Cash,3.0,0.48,56.0,26.88
9917,WALM009,Plano,Home and lifestyle,37.0,3,25/02/22,16:49:00,Cash,5.0,0.48,111.0,53.28
9918,WALM075,San Marcos,Fashion accessories,33.0,3,04/10/20,14:39:00,Cash,3.0,0.33,99.0,32.67
9919,WALM082,Weslaco,Home and lifestyle,25.0,3,08/03/23,10:34:00,Cash,7.0,0.33,75.0,24.75
9920,WALM089,Southlake,Fashion accessories,83.0,3,30/09/20,14:22:00,Cash,3.0,0.33,249.0,82.17
9921,WALM032,Tyler,Home and lifestyle,28.0,1,23/09/23,7:49:00,Cash,4.0,0.48,28.0,13.44
9922,WALM003,San Antonio,Fashion accessories,53.0,1,11/04/21,15:51:00,Cash,5.0,0.48,53.0,25.44
9923,WALM065,Texas City,Home and lifestyle,45.0,3,17/09/23,15:17:00,Cash,6.0,0.33,135.0,44.55
9924,WALM074,Weslaco,Fashion accessories,60.0,2,06/10/20,11:43:00,Cash,5.0,0.33,120.0,39.6
9925,WALM046,Temple,Home and lifestyle,17.0,1,27/09/22,16:20:00,Cash,4.0,0.48,17.0,8.16
9926,WALM087,Waxahachie,Fashion accessories,53.0,1,27/07/21,12:45:00,Cash,7.0,0.33,53.0,17.49
9927,WALM089,Southlake,Home and lifestyle,50.0,1,11/03/23,7:18:00,Cash,7.0,0.33,50.0,16.5
9928,WALM025,Waco,Fashion accessories,38.0,2,23/11/23,8:58:00,Cash,4.0,0.48,76.0,36.48
9929,WALM029,Round Rock,Home and lifestyle,51.0,2,27/12/22,10:39:00,Cash,6.0,0.48,102.0,48.96
9930,WALM046,Temple,Fashion accessories,74.0,2,10/02/21,10:02:00,Cash,7.0,0.48,148.0,71.04
9931,WALM032,Tyler,Home and lifestyle,29.0,3,26/06/21,7:38:00,Cash,3.0,0.48,87.0,41.76
9932,WALM030,Richardson,Fashion accessories,24.0,3,05/05/21,10:15:00,Cash,4.0,0.48,72.0,34.56
9933,WALM084,Schertz,Home and lifestyle,66.0,3,24/11/20,12:21:00,Cash,3.0,0.33,198.0,65.34
9934,WALM082,Weslaco,Fashion accessories,70.0,2,10/06/20,7:17:00,Cash,3.0,0.33,140.0,46.2
9935,WALM069,Rockwall,Home and lifestyle,23.0,2,05/05/20,10:06:00,Cash,7.0,0.33,46.0,15.18
9936,WALM073,Seguin,Fashion accessories,17.0,3,05/12/22,12:12:00,Cash,7.0,0.33,51.0,16.83
9937,WALM074,Weslaco,Home and lifestyle,50.0,3,14/12/21,10:48:00,Cash,4.0,0.33,150.0,49.5
9938,WALM086,Rosenberg,Fashion accessories,41.0,3,09/08/20,12:33:00,Cash,3.0,0.33,123.0,40.59
9939,WALM029,Round Rock,Home and lifestyle,28.0,3,12/04/20,10:53:00,Cash,5.0,0.48,84.0,40.32
9940,WALM050,Victoria,Fashion accessories,22.0,1,17/07/20,7:31:00,Credit card,5.0,0.48,22.0,10.56
9941,WALM075,San Marcos,Home and lifestyle,19.0,3,28/10/21,10:14:00,Cash,7.0,0.33,57.0,18.81
9942,WALM009,Plano,Fashion accessories,72.0,2,18/04/21,13:42:00,Cash,3.0,0.48,144.0,69.12
9943,WALM030,Richardson,Home and lifestyle,48.0,1,08/01/21,8:40:00,Cash,5.0,0.48,48.0,23.04
9944,WALM082,Weslaco,Fashion accessories,67.0,2,20/11/21,6:34:00,Cash,3.0,0.33,134.0,44.22
9945,WALM009,Plano,Home and lifestyle,34.0,3,24/12/20,13:57:00,Cash,3.0,0.48,102.0,48.96
9946,WALM075,San Marcos,Fashion accessories,47.0,1,16/12/22,10:17:00,Cash,6.0,0.33,47.0,15.51
9947,WALM054,Sherman,Home and lifestyle,52.0,2,23/08/21,6:35:00,Cash,5.0,0.21,104.0,21.84
9948,WALM087,Waxahachie,Fashion accessories,21.0,3,21/11/22,6:44:00,Cash,7.0,0.33,63.0,20.79
9949,WALM069,Rockwall,Home and lifestyle,37.0,2,19/12/20,8:47:00,Cash,6.0,0.33,74.0,24.42
9950,WALM038,Sugar Land,Fashion accessories,17.0,1,27/11/23,9:15:00,Cash,3.0,0.48,17.0,8.16
9951,WALM082,Weslaco,Home and lifestyle,58.0,2,08/07/20,12:39:00,Cash,6.0,0.33,116.0,38.28
9952,WALM035,San Angelo,Fashion accessories,76.0,3,02/10/21,16:34:00,Cash,6.0,0.48,228.0,109.44
9953,WALM084,Schertz,Home and lifestyle,68.0,3,13/06/21,10:52:00,Cash,5.0,0.33,204.0,67.32
9954,WALM046,Temple,Fashion accessories,40.0,1,22/08/20,14:38:00,Cash,6.0,0.48,40.0,19.2
9955,WALM054,Sherman,Home and lifestyle,61.0,3,05/12/21,7:46:00,Cash,3.0,0.21,183.0,38.43
9956,WALM003,San Antonio,Fashion accessories,17.0,3,29/10/20,7:13:00,Cash,4.0,0.48,51.0,24.48
9957,WALM029,Round Rock,Home and lifestyle,53.0,1,20/06/23,13:41:00,Cash,4.0,0.48,53.0,25.44
9958,WALM084,Schertz,Fashion accessories,35.0,2,10/04/22,14:58:00,Cash,7.0,0.33,70.0,23.1
9959,WALM065,Texas City,Home and lifestyle,36.0,1,11/03/22,10:26:00,Cash,4.0,0.33,36.0,11.88
9960,WALM054,Sherman,Fashion accessories,42.0,1,10/12/22,9:56:00,Cash,3.0,0.33,42.0,13.86
9961,WALM046,Temple,Home and lifestyle,70.0,3,02/05/22,6:19:00,Cash,3.0,0.48,210.0,100.8
9962,WALM035,San Angelo,Fashion accessories,53.0,2,14/08/21,16:01:00,Cash,7.0,0.48,106.0,50.88
9963,WALM038,Sugar Land,Home and lifestyle,70.0,2,14/10/20,13:04:00,Cash,6.0,0.48,140.0,67.2
9964,WALM025,Waco,Fashion accessories,60.0,3,20/05/21,7:33:00,Cash,7.0,0.48,180.0,86.4
9965,WALM035,San Angelo,Home and lifestyle,68.0,1,06/04/23,15:34:00,Cash,6.0,0.48,68.0,32.64
9966,WALM035,San Angelo,Fashion accessories,23.0,1,18/04/22,6:01:00,Cash,5.0,0.48,23.0,11.04
9967,WALM073,Seguin,Home and lifestyle,76.0,2,09/04/22,11:49:00,Cash,3.0,0.33,152.0,50.16
9968,WALM025,Waco,Fashion accessories,85.0,1,25/03/23,14:31:00,Cash,3.0,0.48,85.0,40.8
9969,WALM058,Port Arthur,Home and lifestyle,42.0,3,12/04/21,9:38:00,Cash,3.0,0.33,126.0,41.58
9970,WALM046,Temple,Fashion accessories,26.0,2,16/04/20,15:23:00,Cash,7.0,0.48,52.0,24.96
9971,WALM099,Weatherford,Home and lifestyle,83.0,1,02/11/22,15:54:00,Cash,6.0,0.18,83.0,14.94
9972,WALM009,Plano,Fashion accessories,24.0,1,02/03/21,16:53:00,Cash,7.0,0.48,24.0,11.52
9973,WALM065,Texas City,Home and lifestyle,53.0,3,29/11/21,8:24:00,Cash,6.0,0.33,159.0,52.47
9974,WALM065,Texas City,Fashion accessories,52.0,1,19/02/20,12:40:00,Cash,7.0,0.33,52.0,17.16
9975,WALM074,Weslaco,Home and lifestyle,24.0,3,20/06/21,10:18:00,Cash,4.0,0.33,72.0,23.76
9976,WALM056,Rowlett,Fashion accessories,71.0,1,22/11/21,15:08:00,Cash,7.0,0.33,71.0,23.43
9977,WALM029,Round Rock,Home and lifestyle,55.0,3,19/06/23,11:30:00,Cash,4.0,0.48,165.0,79.2
9978,WALM099,Weatherford,Fashion accessories,70.0,2,16/05/22,14:21:00,Cash,4.0,0.18,140.0,25.2
9979,WALM030,Richardson,Home and lifestyle,26.0,2,29/08/22,6:06:00,Cash,3.0,0.48,52.0,24.96
9980,WALM099,Weatherford,Fashion accessories,46.0,2,28/02/21,13:11:00,Cash,5.0,0.18,92.0,16.56
9981,WALM055,Waxahachie,Home and lifestyle,85.0,1,25/07/20,16:29:00,Cash,5.0,0.33,85.0,28.05
9982,WALM050,Victoria,Fashion accessories,41.0,1,27/11/20,9:51:00,Credit card,7.0,0.48,41.0,19.68
9983,WALM038,Sugar Land,Home and lifestyle,84.0,1,25/04/21,14:35:00,Cash,5.0,0.48,84.0,40.32
9984,WALM046,Temple,Fashion accessories,81.0,2,18/09/21,14:55:00,Cash,4.0,0.48,162.0,77.76
9985,WALM065,Texas City,Home and lifestyle,59.0,2,05/04/23,9:25:00,Cash,6.0,0.33,118.0,38.94
9986,WALM050,Victoria,Fashion accessories,44.0,2,09/03/22,12:34:00,Credit card,5.0,0.48,88.0,42.24
9987,WALM084,Schertz,Home and lifestyle,27.0,2,22/08/21,11:58:00,Cash,7.0,0.33,54.0,17.82
9988,WALM056,Rowlett,Fashion accessories,23.0,2,23/05/23,16:20:00,Cash,4.0,0.33,46.0,15.18
9989,WALM056,Rowlett,Home and lifestyle,83.0,1,22/10/20,12:08:00,Cash,3.0,0.33,83.0,27.39
9990,WALM086,Rosenberg,Fashion accessories,56.0,2,02/09/20,12:37:00,Cash,3.0,0.33,112.0,36.96
9991,WALM074,Weslaco,Home and lifestyle,35.0,3,09/07/20,6:38:00,Cash,5.0,0.33,105.0,34.65
9992,WALM087,Waxahachie,Fashion accessories,48.0,3,09/09/23,10:54:00,Cash,6.0,0.33,144.0,47.52
9993,WALM073,Seguin,Home and lifestyle,31.0,2,01/11/23,15:21:00,Cash,5.0,0.33,62.0,20.46
9994,WALM055,Waxahachie,Fashion accessories,34.0,1,29/04/23,14:34:00,Cash,6.0,0.33,34.0,11.22
9995,WALM030,Richardson,Home and lifestyle,62.0,1,15/02/21,9:04:00,Cash,3.0,0.48,62.0,29.76
9996,WALM056,Rowlett,Fashion accessories,37.0,3,03/08/23,10:10:00,Cash,3.0,0.33,111.0,36.63
9997,WALM030,Richardson,Home and lifestyle,58.0,2,22/02/21,14:20:00,Cash,7.0,0.48,116.0,55.68
9998,WALM050,Victoria,Fashion accessories,52.0,3,15/06/23,16:00:00,Credit card,4.0,0.48,156.0,74.88
9999,WALM032,Tyler,Home and lifestyle,79.0,2,25/02/21,12:25:00,Cash,7.0,0.48,158.0,75.84
10000,WALM069,Rockwall,Fashion accessories,62.0,3,26/09/20,9:48:00,Cash,3.0,0.33,186.0,61.38
